date,product_id,comp_a_price,comp_b_price,comp_c_price,avg_competitor_price
2024-01-01,1001,224.26,201.27,196.34,207.29
2024-01-02,1001,223.7,208.94,232.49,221.71
2024-01-03,1001,228.25,223.81,241.48,231.18
2024-01-04,1001,196.85,213.95,203.18,204.66
2024-01-05,1001,211.25,232.29,227.18,223.57
2024-01-06,1001,220.09,218.32,198.6,212.34
2024-01-07,1001,193.52,223.67,197.41,204.87
2024-01-08,1001,236.34,214.04,186.81,212.4
2024-01-09,1001,238.83,234.79,241.73,238.45
2024-01-10,1001,233.28,212.18,196.91,214.12
2024-01-11,1001,225.82,221.03,192.17,213.01
2024-01-12,1001,199.09,219.22,243.33,220.55
2024-01-13,1001,226.13,213.67,205.04,214.95
2024-01-14,1001,234.05,233.03,219.32,228.8
2024-01-15,1001,223.61,225.64,237.98,229.08
2024-01-16,1001,210.41,204.38,223.71,212.83
2024-01-17,1001,218.44,211.11,224.54,218.03
2024-01-18,1001,231.91,213.69,194.12,213.24
2024-01-19,1001,202.73,222.88,191.39,205.67
2024-01-20,1001,218.35,223.39,233.41,225.05
2024-01-21,1001,207.88,228.9,203.55,213.44
2024-01-22,1001,193.57,234.76,240.61,222.98
2024-01-23,1001,200.68,206.56,202.2,203.15
2024-01-24,1001,224.1,210.88,248.41,227.8
2024-01-25,1001,221.77,215.77,202.04,213.19
2024-01-26,1001,193.04,205.15,188.81,195.67
2024-01-27,1001,226.19,217.68,192.21,212.03
2024-01-28,1001,200.68,216.27,211.92,209.62
2024-01-29,1001,194.53,214.19,226.83,211.85
2024-01-30,1001,224.03,206.79,190.42,207.08
2024-01-31,1001,220.52,233.98,223.53,226.01
2024-02-01,1001,214.39,220.18,247.53,227.37
2024-02-02,1001,235.89,207.94,190.34,211.39
2024-02-03,1001,196.89,224.98,190.46,204.11
2024-02-04,1001,193.47,229.58,204.28,209.11
2024-02-05,1001,222.59,231.78,233.99,229.45
2024-02-06,1001,200.88,227.34,238.7,222.31
2024-02-07,1001,210.24,228.25,208.14,215.54
2024-02-08,1001,212.98,227.35,235.27,225.2
2024-02-09,1001,216.65,230.0,206.78,217.81
2024-02-10,1001,192.87,232.76,191.78,205.8
2024-02-11,1001,238.06,221.15,227.23,228.81
2024-02-12,1001,208.16,224.61,235.13,222.63
2024-02-13,1001,196.74,218.38,189.57,201.56
2024-02-14,1001,235.04,213.37,193.47,213.96
2024-02-15,1001,222.08,204.63,191.31,206.01
2024-02-16,1001,231.87,225.79,191.13,216.26
2024-02-17,1001,210.35,214.06,239.09,221.17
2024-02-18,1001,228.58,214.25,191.27,211.37
2024-02-19,1001,212.75,232.79,193.08,212.87
2024-02-20,1001,214.89,203.06,193.58,203.84
2024-02-21,1001,228.23,221.5,248.89,232.87
2024-02-22,1001,234.12,208.91,248.96,230.66
2024-02-23,1001,194.43,232.26,220.4,215.7
2024-02-24,1001,218.98,234.99,220.09,224.69
2024-02-25,1001,214.21,223.04,224.11,220.45
2024-02-26,1001,205.86,234.33,244.17,228.12
2024-02-27,1001,205.69,207.67,216.2,209.85
2024-02-28,1001,196.09,235.17,250.46,227.24
2024-02-29,1001,207.23,229.55,230.69,222.49
2024-03-01,1001,231.9,234.31,233.38,233.2
2024-03-02,1001,237.2,231.38,188.76,219.11
2024-03-03,1001,231.33,235.62,195.66,220.87
2024-03-04,1001,238.99,230.54,240.77,236.77
2024-03-05,1001,205.5,203.07,242.5,217.02
2024-03-06,1001,240.28,220.52,236.22,232.34
2024-03-07,1001,204.24,216.85,194.26,205.12
2024-03-08,1001,203.35,224.58,226.33,218.09
2024-03-09,1001,224.64,219.29,236.44,226.79
2024-03-10,1001,218.89,220.71,243.28,227.63
2024-03-11,1001,193.73,227.5,226.47,215.9
2024-03-12,1001,198.91,201.6,208.78,203.1
2024-03-13,1001,213.39,232.71,208.63,218.24
2024-03-14,1001,211.42,222.85,242.34,225.54
2024-03-15,1001,236.91,218.3,202.73,219.31
2024-03-16,1001,216.04,212.59,227.33,218.65
2024-03-17,1001,198.55,205.57,195.75,199.96
2024-03-18,1001,201.1,213.18,244.6,219.63
2024-03-19,1001,200.64,207.82,188.47,198.98
2024-03-20,1001,200.86,204.2,193.7,199.59
2024-03-21,1001,209.87,218.7,231.06,219.88
2024-03-22,1001,222.54,203.95,243.08,223.19
2024-03-23,1001,205.66,229.29,234.86,223.27
2024-03-24,1001,210.17,218.04,226.33,218.18
2024-03-25,1001,228.29,202.38,202.35,211.01
2024-03-26,1001,216.96,219.7,192.82,209.83
2024-03-27,1001,204.01,210.51,210.53,208.35
2024-03-28,1001,202.52,212.55,193.65,202.91
2024-03-29,1001,225.01,228.69,218.48,224.06
2024-03-30,1001,220.57,227.16,214.1,220.61
2024-03-31,1001,209.81,223.68,223.22,218.9
2024-04-01,1001,221.48,209.39,192.47,207.78
2024-04-02,1001,200.08,207.62,204.49,204.06
2024-04-03,1001,196.21,219.44,212.7,209.45
2024-04-04,1001,211.48,235.0,242.55,229.68
2024-04-05,1001,200.57,224.48,246.74,223.93
2024-04-06,1001,205.81,228.0,198.06,210.62
2024-04-07,1001,216.76,209.57,193.32,206.55
2024-04-08,1001,220.3,206.49,217.34,214.71
2024-04-09,1001,208.54,205.79,189.95,201.43
2024-04-10,1001,231.3,210.0,230.48,223.93
2024-04-11,1001,215.03,215.5,208.67,213.07
2024-04-12,1001,238.76,205.44,233.72,225.97
2024-04-13,1001,195.55,227.01,223.46,215.34
2024-04-14,1001,230.59,208.15,196.52,211.75
2024-04-15,1001,224.34,219.39,209.32,217.68
2024-04-16,1001,231.62,216.45,210.51,219.53
2024-04-17,1001,228.3,218.68,201.02,216.0
2024-04-18,1001,218.49,232.8,226.73,226.01
2024-04-19,1001,222.54,212.81,194.93,210.09
2024-04-20,1001,218.0,232.36,237.5,229.29
2024-04-21,1001,204.3,227.11,187.99,206.47
2024-04-22,1001,234.51,213.06,239.65,229.07
2024-04-23,1001,198.48,214.99,238.07,217.18
2024-04-24,1001,227.08,226.28,227.84,227.07
2024-04-25,1001,204.46,213.18,197.7,205.11
2024-04-26,1001,211.63,217.25,247.91,225.6
2024-04-27,1001,216.68,222.48,186.98,208.71
2024-04-28,1001,219.53,225.46,246.28,230.42
2024-04-29,1001,220.06,222.31,213.6,218.66
2024-04-30,1001,236.86,216.86,193.22,215.65
2024-05-01,1001,198.35,233.3,242.84,224.83
2024-05-02,1001,211.54,203.01,207.77,207.44
2024-05-03,1001,208.39,215.02,221.03,214.81
2024-05-04,1001,209.03,226.89,215.45,217.12
2024-05-05,1001,199.12,207.26,218.47,208.28
2024-05-06,1001,209.78,221.4,227.25,219.48
2024-05-07,1001,200.91,234.7,195.54,210.38
2024-05-08,1001,240.29,218.66,224.83,227.93
2024-05-09,1001,202.44,232.5,199.24,211.39
2024-05-10,1001,215.05,220.85,190.1,208.67
2024-05-11,1001,217.57,216.51,212.07,215.38
2024-05-12,1001,201.1,231.23,247.83,226.72
2024-05-13,1001,223.32,215.39,187.46,208.72
2024-05-14,1001,224.04,202.04,200.35,208.81
2024-05-15,1001,193.3,204.73,238.25,212.09
2024-05-16,1001,203.8,204.57,201.74,203.37
2024-05-17,1001,232.27,214.98,229.6,225.62
2024-05-18,1001,235.45,201.55,191.4,209.47
2024-05-19,1001,201.08,221.48,213.43,212.0
2024-05-20,1001,208.79,210.17,210.69,209.88
2024-05-21,1001,222.36,215.41,221.99,219.92
2024-05-22,1001,237.96,227.8,194.98,220.25
2024-05-23,1001,235.37,229.07,213.68,226.04
2024-05-24,1001,218.4,223.25,202.7,214.78
2024-05-25,1001,239.69,219.48,197.05,218.74
2024-05-26,1001,236.32,205.21,223.6,221.71
2024-05-27,1001,223.68,230.11,199.33,217.71
2024-05-28,1001,235.63,231.66,224.97,230.75
2024-05-29,1001,200.78,233.07,213.25,215.7
2024-05-30,1001,194.61,206.91,234.19,211.9
2024-05-31,1001,204.15,214.71,204.72,207.86
2024-06-01,1001,206.64,220.9,217.01,214.85
2024-06-02,1001,227.58,208.61,187.84,208.01
2024-06-03,1001,194.82,218.45,224.93,212.73
2024-06-04,1001,197.48,203.72,233.54,211.58
2024-06-05,1001,213.26,209.71,239.5,220.82
2024-06-06,1001,205.44,221.74,209.46,212.21
2024-06-07,1001,198.93,234.33,215.04,216.1
2024-06-08,1001,234.33,226.7,238.68,233.24
2024-06-09,1001,233.19,209.83,217.89,220.3
2024-06-10,1001,237.75,202.47,232.06,224.09
2024-06-11,1001,219.66,233.11,188.02,213.6
2024-06-12,1001,236.8,235.05,247.71,239.85
2024-06-13,1001,232.96,212.25,240.15,228.45
2024-06-14,1001,203.41,205.31,190.84,199.85
2024-06-15,1001,227.2,203.38,206.47,212.35
2024-06-16,1001,207.68,222.98,243.89,224.85
2024-06-17,1001,193.52,231.52,187.19,204.08
2024-06-18,1001,237.51,229.03,251.23,239.26
2024-06-19,1001,211.68,217.88,226.94,218.83
2024-06-20,1001,229.29,215.7,213.42,219.47
2024-06-21,1001,197.66,213.5,204.63,205.26
2024-06-22,1001,194.37,201.72,250.56,215.55
2024-06-23,1001,225.03,208.73,248.09,227.28
2024-06-24,1001,212.43,231.84,247.74,230.67
2024-06-25,1001,200.38,235.76,200.98,212.37
2024-06-26,1001,221.58,219.02,200.92,213.84
2024-06-27,1001,201.32,228.36,208.75,212.81
2024-06-28,1001,234.85,233.54,251.03,239.81
2024-06-29,1001,228.81,225.44,195.88,216.71
2024-06-30,1001,203.11,219.87,224.67,215.88
2024-07-01,1001,234.55,210.38,194.29,213.07
2024-07-02,1001,233.81,229.4,228.76,230.66
2024-07-03,1001,211.99,214.13,202.83,209.65
2024-07-04,1001,196.25,208.79,230.6,211.88
2024-07-05,1001,216.16,217.9,224.64,219.57
2024-07-06,1001,224.95,220.88,203.3,216.38
2024-07-07,1001,224.01,230.84,242.66,232.5
2024-07-08,1001,225.89,224.88,226.36,225.71
2024-07-09,1001,234.71,231.58,187.71,218.0
2024-07-10,1001,208.47,227.1,196.33,210.63
2024-07-11,1001,216.75,201.32,204.62,207.56
2024-07-12,1001,222.73,210.18,227.37,220.09
2024-07-13,1001,197.49,227.71,221.29,215.5
2024-07-14,1001,222.77,233.69,192.51,216.32
2024-07-15,1001,195.61,211.62,232.23,213.15
2024-07-16,1001,208.98,222.81,188.79,206.86
2024-07-17,1001,238.94,227.31,194.32,220.19
2024-07-18,1001,193.41,212.41,217.84,207.89
2024-07-19,1001,213.79,210.66,251.18,225.21
2024-07-20,1001,200.22,228.89,231.28,220.13
2024-07-21,1001,225.07,223.98,203.71,217.59
2024-07-22,1001,213.14,234.09,213.32,220.18
2024-07-23,1001,205.54,235.51,212.63,217.89
2024-07-24,1001,202.6,202.18,228.53,211.1
2024-07-25,1001,215.11,234.95,197.96,216.01
2024-07-26,1001,229.42,230.64,235.7,231.92
2024-07-27,1001,193.91,233.3,226.23,217.81
2024-07-28,1001,197.99,205.47,230.75,211.4
2024-07-29,1001,215.99,203.34,223.96,214.43
2024-07-30,1001,207.27,217.01,186.56,203.61
2024-07-31,1001,215.43,222.08,204.92,214.14
2024-08-01,1001,229.85,202.48,217.3,216.54
2024-08-02,1001,239.8,206.08,218.51,221.46
2024-08-03,1001,219.26,201.44,207.2,209.3
2024-08-04,1001,209.21,202.25,190.95,200.8
2024-08-05,1001,219.64,225.21,238.29,227.71
2024-08-06,1001,197.38,223.35,232.12,217.62
2024-08-07,1001,194.85,220.02,232.29,215.72
2024-08-08,1001,230.9,212.97,239.22,227.7
2024-08-09,1001,218.68,229.68,215.45,221.27
2024-08-10,1001,227.53,203.95,189.75,207.08
2024-08-11,1001,234.27,208.76,249.78,230.94
2024-08-12,1001,230.33,224.13,218.46,224.31
2024-08-13,1001,203.34,235.94,249.71,229.66
2024-08-14,1001,225.06,203.62,187.8,205.49
2024-08-15,1001,234.1,226.52,234.5,231.71
2024-08-16,1001,210.19,235.63,188.42,211.41
2024-08-17,1001,213.44,226.46,217.71,219.2
2024-08-18,1001,212.63,210.78,224.64,216.02
2024-08-19,1001,222.31,223.18,233.87,226.45
2024-08-20,1001,236.06,207.38,201.37,214.94
2024-08-21,1001,233.44,218.31,202.0,217.92
2024-08-22,1001,217.11,213.66,224.68,218.48
2024-08-23,1001,238.97,210.12,228.86,225.98
2024-08-24,1001,198.64,235.01,215.55,216.4
2024-08-25,1001,200.51,219.27,207.89,209.22
2024-08-26,1001,204.31,222.68,232.14,219.71
2024-08-27,1001,194.11,226.85,229.32,216.76
2024-08-28,1001,231.09,221.57,242.73,231.8
2024-08-29,1001,205.32,203.09,220.62,209.68
2024-08-30,1001,198.22,216.91,247.03,220.72
2024-08-31,1001,194.35,206.28,250.49,217.04
2024-09-01,1001,238.12,223.45,242.71,234.76
2024-09-02,1001,215.86,224.42,194.95,211.74
2024-09-03,1001,226.24,208.15,229.95,221.45
2024-09-04,1001,224.69,216.61,242.72,228.01
2024-09-05,1001,232.65,234.13,230.6,232.46
2024-09-06,1001,234.13,221.05,187.79,214.32
2024-09-07,1001,224.88,208.64,229.0,220.84
2024-09-08,1001,197.48,224.1,251.33,224.3
2024-09-09,1001,211.92,231.55,237.1,226.86
2024-09-10,1001,234.6,215.23,207.24,219.02
2024-09-11,1001,229.01,229.0,214.36,224.12
2024-09-12,1001,218.53,201.29,207.08,208.97
2024-09-13,1001,225.79,214.68,215.22,218.56
2024-09-14,1001,203.28,203.65,225.36,210.76
2024-09-15,1001,214.64,214.38,242.41,223.81
2024-09-16,1001,193.58,213.03,210.72,205.78
2024-09-17,1001,218.01,222.35,235.95,225.44
2024-09-18,1001,238.3,201.73,198.63,212.89
2024-09-19,1001,235.53,209.61,246.58,230.57
2024-09-20,1001,209.26,204.64,217.65,210.52
2024-09-21,1001,207.13,229.18,221.15,219.15
2024-09-22,1001,226.79,210.63,212.91,216.78
2024-09-23,1001,225.1,207.44,220.23,217.59
2024-09-24,1001,219.63,210.07,248.94,226.21
2024-09-25,1001,218.81,202.61,227.31,216.24
2024-09-26,1001,231.74,232.02,200.75,221.5
2024-09-27,1001,212.12,230.47,244.81,229.13
2024-09-28,1001,229.88,210.7,239.74,226.77
2024-09-29,1001,196.94,222.91,215.42,211.76
2024-09-30,1001,227.78,231.27,200.01,219.69
2024-10-01,1001,223.22,222.33,221.64,222.4
2024-10-02,1001,220.94,218.47,250.57,229.99
2024-10-03,1001,211.79,216.07,232.85,220.24
2024-10-04,1001,198.52,204.73,233.29,212.18
2024-10-05,1001,196.17,204.09,244.43,214.9
2024-10-06,1001,203.25,213.51,190.35,202.37
2024-10-07,1001,230.84,209.27,221.2,220.44
2024-10-08,1001,217.98,212.44,207.63,212.68
2024-10-09,1001,224.18,220.6,233.7,226.16
2024-10-10,1001,219.39,234.58,197.29,217.09
2024-10-11,1001,218.12,204.47,215.33,212.64
2024-10-12,1001,224.32,228.91,246.59,233.27
2024-10-13,1001,199.68,235.8,246.58,227.35
2024-10-14,1001,217.4,222.9,191.64,210.65
2024-10-15,1001,232.07,228.44,232.27,230.93
2024-10-16,1001,205.0,213.69,191.54,203.41
2024-10-17,1001,207.04,214.98,215.12,212.38
2024-10-18,1001,236.56,218.47,250.85,235.29
2024-10-19,1001,237.1,205.16,239.4,227.22
2024-10-20,1001,234.09,229.28,237.6,233.66
2024-10-21,1001,211.73,207.16,231.36,216.75
2024-10-22,1001,223.17,229.86,194.48,215.84
2024-10-23,1001,215.77,222.3,235.94,224.67
2024-10-24,1001,211.52,206.21,209.89,209.21
2024-10-25,1001,198.85,234.78,221.83,218.49
2024-10-26,1001,207.34,218.79,214.61,213.58
2024-10-27,1001,202.74,222.76,228.43,217.98
2024-10-28,1001,229.9,217.17,189.61,212.23
2024-10-29,1001,225.77,235.5,201.48,220.92
2024-10-30,1001,206.93,204.63,231.18,214.25
2024-10-31,1001,240.28,229.56,226.14,231.99
2024-11-01,1001,217.69,215.99,194.36,209.35
2024-11-02,1001,201.71,213.96,212.95,209.54
2024-11-03,1001,229.34,201.48,213.08,214.63
2024-11-04,1001,204.84,227.68,194.78,209.1
2024-11-05,1001,192.93,209.53,249.78,217.41
2024-11-06,1001,215.81,204.93,221.72,214.15
2024-11-07,1001,197.07,218.17,195.63,203.62
2024-11-08,1001,215.24,214.24,211.66,213.71
2024-11-09,1001,235.25,234.5,237.39,235.71
2024-11-10,1001,213.39,210.0,240.93,221.44
2024-11-11,1001,214.54,223.38,229.03,222.32
2024-11-12,1001,221.87,203.42,219.79,215.03
2024-11-13,1001,216.98,224.88,188.53,210.13
2024-11-14,1001,195.82,203.59,186.59,195.33
2024-11-15,1001,209.34,211.46,208.72,209.84
2024-11-16,1001,201.26,207.18,192.25,200.23
2024-11-17,1001,205.1,201.83,191.18,199.37
2024-11-18,1001,229.34,222.94,210.84,221.04
2024-11-19,1001,221.92,228.18,228.02,226.04
2024-11-20,1001,238.92,229.03,204.99,224.31
2024-11-21,1001,220.36,227.26,239.02,228.88
2024-11-22,1001,208.62,233.55,200.52,214.23
2024-11-23,1001,213.48,222.53,247.63,227.88
2024-11-24,1001,201.85,232.11,228.14,220.7
2024-11-25,1001,233.77,230.7,246.05,236.84
2024-11-26,1001,214.5,230.54,233.56,226.2
2024-11-27,1001,200.88,220.15,250.36,223.8
2024-11-28,1001,200.28,205.7,233.4,213.13
2024-11-29,1001,216.68,230.5,233.85,227.01
2024-11-30,1001,216.8,211.5,222.84,217.05
2024-12-01,1001,222.95,227.71,196.29,215.65
2024-12-02,1001,204.21,226.5,250.83,227.18
2024-12-03,1001,230.82,208.23,222.19,220.41
2024-12-04,1001,201.39,213.52,237.19,217.37
2024-12-05,1001,228.94,202.33,234.69,221.99
2024-12-06,1001,210.04,212.53,195.56,206.04
2024-12-07,1001,240.26,213.97,215.21,223.15
2024-12-08,1001,220.87,214.79,212.85,216.17
2024-12-09,1001,222.14,213.53,237.87,224.51
2024-12-10,1001,215.48,223.56,190.05,209.7
2024-12-11,1001,219.31,222.2,230.15,223.89
2024-12-12,1001,232.03,218.52,190.85,213.8
2024-12-13,1001,230.09,225.84,237.51,231.15
2024-12-14,1001,199.44,212.57,214.25,208.75
2024-12-15,1001,221.12,226.82,251.26,233.07
2024-12-16,1001,212.61,223.34,237.31,224.42
2024-12-17,1001,232.73,214.52,223.29,223.51
2024-12-18,1001,209.77,212.79,187.51,203.36
2024-12-19,1001,205.48,219.21,205.38,210.02
2024-12-20,1001,213.01,231.62,241.0,228.54
2024-12-21,1001,214.38,217.98,194.55,208.97
2024-12-22,1001,216.22,216.37,233.63,222.07
2024-12-23,1001,221.69,205.83,235.06,220.86
2024-12-24,1001,195.67,203.09,204.3,201.02
2024-12-25,1001,235.93,209.82,203.63,216.46
2024-12-26,1001,229.7,203.38,217.76,216.95
2024-12-27,1001,235.94,205.96,220.71,220.87
2024-12-28,1001,235.62,201.86,229.32,222.27
2024-12-29,1001,237.4,202.92,213.25,217.86
2024-12-30,1001,239.54,210.07,228.69,226.1
2024-01-01,1002,135.25,148.12,142.2,141.86
2024-01-02,1002,125.78,131.67,127.43,128.29
2024-01-03,1002,137.05,129.23,152.6,139.63
2024-01-04,1002,142.64,138.68,120.44,133.92
2024-01-05,1002,126.22,147.54,152.18,141.98
2024-01-06,1002,133.67,141.05,139.6,138.11
2024-01-07,1002,145.63,136.82,119.21,133.89
2024-01-08,1002,129.03,130.33,130.71,130.02
2024-01-09,1002,127.4,146.05,153.4,142.28
2024-01-10,1002,134.87,148.41,148.96,144.08
2024-01-11,1002,135.25,146.74,139.32,140.44
2024-01-12,1002,141.09,144.82,132.78,139.56
2024-01-13,1002,127.37,138.23,128.93,131.51
2024-01-14,1002,140.42,144.28,133.42,139.37
2024-01-15,1002,125.98,142.04,149.84,139.29
2024-01-16,1002,148.65,132.8,157.7,146.38
2024-01-17,1002,126.78,146.4,144.09,139.09
2024-01-18,1002,139.84,128.54,153.52,140.63
2024-01-19,1002,150.5,135.91,157.72,148.04
2024-01-20,1002,126.22,146.14,134.72,135.69
2024-01-21,1002,138.15,138.32,146.78,141.08
2024-01-22,1002,143.36,130.83,152.52,142.24
2024-01-23,1002,142.71,133.63,136.53,137.62
2024-01-24,1002,132.03,137.59,151.28,140.3
2024-01-25,1002,142.77,144.9,121.22,136.3
2024-01-26,1002,131.74,136.63,148.0,138.79
2024-01-27,1002,131.87,145.24,136.53,137.88
2024-01-28,1002,125.02,141.6,130.49,132.37
2024-01-29,1002,126.49,145.56,126.45,132.83
2024-01-30,1002,140.67,142.0,138.24,140.3
2024-01-31,1002,122.2,133.4,144.05,133.22
2024-02-01,1002,144.4,144.08,144.54,144.34
2024-02-02,1002,141.52,139.05,121.65,134.07
2024-02-03,1002,147.39,138.75,132.78,139.64
2024-02-04,1002,134.0,127.63,147.63,136.42
2024-02-05,1002,147.2,133.14,154.69,145.01
2024-02-06,1002,121.74,147.92,147.09,138.92
2024-02-07,1002,129.72,145.93,121.71,132.45
2024-02-08,1002,124.12,132.03,117.57,124.57
2024-02-09,1002,139.32,133.25,129.45,134.01
2024-02-10,1002,148.55,145.48,144.65,146.23
2024-02-11,1002,126.81,128.44,126.96,127.4
2024-02-12,1002,138.85,148.64,152.42,146.64
2024-02-13,1002,146.38,139.9,121.81,136.03
2024-02-14,1002,141.47,144.98,153.38,146.61
2024-02-15,1002,134.23,133.69,135.02,134.31
2024-02-16,1002,148.24,136.47,142.14,142.28
2024-02-17,1002,142.48,131.93,138.23,137.55
2024-02-18,1002,135.97,141.07,156.33,144.46
2024-02-19,1002,136.53,140.68,119.99,132.4
2024-02-20,1002,135.51,127.71,122.85,128.69
2024-02-21,1002,131.23,137.32,125.16,131.24
2024-02-22,1002,127.47,138.09,117.29,127.62
2024-02-23,1002,122.31,129.08,131.06,127.48
2024-02-24,1002,136.73,133.17,155.56,141.82
2024-02-25,1002,139.89,129.21,131.33,133.48
2024-02-26,1002,136.15,142.18,158.08,145.47
2024-02-27,1002,133.15,136.0,134.04,134.4
2024-02-28,1002,139.61,133.52,151.1,141.41
2024-02-29,1002,121.24,140.73,119.17,127.05
2024-03-01,1002,139.49,141.83,121.79,134.37
2024-03-02,1002,132.38,129.37,134.37,132.04
2024-03-03,1002,123.62,134.52,155.97,138.04
2024-03-04,1002,132.16,139.78,117.48,129.81
2024-03-05,1002,139.75,145.95,146.97,144.22
2024-03-06,1002,123.21,138.47,122.93,128.2
2024-03-07,1002,130.13,137.41,140.91,136.15
2024-03-08,1002,138.12,134.26,147.19,139.86
2024-03-09,1002,142.18,136.18,144.87,141.08
2024-03-10,1002,145.1,136.54,150.05,143.9
2024-03-11,1002,148.97,136.2,130.24,138.47
2024-03-12,1002,139.41,142.25,145.5,142.39
2024-03-13,1002,134.24,129.84,153.84,139.31
2024-03-14,1002,121.96,140.93,143.38,135.42
2024-03-15,1002,133.6,133.56,145.04,137.4
2024-03-16,1002,127.8,148.47,135.82,137.36
2024-03-17,1002,135.91,127.31,137.95,133.72
2024-03-18,1002,122.38,127.38,133.09,127.62
2024-03-19,1002,144.11,136.81,129.01,136.64
2024-03-20,1002,150.16,133.62,153.77,145.85
2024-03-21,1002,151.01,133.06,156.77,146.95
2024-03-22,1002,131.51,138.63,123.43,131.19
2024-03-23,1002,144.28,145.07,135.26,141.54
2024-03-24,1002,127.09,127.97,131.21,128.76
2024-03-25,1002,138.09,134.35,141.04,137.83
2024-03-26,1002,140.17,137.48,133.66,137.1
2024-03-27,1002,140.08,139.25,142.71,140.68
2024-03-28,1002,122.39,137.18,139.5,133.02
2024-03-29,1002,148.75,142.61,139.1,143.49
2024-03-30,1002,145.14,129.45,149.88,141.49
2024-03-31,1002,149.8,129.98,136.18,138.65
2024-04-01,1002,147.36,139.68,132.57,139.87
2024-04-02,1002,144.27,135.22,138.19,139.23
2024-04-03,1002,147.42,148.31,133.9,143.21
2024-04-04,1002,138.57,147.77,125.34,137.23
2024-04-05,1002,134.5,145.37,153.96,144.61
2024-04-06,1002,134.78,137.95,142.95,138.56
2024-04-07,1002,135.64,141.86,146.92,141.47
2024-04-08,1002,130.26,134.61,150.3,138.39
2024-04-09,1002,150.2,126.9,158.29,145.13
2024-04-10,1002,130.12,127.02,147.55,134.9
2024-04-11,1002,125.52,143.3,148.83,139.22
2024-04-12,1002,146.82,140.22,120.72,135.92
2024-04-13,1002,133.54,135.67,119.79,129.67
2024-04-14,1002,145.68,147.58,120.05,137.77
2024-04-15,1002,130.27,128.4,137.75,132.14
2024-04-16,1002,122.72,128.31,133.71,128.25
2024-04-17,1002,129.71,144.41,155.45,143.19
2024-04-18,1002,130.93,137.2,126.4,131.51
2024-04-19,1002,139.48,134.59,143.83,139.3
2024-04-20,1002,136.44,136.6,141.27,138.1
2024-04-21,1002,141.88,132.03,146.56,140.16
2024-04-22,1002,137.93,138.16,122.97,133.02
2024-04-23,1002,136.24,132.97,122.59,130.6
2024-04-24,1002,143.88,133.7,117.07,131.55
2024-04-25,1002,129.56,142.28,119.65,130.5
2024-04-26,1002,128.67,143.03,130.13,133.94
2024-04-27,1002,129.39,145.27,130.01,134.89
2024-04-28,1002,134.34,146.75,132.65,137.91
2024-04-29,1002,142.01,137.58,133.08,137.56
2024-04-30,1002,121.33,130.38,146.52,132.74
2024-05-01,1002,144.25,147.65,146.09,146.0
2024-05-02,1002,144.88,140.9,119.05,134.94
2024-05-03,1002,136.35,136.24,135.97,136.19
2024-05-04,1002,132.4,127.86,148.77,136.34
2024-05-05,1002,146.96,131.37,144.22,140.85
2024-05-06,1002,127.73,141.64,142.17,137.18
2024-05-07,1002,140.94,142.98,130.1,138.01
2024-05-08,1002,142.8,131.09,153.84,142.58
2024-05-09,1002,122.95,129.16,138.38,130.16
2024-05-10,1002,121.64,135.06,131.0,129.23
2024-05-11,1002,133.73,137.56,133.77,135.02
2024-05-12,1002,121.49,136.93,156.87,138.43
2024-05-13,1002,130.64,143.76,149.0,141.13
2024-05-14,1002,125.0,127.08,148.88,133.65
2024-05-15,1002,129.24,127.09,129.18,128.5
2024-05-16,1002,131.74,134.89,117.12,127.92
2024-05-17,1002,150.71,145.37,118.04,138.04
2024-05-18,1002,144.84,136.79,133.51,138.38
2024-05-19,1002,128.11,132.14,137.06,132.44
2024-05-20,1002,122.95,147.81,156.01,142.26
2024-05-21,1002,137.69,147.92,120.19,135.27
2024-05-22,1002,127.13,129.81,142.78,133.24
2024-05-23,1002,125.65,144.58,143.34,137.86
2024-05-24,1002,129.07,134.31,154.97,139.45
2024-05-25,1002,148.16,142.3,119.63,136.7
2024-05-26,1002,140.31,136.57,122.61,133.16
2024-05-27,1002,128.52,137.73,145.14,137.13
2024-05-28,1002,145.64,136.83,139.64,140.7
2024-05-29,1002,126.22,136.52,125.7,129.48
2024-05-30,1002,150.92,144.18,152.34,149.15
2024-05-31,1002,127.16,147.67,158.16,144.33
2024-06-01,1002,138.45,132.42,135.12,135.33
2024-06-02,1002,140.05,148.32,124.92,137.76
2024-06-03,1002,149.79,147.86,138.61,145.42
2024-06-04,1002,126.09,137.21,146.74,136.68
2024-06-05,1002,141.39,130.29,140.41,137.36
2024-06-06,1002,121.56,126.9,131.81,126.76
2024-06-07,1002,140.41,131.6,130.35,134.12
2024-06-08,1002,124.08,136.15,118.27,126.17
2024-06-09,1002,124.78,133.07,133.5,130.45
2024-06-10,1002,122.55,143.47,132.42,132.81
2024-06-11,1002,149.02,147.66,140.91,145.86
2024-06-12,1002,128.8,139.13,131.88,133.27
2024-06-13,1002,127.0,146.94,121.27,131.74
2024-06-14,1002,122.37,127.5,124.3,124.72
2024-06-15,1002,149.99,139.52,135.1,141.54
2024-06-16,1002,144.18,132.93,131.65,136.25
2024-06-17,1002,148.24,135.95,149.3,144.5
2024-06-18,1002,127.4,139.73,124.75,130.63
2024-06-19,1002,127.47,128.27,119.91,125.22
2024-06-20,1002,133.6,144.57,151.59,143.25
2024-06-21,1002,144.56,141.13,123.33,136.34
2024-06-22,1002,129.75,136.07,118.61,128.14
2024-06-23,1002,121.19,135.88,138.65,131.91
2024-06-24,1002,128.04,133.41,129.62,130.36
2024-06-25,1002,143.29,148.01,126.33,139.21
2024-06-26,1002,146.9,136.02,129.58,137.5
2024-06-27,1002,145.94,130.7,132.39,136.34
2024-06-28,1002,151.03,143.32,133.31,142.55
2024-06-29,1002,123.57,138.7,146.37,136.21
2024-06-30,1002,138.88,147.68,118.81,135.12
2024-07-01,1002,130.18,142.44,148.42,140.35
2024-07-02,1002,136.61,134.84,155.61,142.35
2024-07-03,1002,142.84,136.88,155.11,144.94
2024-07-04,1002,147.3,132.74,150.41,143.48
2024-07-05,1002,131.36,148.26,152.45,144.02
2024-07-06,1002,138.22,147.57,137.57,141.12
2024-07-07,1002,145.01,142.89,132.94,140.28
2024-07-08,1002,121.54,142.21,157.15,140.3
2024-07-09,1002,142.55,144.71,139.64,142.3
2024-07-10,1002,136.49,142.53,152.7,143.91
2024-07-11,1002,137.94,135.44,122.5,131.96
2024-07-12,1002,130.58,133.09,153.07,138.91
2024-07-13,1002,128.78,140.47,140.68,136.64
2024-07-14,1002,121.56,141.55,119.2,127.44
2024-07-15,1002,130.49,134.48,142.73,135.9
2024-07-16,1002,133.45,128.21,149.44,137.03
2024-07-17,1002,141.96,134.03,119.4,131.8
2024-07-18,1002,140.64,141.5,143.19,141.78
2024-07-19,1002,143.95,128.94,128.54,133.81
2024-07-20,1002,150.9,128.19,138.49,139.19
2024-07-21,1002,124.63,135.6,147.55,135.93
2024-07-22,1002,131.69,135.46,127.98,131.71
2024-07-23,1002,129.33,133.04,144.2,135.52
2024-07-24,1002,123.53,128.37,156.37,136.09
2024-07-25,1002,139.34,140.44,143.86,141.21
2024-07-26,1002,150.43,132.23,144.99,142.55
2024-07-27,1002,130.67,132.68,141.76,135.04
2024-07-28,1002,124.4,130.11,156.09,136.87
2024-07-29,1002,127.33,139.65,146.03,137.67
2024-07-30,1002,121.66,139.55,127.52,129.58
2024-07-31,1002,133.28,145.21,124.85,134.45
2024-08-01,1002,124.28,126.89,134.98,128.72
2024-08-02,1002,148.9,136.27,127.75,137.64
2024-08-03,1002,121.47,139.69,142.4,134.52
2024-08-04,1002,142.83,128.72,125.3,132.28
2024-08-05,1002,121.61,132.18,125.92,126.57
2024-08-06,1002,123.09,136.82,147.34,135.75
2024-08-07,1002,123.65,147.67,151.71,141.01
2024-08-08,1002,149.45,138.7,125.34,137.83
2024-08-09,1002,143.55,138.19,119.89,133.88
2024-08-10,1002,138.9,138.56,128.17,135.21
2024-08-11,1002,141.39,144.05,135.83,140.42
2024-08-12,1002,142.57,136.12,135.35,138.01
2024-08-13,1002,123.13,144.88,129.14,132.38
2024-08-14,1002,130.31,137.78,119.38,129.16
2024-08-15,1002,124.39,143.55,133.99,133.98
2024-08-16,1002,126.03,130.24,119.97,125.41
2024-08-17,1002,147.91,144.64,145.37,145.97
2024-08-18,1002,130.58,132.21,138.34,133.71
2024-08-19,1002,131.91,144.96,149.67,142.18
2024-08-20,1002,150.06,133.9,131.71,138.56
2024-08-21,1002,147.74,128.96,133.29,136.66
2024-08-22,1002,127.07,145.63,145.03,139.24
2024-08-23,1002,143.87,136.38,142.29,140.85
2024-08-24,1002,126.62,141.99,126.55,131.72
2024-08-25,1002,121.25,142.54,147.32,137.04
2024-08-26,1002,123.73,127.12,123.91,124.92
2024-08-27,1002,131.93,129.02,126.25,129.07
2024-08-28,1002,128.63,127.97,133.22,129.94
2024-08-29,1002,150.28,140.28,140.07,143.54
2024-08-30,1002,137.58,142.05,146.07,141.9
2024-08-31,1002,133.68,145.88,143.15,140.9
2024-09-01,1002,139.54,129.29,130.99,133.27
2024-09-02,1002,127.44,135.34,154.07,138.95
2024-09-03,1002,133.9,127.1,149.82,136.94
2024-09-04,1002,138.18,140.55,145.51,141.41
2024-09-05,1002,143.11,138.51,151.61,144.41
2024-09-06,1002,135.89,134.05,149.77,139.9
2024-09-07,1002,147.1,146.15,136.33,143.19
2024-09-08,1002,145.54,146.57,125.47,139.19
2024-09-09,1002,132.99,138.64,157.06,142.9
2024-09-10,1002,123.44,134.98,150.27,136.23
2024-09-11,1002,138.13,133.78,126.16,132.69
2024-09-12,1002,123.28,134.85,136.24,131.46
2024-09-13,1002,142.67,126.89,126.06,131.87
2024-09-14,1002,121.35,144.43,148.99,138.26
2024-09-15,1002,144.42,139.56,149.37,144.45
2024-09-16,1002,136.89,129.79,144.79,137.16
2024-09-17,1002,126.34,131.0,153.85,137.06
2024-09-18,1002,144.18,139.86,144.09,142.71
2024-09-19,1002,140.35,130.15,136.64,135.71
2024-09-20,1002,127.32,133.62,127.04,129.33
2024-09-21,1002,148.7,137.88,124.83,137.14
2024-09-22,1002,132.79,144.81,144.31,140.64
2024-09-23,1002,142.17,132.52,155.86,143.52
2024-09-24,1002,129.36,130.91,145.76,135.34
2024-09-25,1002,129.21,141.29,150.73,140.41
2024-09-26,1002,126.88,128.65,145.94,133.82
2024-09-27,1002,122.14,132.42,118.45,124.34
2024-09-28,1002,138.08,127.56,144.61,136.75
2024-09-29,1002,148.1,133.87,154.29,145.42
2024-09-30,1002,146.79,132.19,140.89,139.96
2024-10-01,1002,151.46,133.9,147.97,144.44
2024-10-02,1002,151.42,132.02,118.73,134.06
2024-10-03,1002,121.87,134.64,149.44,135.32
2024-10-04,1002,141.02,131.81,117.66,130.16
2024-10-05,1002,144.29,127.56,151.65,141.17
2024-10-06,1002,140.12,145.75,141.31,142.39
2024-10-07,1002,144.12,136.45,146.29,142.29
2024-10-08,1002,139.28,147.16,155.45,147.3
2024-10-09,1002,127.61,148.64,157.6,144.62
2024-10-10,1002,142.86,139.77,119.27,133.97
2024-10-11,1002,141.72,134.92,155.97,144.2
2024-10-12,1002,142.13,142.06,143.86,142.68
2024-10-13,1002,140.46,139.91,124.47,134.95
2024-10-14,1002,141.43,145.15,124.07,136.88
2024-10-15,1002,139.67,142.12,151.69,144.49
2024-10-16,1002,137.43,137.47,133.67,136.19
2024-10-17,1002,129.59,147.0,141.16,139.25
2024-10-18,1002,122.77,127.4,134.55,128.24
2024-10-19,1002,147.89,146.16,144.29,146.11
2024-10-20,1002,148.04,131.04,147.53,142.2
2024-10-21,1002,151.41,127.36,154.14,144.3
2024-10-22,1002,135.28,145.37,119.64,133.43
2024-10-23,1002,150.74,144.7,152.29,149.24
2024-10-24,1002,132.88,128.27,125.77,128.97
2024-10-25,1002,129.33,128.93,123.98,127.41
2024-10-26,1002,144.2,148.03,135.23,142.49
2024-10-27,1002,131.08,133.3,126.67,130.35
2024-10-28,1002,131.96,141.55,119.65,131.05
2024-10-29,1002,125.65,134.25,152.79,137.56
2024-10-30,1002,135.87,133.37,140.34,136.53
2024-10-31,1002,138.79,137.84,123.01,133.21
2024-11-01,1002,135.97,128.52,136.05,133.51
2024-11-02,1002,122.92,135.93,136.0,131.62
2024-11-03,1002,141.41,143.82,152.68,145.97
2024-11-04,1002,146.65,148.51,153.81,149.66
2024-11-05,1002,136.02,143.04,137.41,138.82
2024-11-06,1002,132.14,145.65,133.87,137.22
2024-11-07,1002,144.29,129.48,125.18,132.98
2024-11-08,1002,138.39,139.47,137.29,138.38
2024-11-09,1002,137.94,134.9,144.4,139.08
2024-11-10,1002,126.81,132.84,126.1,128.58
2024-11-11,1002,129.85,147.13,157.14,144.71
2024-11-12,1002,132.54,144.28,132.24,136.35
2024-11-13,1002,146.8,144.24,124.3,138.45
2024-11-14,1002,127.8,145.96,127.38,133.71
2024-11-15,1002,147.57,144.17,142.98,144.91
2024-11-16,1002,135.08,134.44,120.94,130.15
2024-11-17,1002,122.41,133.12,125.64,127.06
2024-11-18,1002,135.38,136.98,148.49,140.28
2024-11-19,1002,134.22,139.86,158.36,144.15
2024-11-20,1002,146.27,130.46,118.32,131.68
2024-11-21,1002,136.66,140.26,154.68,143.87
2024-11-22,1002,122.72,127.47,139.83,130.01
2024-11-23,1002,126.06,127.25,135.61,129.64
2024-11-24,1002,143.15,129.16,142.2,138.17
2024-11-25,1002,132.7,144.36,133.26,136.77
2024-11-26,1002,144.61,131.92,145.05,140.53
2024-11-27,1002,132.93,128.16,117.85,126.31
2024-11-28,1002,144.68,131.87,131.32,135.96
2024-11-29,1002,141.43,147.27,128.03,138.91
2024-11-30,1002,130.81,145.39,156.19,144.13
2024-12-01,1002,129.6,132.91,156.86,139.79
2024-12-02,1002,142.59,140.42,157.97,146.99
2024-12-03,1002,123.59,136.46,127.85,129.3
2024-12-04,1002,149.54,130.8,132.45,137.6
2024-12-05,1002,123.99,130.29,141.65,131.98
2024-12-06,1002,134.73,137.75,127.25,133.24
2024-12-07,1002,143.95,143.31,140.94,142.73
2024-12-08,1002,144.13,127.93,117.35,129.8
2024-12-09,1002,133.65,135.57,153.61,140.94
2024-12-10,1002,130.7,141.93,128.28,133.64
2024-12-11,1002,131.56,136.18,151.39,139.71
2024-12-12,1002,137.3,133.05,137.42,135.92
2024-12-13,1002,134.34,130.33,121.88,128.85
2024-12-14,1002,131.61,142.85,144.28,139.58
2024-12-15,1002,138.36,141.18,154.18,144.57
2024-12-16,1002,121.52,144.92,150.16,138.87
2024-12-17,1002,135.25,129.32,157.58,140.72
2024-12-18,1002,139.22,142.98,118.4,133.53
2024-12-19,1002,124.32,130.5,140.53,131.78
2024-12-20,1002,146.0,148.38,127.79,140.72
2024-12-21,1002,131.72,127.81,119.24,126.26
2024-12-22,1002,128.06,140.23,127.51,131.93
2024-12-23,1002,146.15,144.79,136.78,142.57
2024-12-24,1002,145.61,133.93,125.7,135.08
2024-12-25,1002,135.8,145.23,126.2,135.74
2024-12-26,1002,146.15,135.18,136.03,139.12
2024-12-27,1002,124.79,147.28,145.32,139.13
2024-12-28,1002,135.6,135.69,123.72,131.67
2024-12-29,1002,138.23,142.45,119.89,133.52
2024-12-30,1002,139.76,147.38,144.4,143.85
2024-01-01,1003,302.76,297.73,332.68,311.06
2024-01-02,1003,290.97,290.57,266.65,282.73
2024-01-03,1003,311.08,310.06,263.41,294.85
2024-01-04,1003,276.55,318.25,260.85,285.22
2024-01-05,1003,324.62,305.17,278.04,302.61
2024-01-06,1003,329.86,288.88,337.45,318.73
2024-01-07,1003,308.4,308.69,293.63,303.57
2024-01-08,1003,311.19,298.95,323.41,311.18
2024-01-09,1003,321.54,304.36,333.68,319.86
2024-01-10,1003,327.0,290.37,333.64,317.0
2024-01-11,1003,286.64,305.94,286.55,293.04
2024-01-12,1003,266.55,325.56,344.66,312.26
2024-01-13,1003,289.13,310.69,330.12,309.98
2024-01-14,1003,318.23,291.08,346.89,318.73
2024-01-15,1003,310.0,311.51,267.97,296.49
2024-01-16,1003,307.55,288.99,284.92,293.82
2024-01-17,1003,276.78,286.49,294.98,286.08
2024-01-18,1003,271.72,297.24,266.14,278.37
2024-01-19,1003,306.2,286.1,278.26,290.19
2024-01-20,1003,330.97,284.77,278.05,297.93
2024-01-21,1003,294.04,280.67,260.62,278.44
2024-01-22,1003,268.03,306.44,258.07,277.51
2024-01-23,1003,268.8,306.68,293.13,289.54
2024-01-24,1003,284.43,312.54,281.68,292.88
2024-01-25,1003,302.7,280.66,295.71,293.02
2024-01-26,1003,281.04,289.16,331.2,300.47
2024-01-27,1003,296.06,294.55,336.04,308.88
2024-01-28,1003,316.18,280.7,301.73,299.54
2024-01-29,1003,292.37,303.86,271.69,289.31
2024-01-30,1003,316.69,285.66,270.59,290.98
2024-01-31,1003,293.3,311.1,262.19,288.86
2024-02-01,1003,312.5,287.58,315.25,305.11
2024-02-02,1003,325.71,292.6,277.91,298.74
2024-02-03,1003,310.85,318.19,318.11,315.72
2024-02-04,1003,276.52,313.92,289.75,293.4
2024-02-05,1003,271.53,326.24,271.22,289.66
2024-02-06,1003,318.93,310.12,309.47,312.84
2024-02-07,1003,297.24,308.19,294.35,299.93
2024-02-08,1003,303.66,319.37,275.33,299.45
2024-02-09,1003,320.89,305.13,327.77,317.93
2024-02-10,1003,268.79,321.28,347.04,312.37
2024-02-11,1003,317.04,290.46,335.57,314.36
2024-02-12,1003,331.26,310.82,333.88,325.32
2024-02-13,1003,305.66,307.4,318.97,310.68
2024-02-14,1003,284.48,315.41,277.58,292.49
2024-02-15,1003,307.72,314.37,276.89,299.66
2024-02-16,1003,306.44,319.32,261.13,295.63
2024-02-17,1003,297.96,323.16,287.17,302.76
2024-02-18,1003,271.55,290.73,259.58,273.95
2024-02-19,1003,302.59,286.67,283.9,291.05
2024-02-20,1003,269.48,321.3,309.38,300.05
2024-02-21,1003,270.74,282.57,311.57,288.29
2024-02-22,1003,293.17,285.15,321.89,300.07
2024-02-23,1003,312.55,321.78,328.92,321.08
2024-02-24,1003,329.05,292.53,257.15,292.91
2024-02-25,1003,310.15,308.88,310.89,309.97
2024-02-26,1003,287.65,310.4,307.54,301.86
2024-02-27,1003,272.4,318.45,340.37,310.41
2024-02-28,1003,292.87,313.49,327.8,311.39
2024-02-29,1003,313.5,295.47,280.14,296.37
2024-03-01,1003,322.75,324.55,308.37,318.56
2024-03-02,1003,302.64,296.6,312.13,303.79
2024-03-03,1003,272.44,293.45,265.82,277.24
2024-03-04,1003,295.67,303.95,336.31,311.98
2024-03-05,1003,320.17,294.04,284.79,299.67
2024-03-06,1003,311.51,293.47,269.13,291.37
2024-03-07,1003,304.61,311.77,320.61,312.33
2024-03-08,1003,299.38,313.55,313.22,308.72
2024-03-09,1003,285.05,299.65,313.03,299.24
2024-03-10,1003,274.47,324.84,266.85,288.72
2024-03-11,1003,302.14,282.38,262.22,282.25
2024-03-12,1003,302.34,289.53,314.91,302.26
2024-03-13,1003,299.26,311.57,279.94,296.92
2024-03-14,1003,325.86,317.41,309.95,317.74
2024-03-15,1003,308.76,300.77,274.28,294.6
2024-03-16,1003,289.98,322.31,258.95,290.41
2024-03-17,1003,317.12,312.19,287.11,305.47
2024-03-18,1003,316.43,300.19,294.45,303.69
2024-03-19,1003,274.13,306.5,344.99,308.54
2024-03-20,1003,288.69,302.7,271.74,287.71
2024-03-21,1003,296.18,295.38,293.4,294.99
2024-03-22,1003,293.72,296.96,316.9,302.53
2024-03-23,1003,270.21,317.59,342.37,310.06
2024-03-24,1003,276.2,301.32,311.65,296.39
2024-03-25,1003,288.61,284.35,292.59,288.52
2024-03-26,1003,280.01,281.05,307.16,289.41
2024-03-27,1003,304.51,294.93,329.9,309.78
2024-03-28,1003,303.77,322.15,293.0,306.31
2024-03-29,1003,276.2,299.16,311.09,295.48
2024-03-30,1003,316.36,306.6,332.21,318.39
2024-03-31,1003,308.04,318.31,328.13,318.16
2024-04-01,1003,274.39,320.56,345.14,313.36
2024-04-02,1003,268.8,297.83,303.89,290.17
2024-04-03,1003,310.85,301.5,330.5,314.28
2024-04-04,1003,331.49,282.38,330.93,314.93
2024-04-05,1003,295.38,309.38,291.61,298.79
2024-04-06,1003,326.16,296.76,276.67,299.86
2024-04-07,1003,320.71,318.2,310.39,316.43
2024-04-08,1003,303.02,318.18,314.34,311.85
2024-04-09,1003,293.67,324.57,306.14,308.13
2024-04-10,1003,307.75,305.87,273.82,295.81
2024-04-11,1003,316.93,303.54,277.62,299.36
2024-04-12,1003,295.52,286.12,273.78,285.14
2024-04-13,1003,269.52,297.46,303.47,290.15
2024-04-14,1003,321.95,285.25,302.93,303.38
2024-04-15,1003,304.3,305.6,336.71,315.54
2024-04-16,1003,269.36,282.96,261.05,271.12
2024-04-17,1003,309.07,280.42,342.87,310.79
2024-04-18,1003,271.26,286.44,268.57,275.42
2024-04-19,1003,282.48,295.55,346.82,308.28
2024-04-20,1003,275.61,296.71,307.38,293.23
2024-04-21,1003,310.72,309.27,294.32,304.77
2024-04-22,1003,267.72,294.44,273.11,278.42
2024-04-23,1003,306.0,313.47,285.66,301.71
2024-04-24,1003,272.57,286.88,329.4,296.28
2024-04-25,1003,297.73,322.85,263.65,294.74
2024-04-26,1003,318.18,326.24,278.88,307.77
2024-04-27,1003,281.07,297.54,294.22,290.94
2024-04-28,1003,319.29,294.39,323.36,312.35
2024-04-29,1003,321.51,317.13,335.65,324.76
2024-04-30,1003,275.43,298.34,306.82,293.53
2024-05-01,1003,332.42,284.76,318.33,311.84
2024-05-02,1003,276.68,324.15,336.85,312.56
2024-05-03,1003,279.98,295.42,317.76,297.72
2024-05-04,1003,289.93,306.95,309.27,302.05
2024-05-05,1003,302.94,305.81,276.11,294.95
2024-05-06,1003,289.73,315.97,308.21,304.64
2024-05-07,1003,303.87,316.74,323.73,314.78
2024-05-08,1003,274.98,290.86,295.07,286.97
2024-05-09,1003,285.29,278.53,302.07,288.63
2024-05-10,1003,267.71,306.51,342.46,305.56
2024-05-11,1003,272.2,308.49,306.99,295.89
2024-05-12,1003,325.77,287.72,259.1,290.86
2024-05-13,1003,325.38,307.1,330.55,321.01
2024-05-14,1003,326.87,305.9,273.45,302.07
2024-05-15,1003,282.54,293.04,307.41,294.33
2024-05-16,1003,307.06,282.16,265.01,284.74
2024-05-17,1003,280.36,291.92,293.37,288.55
2024-05-18,1003,309.32,310.58,329.5,316.47
2024-05-19,1003,276.35,321.1,298.65,298.7
2024-05-20,1003,311.3,323.3,347.49,327.36
2024-05-21,1003,324.65,280.6,278.01,294.42
2024-05-22,1003,280.8,284.9,334.99,300.23
2024-05-23,1003,282.03,314.9,326.0,307.64
2024-05-24,1003,280.07,325.47,315.62,307.05
2024-05-25,1003,318.14,315.27,319.8,317.74
2024-05-26,1003,274.82,310.72,323.21,302.92
2024-05-27,1003,299.68,293.32,295.83,296.28
2024-05-28,1003,281.57,297.83,281.47,286.96
2024-05-29,1003,326.61,296.13,325.21,315.98
2024-05-30,1003,278.28,324.49,291.22,298.0
2024-05-31,1003,298.47,283.49,279.6,287.19
2024-06-01,1003,324.37,292.85,334.95,317.39
2024-06-02,1003,275.88,311.62,342.78,310.09
2024-06-03,1003,299.42,309.46,303.37,304.08
2024-06-04,1003,319.5,319.9,269.5,302.97
2024-06-05,1003,310.18,314.59,330.71,318.49
2024-06-06,1003,323.24,284.59,321.01,309.61
2024-06-07,1003,282.91,320.46,272.37,291.91
2024-06-08,1003,297.75,319.3,291.83,302.96
2024-06-09,1003,302.64,287.37,322.4,304.14
2024-06-10,1003,296.78,318.31,332.31,315.8
2024-06-11,1003,321.93,310.68,320.28,317.63
2024-06-12,1003,314.38,283.66,294.04,297.36
2024-06-13,1003,330.08,311.08,314.33,318.5
2024-06-14,1003,328.8,292.65,327.4,316.28
2024-06-15,1003,266.83,304.55,345.57,305.65
2024-06-16,1003,289.01,303.4,297.03,296.48
2024-06-17,1003,299.9,284.91,346.21,310.34
2024-06-18,1003,310.24,307.02,294.71,303.99
2024-06-19,1003,279.14,317.91,315.9,304.32
2024-06-20,1003,283.2,314.61,303.58,300.46
2024-06-21,1003,332.37,299.28,340.58,324.08
2024-06-22,1003,279.71,298.48,276.97,285.05
2024-06-23,1003,322.26,314.13,272.27,302.89
2024-06-24,1003,314.29,323.16,296.11,311.19
2024-06-25,1003,289.33,296.35,313.42,299.7
2024-06-26,1003,268.49,326.33,278.16,290.99
2024-06-27,1003,268.71,297.18,329.84,298.58
2024-06-28,1003,311.07,302.84,335.2,316.37
2024-06-29,1003,317.88,300.51,346.76,321.72
2024-06-30,1003,316.32,290.25,305.89,304.15
2024-07-01,1003,272.6,312.4,288.4,291.13
2024-07-02,1003,281.74,317.84,287.65,295.74
2024-07-03,1003,286.6,289.89,278.24,284.91
2024-07-04,1003,303.08,292.31,294.92,296.77
2024-07-05,1003,326.35,302.07,287.0,305.14
2024-07-06,1003,270.13,292.62,284.09,282.28
2024-07-07,1003,318.22,284.14,314.65,305.67
2024-07-08,1003,326.63,287.42,331.55,315.2
2024-07-09,1003,329.69,290.17,335.04,318.3
2024-07-10,1003,267.0,302.98,326.85,298.94
2024-07-11,1003,320.65,321.19,275.12,305.65
2024-07-12,1003,291.21,297.25,306.45,298.3
2024-07-13,1003,277.27,293.23,302.71,291.07
2024-07-14,1003,309.07,285.75,306.68,300.5
2024-07-15,1003,293.63,280.14,281.91,285.23
2024-07-16,1003,289.56,280.3,273.3,281.05
2024-07-17,1003,275.51,315.16,266.91,285.86
2024-07-18,1003,317.7,294.79,313.99,308.83
2024-07-19,1003,328.53,322.62,337.56,329.57
2024-07-20,1003,270.71,294.42,285.51,283.55
2024-07-21,1003,276.0,307.08,330.93,304.67
2024-07-22,1003,279.21,289.71,284.26,284.39
2024-07-23,1003,312.43,295.76,331.8,313.33
2024-07-24,1003,319.41,286.93,267.02,291.12
2024-07-25,1003,311.62,279.44,319.65,303.57
2024-07-26,1003,306.69,289.87,292.14,296.23
2024-07-27,1003,285.95,282.56,339.68,302.73
2024-07-28,1003,274.32,293.1,341.06,302.83
2024-07-29,1003,279.81,314.1,306.64,300.18
2024-07-30,1003,301.69,287.67,272.13,287.16
2024-07-31,1003,290.88,314.98,287.79,297.88
2024-08-01,1003,305.87,320.84,261.55,296.09
2024-08-02,1003,281.22,314.21,340.44,311.96
2024-08-03,1003,330.09,299.74,301.42,310.42
2024-08-04,1003,303.97,315.1,330.7,316.59
2024-08-05,1003,322.57,295.79,329.08,315.81
2024-08-06,1003,315.46,317.17,333.71,322.11
2024-08-07,1003,292.86,310.82,297.91,300.53
2024-08-08,1003,308.35,287.24,325.03,306.87
2024-08-09,1003,285.54,314.44,300.83,300.27
2024-08-10,1003,313.7,324.53,295.8,311.34
2024-08-11,1003,301.05,312.44,279.93,297.81
2024-08-12,1003,279.82,278.26,260.61,272.9
2024-08-13,1003,310.25,318.82,307.01,312.03
2024-08-14,1003,306.06,313.6,326.88,315.51
2024-08-15,1003,288.85,309.59,263.26,287.23
2024-08-16,1003,287.93,317.69,311.24,305.62
2024-08-17,1003,322.97,294.67,335.95,317.86
2024-08-18,1003,322.51,287.01,296.09,301.87
2024-08-19,1003,301.74,308.96,274.87,295.19
2024-08-20,1003,287.55,305.3,334.88,309.24
2024-08-21,1003,329.53,313.02,341.44,328.0
2024-08-22,1003,269.64,313.35,268.05,283.68
2024-08-23,1003,303.67,307.28,272.13,294.36
2024-08-24,1003,330.64,313.42,340.75,328.27
2024-08-25,1003,278.9,310.48,313.6,300.99
2024-08-26,1003,301.29,294.4,304.16,299.95
2024-08-27,1003,278.48,282.33,296.63,285.81
2024-08-28,1003,284.53,305.22,288.53,292.76
2024-08-29,1003,299.54,294.08,323.92,305.85
2024-08-30,1003,288.5,322.76,258.14,289.8
2024-08-31,1003,298.39,282.35,345.27,308.67
2024-09-01,1003,281.86,301.61,295.98,293.15
2024-09-02,1003,321.84,289.82,274.74,295.47
2024-09-03,1003,270.24,306.13,267.86,281.41
2024-09-04,1003,321.62,283.93,261.14,288.9
2024-09-05,1003,283.58,298.62,260.67,280.96
2024-09-06,1003,304.1,294.3,285.67,294.69
2024-09-07,1003,272.74,315.31,344.71,310.92
2024-09-08,1003,306.09,312.13,282.92,300.38
2024-09-09,1003,298.19,314.88,282.62,298.56
2024-09-10,1003,269.86,301.71,339.86,303.81
2024-09-11,1003,282.74,294.83,334.35,303.97
2024-09-12,1003,272.75,278.99,344.48,298.74
2024-09-13,1003,271.42,311.27,341.65,308.11
2024-09-14,1003,304.82,315.3,293.92,304.68
2024-09-15,1003,325.95,308.39,268.96,301.1
2024-09-16,1003,326.59,315.01,318.41,320.0
2024-09-17,1003,316.45,301.16,277.53,298.38
2024-09-18,1003,287.82,300.89,270.47,286.39
2024-09-19,1003,274.79,288.07,326.82,296.56
2024-09-20,1003,267.52,279.88,297.5,281.63
2024-09-21,1003,271.89,304.27,339.9,305.35
2024-09-22,1003,275.02,323.48,325.22,307.91
2024-09-23,1003,290.3,323.61,282.05,298.65
2024-09-24,1003,317.04,323.19,275.63,305.29
2024-09-25,1003,270.37,296.95,282.7,283.34
2024-09-26,1003,308.88,312.94,345.65,322.49
2024-09-27,1003,295.03,320.29,273.44,296.25
2024-09-28,1003,287.82,314.81,292.77,298.47
2024-09-29,1003,315.51,289.27,262.35,289.04
2024-09-30,1003,277.3,295.38,293.34,288.67
2024-10-01,1003,324.96,285.56,311.28,307.27
2024-10-02,1003,312.76,298.09,302.83,304.56
2024-10-03,1003,310.12,280.08,290.46,293.55
2024-10-04,1003,299.52,322.24,322.12,314.63
2024-10-05,1003,323.63,300.32,300.15,308.03
2024-10-06,1003,312.5,282.24,335.34,310.03
2024-10-07,1003,302.69,298.4,336.68,312.59
2024-10-08,1003,303.22,280.86,345.22,309.77
2024-10-09,1003,297.35,319.73,284.71,300.6
2024-10-10,1003,285.94,315.96,299.84,300.58
2024-10-11,1003,288.26,323.7,288.17,300.04
2024-10-12,1003,278.04,321.34,298.81,299.4
2024-10-13,1003,269.46,282.9,322.41,291.59
2024-10-14,1003,268.74,279.27,327.31,291.77
2024-10-15,1003,306.43,298.94,259.51,288.29
2024-10-16,1003,316.81,321.44,296.32,311.52
2024-10-17,1003,292.01,321.16,338.15,317.11
2024-10-18,1003,327.79,324.77,303.22,318.59
2024-10-19,1003,329.91,285.13,309.65,308.23
2024-10-20,1003,293.06,326.54,262.04,293.88
2024-10-21,1003,276.4,299.49,303.36,293.08
2024-10-22,1003,271.91,292.89,344.74,303.18
2024-10-23,1003,304.1,322.23,257.61,294.65
2024-10-24,1003,272.2,286.03,344.21,300.81
2024-10-25,1003,283.26,299.99,319.91,301.05
2024-10-26,1003,285.25,304.26,305.43,298.31
2024-10-27,1003,331.15,319.51,302.26,317.64
2024-10-28,1003,302.3,311.84,303.79,305.98
2024-10-29,1003,290.8,315.58,272.51,292.96
2024-10-30,1003,294.85,316.04,300.97,303.95
2024-10-31,1003,288.88,317.41,278.67,294.99
2024-11-01,1003,283.48,278.66,315.86,292.67
2024-11-02,1003,330.45,305.86,335.38,323.9
2024-11-03,1003,323.87,306.43,322.19,317.5
2024-11-04,1003,296.58,297.3,335.71,309.86
2024-11-05,1003,329.87,290.2,288.62,302.9
2024-11-06,1003,295.62,293.75,304.78,298.05
2024-11-07,1003,315.12,280.72,261.52,285.79
2024-11-08,1003,287.12,301.98,286.15,291.75
2024-11-09,1003,330.98,298.11,297.39,308.83
2024-11-10,1003,282.19,311.18,322.0,305.12
2024-11-11,1003,311.15,281.32,311.13,301.2
2024-11-12,1003,322.11,279.69,333.6,311.8
2024-11-13,1003,275.02,324.34,263.64,287.67
2024-11-14,1003,307.39,304.58,268.45,293.47
2024-11-15,1003,280.33,298.11,320.92,299.79
2024-11-16,1003,292.13,325.46,343.66,320.42
2024-11-17,1003,270.65,293.55,281.25,281.82
2024-11-18,1003,323.23,319.1,289.68,310.67
2024-11-19,1003,270.17,312.16,257.94,280.09
2024-11-20,1003,312.25,315.29,284.64,304.06
2024-11-21,1003,295.81,313.39,319.91,309.7
2024-11-22,1003,310.18,307.72,340.07,319.32
2024-11-23,1003,303.93,291.51,300.09,298.51
2024-11-24,1003,325.27,305.76,314.36,315.13
2024-11-25,1003,281.61,302.02,285.19,289.61
2024-11-26,1003,287.6,290.71,299.14,292.48
2024-11-27,1003,323.85,312.46,266.68,301.0
2024-11-28,1003,317.2,283.73,315.47,305.47
2024-11-29,1003,309.13,300.4,305.01,304.85
2024-11-30,1003,271.54,299.27,283.6,284.8
2024-12-01,1003,312.14,316.68,271.87,300.23
2024-12-02,1003,324.48,303.77,299.44,309.23
2024-12-03,1003,323.87,318.29,313.85,318.67
2024-12-04,1003,269.4,290.68,269.36,276.48
2024-12-05,1003,328.86,307.75,332.8,323.14
2024-12-06,1003,315.08,291.53,315.03,307.21
2024-12-07,1003,283.65,291.72,341.48,305.62
2024-12-08,1003,314.38,318.69,345.45,326.17
2024-12-09,1003,320.8,309.49,315.78,315.36
2024-12-10,1003,331.49,322.34,296.89,316.91
2024-12-11,1003,321.1,312.16,298.72,310.66
2024-12-12,1003,297.33,323.15,315.21,311.9
2024-12-13,1003,270.52,325.28,289.71,295.17
2024-12-14,1003,311.53,310.26,321.94,314.58
2024-12-15,1003,274.45,309.93,260.66,281.68
2024-12-16,1003,325.39,299.94,298.72,308.02
2024-12-17,1003,320.76,290.05,295.27,302.03
2024-12-18,1003,282.3,304.86,274.51,287.22
2024-12-19,1003,320.71,314.99,261.47,299.06
2024-12-20,1003,288.9,304.66,265.34,286.3
2024-12-21,1003,278.53,287.32,273.76,279.87
2024-12-22,1003,322.03,279.06,261.49,287.53
2024-12-23,1003,287.86,295.13,311.15,298.05
2024-12-24,1003,315.04,308.49,309.74,311.09
2024-12-25,1003,279.82,295.27,268.49,281.19
2024-12-26,1003,323.24,324.8,314.05,320.7
2024-12-27,1003,320.2,306.22,313.14,313.19
2024-12-28,1003,321.64,280.94,324.87,309.15
2024-12-29,1003,308.73,293.42,343.96,315.37
2024-12-30,1003,277.2,312.68,273.01,287.63
2024-01-01,1004,159.88,141.04,132.08,144.33
2024-01-02,1004,159.78,139.5,154.33,151.2
2024-01-03,1004,152.35,150.08,159.16,153.86
2024-01-04,1004,143.31,159.31,138.64,147.09
2024-01-05,1004,148.48,142.0,166.28,152.25
2024-01-06,1004,133.48,151.56,165.91,150.32
2024-01-07,1004,144.85,158.4,155.7,152.98
2024-01-08,1004,140.0,138.23,132.06,136.76
2024-01-09,1004,156.0,139.38,131.46,142.28
2024-01-10,1004,133.29,139.98,166.66,146.64
2024-01-11,1004,151.45,148.74,155.72,151.97
2024-01-12,1004,138.77,136.95,145.89,140.54
2024-01-13,1004,157.19,159.49,132.94,149.87
2024-01-14,1004,161.99,159.35,156.14,159.16
2024-01-15,1004,133.6,154.5,166.06,151.39
2024-01-16,1004,144.11,146.39,139.45,143.32
2024-01-17,1004,160.72,140.17,164.48,155.12
2024-01-18,1004,132.31,142.37,166.14,146.94
2024-01-19,1004,138.48,153.05,126.93,139.49
2024-01-20,1004,134.87,155.5,136.11,142.16
2024-01-21,1004,149.51,138.57,126.43,138.17
2024-01-22,1004,156.78,159.67,135.06,150.5
2024-01-23,1004,161.52,157.7,147.99,155.74
2024-01-24,1004,161.91,158.85,132.94,151.23
2024-01-25,1004,138.96,155.33,142.46,145.58
2024-01-26,1004,162.04,150.93,144.14,152.37
2024-01-27,1004,156.82,142.69,128.79,142.77
2024-01-28,1004,149.01,158.0,147.72,151.58
2024-01-29,1004,153.17,153.35,133.4,146.64
2024-01-30,1004,132.42,144.58,149.4,142.13
2024-01-31,1004,156.66,146.25,161.01,154.64
2024-02-01,1004,143.48,150.33,153.63,149.15
2024-02-02,1004,133.16,136.43,164.43,144.67
2024-02-03,1004,154.06,143.6,148.13,148.6
2024-02-04,1004,157.82,156.47,143.72,152.67
2024-02-05,1004,130.4,136.5,151.7,139.53
2024-02-06,1004,130.36,146.03,157.53,144.64
2024-02-07,1004,137.7,155.27,151.78,148.25
2024-02-08,1004,150.55,155.67,144.12,150.11
2024-02-09,1004,151.89,146.63,147.32,148.61
2024-02-10,1004,141.79,159.59,146.98,149.45
2024-02-11,1004,159.94,154.98,145.69,153.54
2024-02-12,1004,146.13,140.58,146.26,144.32
2024-02-13,1004,141.03,158.56,149.33,149.64
2024-02-14,1004,134.33,144.92,130.08,136.44
2024-02-15,1004,155.42,141.25,132.98,143.22
2024-02-16,1004,153.23,145.94,148.63,149.27
2024-02-17,1004,151.79,142.78,151.67,148.75
2024-02-18,1004,135.8,151.36,136.57,141.24
2024-02-19,1004,152.02,150.57,165.27,155.95
2024-02-20,1004,138.19,159.41,142.95,146.85
2024-02-21,1004,137.02,141.69,138.16,138.96
2024-02-22,1004,130.76,156.84,168.51,152.04
2024-02-23,1004,130.35,152.12,162.3,148.26
2024-02-24,1004,155.82,150.61,127.67,144.7
2024-02-25,1004,142.11,154.24,161.65,152.67
2024-02-26,1004,143.34,154.29,147.14,148.26
2024-02-27,1004,132.96,158.19,162.3,151.15
2024-02-28,1004,156.31,156.14,138.51,150.32
2024-02-29,1004,134.99,148.75,151.22,144.99
2024-03-01,1004,161.36,137.09,132.03,143.49
2024-03-02,1004,160.44,151.79,162.17,158.13
2024-03-03,1004,145.07,147.84,128.88,140.6
2024-03-04,1004,155.01,147.51,132.31,144.94
2024-03-05,1004,158.5,150.54,132.65,147.23
2024-03-06,1004,132.49,150.86,136.91,140.09
2024-03-07,1004,161.96,147.9,145.86,151.91
2024-03-08,1004,147.91,148.95,129.65,142.17
2024-03-09,1004,157.97,138.38,129.71,142.02
2024-03-10,1004,134.31,153.06,130.17,139.18
2024-03-11,1004,155.78,141.56,154.03,150.46
2024-03-12,1004,158.54,139.03,164.12,153.9
2024-03-13,1004,144.02,139.84,156.75,146.87
2024-03-14,1004,146.58,155.3,167.21,156.36
2024-03-15,1004,147.54,145.36,163.31,152.07
2024-03-16,1004,146.07,156.06,162.58,154.9
2024-03-17,1004,146.12,149.58,136.25,143.98
2024-03-18,1004,140.98,138.56,136.28,138.61
2024-03-19,1004,135.61,146.93,139.3,140.61
2024-03-20,1004,147.82,149.08,141.5,146.13
2024-03-21,1004,142.39,142.14,136.48,140.34
2024-03-22,1004,136.82,152.81,126.62,138.75
2024-03-23,1004,141.14,149.37,134.77,141.76
2024-03-24,1004,157.85,140.72,164.47,154.35
2024-03-25,1004,140.5,157.46,131.3,143.09
2024-03-26,1004,132.78,140.67,167.54,147.0
2024-03-27,1004,160.15,148.92,137.65,148.91
2024-03-28,1004,162.29,142.3,155.49,153.36
2024-03-29,1004,130.24,159.68,161.27,150.4
2024-03-30,1004,139.88,139.61,138.31,139.27
2024-03-31,1004,147.67,137.86,126.48,137.34
2024-04-01,1004,160.47,151.11,161.25,157.61
2024-04-02,1004,133.64,156.75,160.42,150.27
2024-04-03,1004,145.97,150.82,167.65,154.81
2024-04-04,1004,131.75,137.52,133.99,134.42
2024-04-05,1004,153.65,139.25,162.77,151.89
2024-04-06,1004,138.22,144.84,136.98,140.01
2024-04-07,1004,162.21,137.35,131.99,143.85
2024-04-08,1004,131.89,155.82,148.39,145.37
2024-04-09,1004,135.67,140.71,139.82,138.73
2024-04-10,1004,133.9,158.98,126.66,139.85
2024-04-11,1004,139.78,139.24,132.14,137.05
2024-04-12,1004,155.58,158.21,156.37,156.72
2024-04-13,1004,157.51,140.98,128.9,142.46
2024-04-14,1004,160.04,151.41,129.69,147.05
2024-04-15,1004,141.09,145.55,127.95,138.2
2024-04-16,1004,143.16,144.33,159.96,149.15
2024-04-17,1004,142.04,144.86,132.4,139.77
2024-04-18,1004,136.31,144.71,130.37,137.13
2024-04-19,1004,162.19,154.5,142.99,153.23
2024-04-20,1004,148.14,140.16,142.48,143.59
2024-04-21,1004,151.28,156.54,165.34,157.72
2024-04-22,1004,147.82,153.55,159.26,153.54
2024-04-23,1004,156.06,153.07,129.5,146.21
2024-04-24,1004,141.09,136.46,143.44,140.33
2024-04-25,1004,151.7,155.82,135.24,147.59
2024-04-26,1004,135.21,159.09,163.05,152.45
2024-04-27,1004,133.28,143.2,153.99,143.49
2024-04-28,1004,132.25,149.03,151.89,144.39
2024-04-29,1004,141.98,155.99,134.33,144.1
2024-04-30,1004,154.91,152.91,134.89,147.57
2024-05-01,1004,144.17,158.9,145.74,149.6
2024-05-02,1004,161.07,143.6,164.19,156.29
2024-05-03,1004,132.83,153.17,139.5,141.83
2024-05-04,1004,145.9,154.43,142.64,147.66
2024-05-05,1004,142.07,148.47,161.56,150.7
2024-05-06,1004,151.94,142.41,137.99,144.11
2024-05-07,1004,148.89,151.35,126.98,142.41
2024-05-08,1004,147.87,144.53,129.3,140.57
2024-05-09,1004,143.41,147.07,128.02,139.5
2024-05-10,1004,147.62,148.07,136.47,144.05
2024-05-11,1004,136.3,146.93,138.38,140.54
2024-05-12,1004,151.29,155.54,144.21,150.35
2024-05-13,1004,162.0,150.14,157.16,156.43
2024-05-14,1004,131.34,149.5,166.52,149.12
2024-05-15,1004,145.02,158.39,155.56,152.99
2024-05-16,1004,137.93,147.15,145.88,143.65
2024-05-17,1004,135.46,147.95,162.51,148.64
2024-05-18,1004,160.55,157.61,134.97,151.04
2024-05-19,1004,157.04,158.93,165.15,160.37
2024-05-20,1004,131.02,141.87,146.07,139.65
2024-05-21,1004,154.27,142.65,150.74,149.22
2024-05-22,1004,154.52,152.44,169.62,158.86
2024-05-23,1004,140.84,146.45,163.69,150.33
2024-05-24,1004,136.74,156.69,128.33,140.59
2024-05-25,1004,140.35,148.15,167.41,151.97
2024-05-26,1004,157.98,145.4,134.52,145.97
2024-05-27,1004,159.89,154.06,148.09,154.01
2024-05-28,1004,132.01,142.24,145.02,139.76
2024-05-29,1004,155.06,142.38,151.89,149.78
2024-05-30,1004,158.8,148.22,160.04,155.69
2024-05-31,1004,133.85,139.02,149.17,140.68
2024-06-01,1004,153.63,136.8,152.09,147.51
2024-06-02,1004,145.87,137.54,150.15,144.52
2024-06-03,1004,144.12,143.61,165.9,151.21
2024-06-04,1004,143.31,137.0,141.09,140.47
2024-06-05,1004,160.98,142.37,161.68,155.01
2024-06-06,1004,132.41,158.13,159.67,150.07
2024-06-07,1004,151.18,158.95,157.35,155.83
2024-06-08,1004,133.92,148.53,131.31,137.92
2024-06-09,1004,150.37,136.27,134.32,140.32
2024-06-10,1004,142.6,146.07,157.38,148.68
2024-06-11,1004,143.48,141.18,168.53,151.06
2024-06-12,1004,130.96,141.28,160.3,144.18
2024-06-13,1004,145.55,136.27,129.44,137.09
2024-06-14,1004,159.89,156.25,155.99,157.38
2024-06-15,1004,157.62,154.94,148.24,153.6
2024-06-16,1004,153.77,159.23,132.59,148.53
2024-06-17,1004,155.9,140.45,128.64,141.66
2024-06-18,1004,157.29,144.67,163.01,154.99
2024-06-19,1004,160.25,136.25,129.03,141.84
2024-06-20,1004,159.01,146.91,152.61,152.84
2024-06-21,1004,161.58,142.39,147.63,150.53
2024-06-22,1004,146.47,139.45,145.29,143.74
2024-06-23,1004,149.17,136.23,159.44,148.28
2024-06-24,1004,131.84,153.89,168.05,151.26
2024-06-25,1004,136.1,149.68,132.55,139.44
2024-06-26,1004,148.34,145.17,144.32,145.94
2024-06-27,1004,132.67,156.88,129.14,139.56
2024-06-28,1004,138.92,144.8,150.92,144.88
2024-06-29,1004,154.17,138.08,155.36,149.2
2024-06-30,1004,131.72,140.55,160.75,144.34
2024-07-01,1004,142.61,156.24,158.91,152.59
2024-07-02,1004,138.31,157.81,151.48,149.2
2024-07-03,1004,142.02,155.13,148.89,148.68
2024-07-04,1004,147.58,158.19,139.36,148.38
2024-07-05,1004,138.18,136.89,130.2,135.09
2024-07-06,1004,142.19,147.9,157.86,149.32
2024-07-07,1004,145.9,148.83,161.98,152.24
2024-07-08,1004,152.66,149.18,156.71,152.85
2024-07-09,1004,151.77,148.44,154.04,151.42
2024-07-10,1004,149.22,138.05,145.63,144.3
2024-07-11,1004,146.21,157.2,137.55,146.99
2024-07-12,1004,159.27,152.25,163.78,158.43
2024-07-13,1004,140.55,140.25,136.3,139.03
2024-07-14,1004,140.54,139.22,138.82,139.53
2024-07-15,1004,141.4,153.69,165.32,153.47
2024-07-16,1004,154.33,139.63,131.46,141.81
2024-07-17,1004,138.13,137.53,131.52,135.73
2024-07-18,1004,138.35,149.17,149.08,145.53
2024-07-19,1004,158.24,143.35,156.47,152.69
2024-07-20,1004,141.56,148.89,128.91,139.79
2024-07-21,1004,152.14,155.03,150.6,152.59
2024-07-22,1004,141.68,155.17,138.75,145.2
2024-07-23,1004,142.44,143.19,146.06,143.9
2024-07-24,1004,147.85,151.68,165.75,155.09
2024-07-25,1004,153.18,155.52,163.7,157.47
2024-07-26,1004,144.36,141.49,138.6,141.48
2024-07-27,1004,157.04,146.15,152.12,151.77
2024-07-28,1004,133.03,158.78,161.49,151.1
2024-07-29,1004,160.48,144.18,132.82,145.83
2024-07-30,1004,130.24,141.66,167.31,146.4
2024-07-31,1004,148.66,156.42,146.84,150.64
2024-08-01,1004,132.53,159.52,143.77,145.27
2024-08-02,1004,140.02,138.08,125.74,134.61
2024-08-03,1004,148.73,159.67,138.4,148.93
2024-08-04,1004,135.45,142.78,160.85,146.36
2024-08-05,1004,137.67,156.88,140.24,144.93
2024-08-06,1004,150.81,139.93,144.75,145.16
2024-08-07,1004,144.87,159.44,128.11,144.14
2024-08-08,1004,146.48,143.51,158.03,149.34
2024-08-09,1004,156.31,156.15,150.1,154.19
2024-08-10,1004,143.08,143.53,146.41,144.34
2024-08-11,1004,140.29,138.35,149.05,142.56
2024-08-12,1004,137.25,147.02,144.9,143.06
2024-08-13,1004,143.98,143.93,139.72,142.54
2024-08-14,1004,130.53,154.85,146.85,144.08
2024-08-15,1004,160.45,156.36,157.17,157.99
2024-08-16,1004,161.84,158.88,135.23,151.98
2024-08-17,1004,137.06,152.03,143.65,144.25
2024-08-18,1004,146.76,157.76,165.79,156.77
2024-08-19,1004,150.26,139.8,168.62,152.89
2024-08-20,1004,134.06,138.05,166.02,146.04
2024-08-21,1004,144.72,150.2,128.86,141.26
2024-08-22,1004,159.67,154.51,126.54,146.91
2024-08-23,1004,139.07,157.55,153.8,150.14
2024-08-24,1004,161.27,137.87,149.3,149.48
2024-08-25,1004,135.96,149.71,168.18,151.28
2024-08-26,1004,150.28,144.08,163.65,152.67
2024-08-27,1004,136.33,154.22,137.46,142.67
2024-08-28,1004,140.58,147.04,167.52,151.71
2024-08-29,1004,141.77,139.57,148.3,143.21
2024-08-30,1004,160.37,145.11,147.49,150.99
2024-08-31,1004,130.24,143.6,144.39,139.41
2024-09-01,1004,131.35,151.25,137.33,139.98
2024-09-02,1004,156.2,156.18,147.11,153.16
2024-09-03,1004,136.64,141.13,138.63,138.8
2024-09-04,1004,159.75,150.59,143.95,151.43
2024-09-05,1004,136.96,149.42,152.99,146.46
2024-09-06,1004,151.23,152.55,153.99,152.59
2024-09-07,1004,144.01,139.08,167.72,150.27
2024-09-08,1004,155.04,147.81,139.43,147.43
2024-09-09,1004,152.01,137.14,150.8,146.65
2024-09-10,1004,137.56,156.91,126.57,140.35
2024-09-11,1004,144.65,136.2,162.03,147.63
2024-09-12,1004,152.15,152.65,168.09,157.63
2024-09-13,1004,161.14,151.22,138.91,150.42
2024-09-14,1004,141.9,151.66,146.57,146.71
2024-09-15,1004,132.09,145.81,149.93,142.61
2024-09-16,1004,157.05,154.28,127.4,146.24
2024-09-17,1004,160.53,155.78,163.05,159.79
2024-09-18,1004,145.43,139.75,127.06,137.41
2024-09-19,1004,137.92,138.0,166.87,147.6
2024-09-20,1004,159.77,144.21,153.25,152.41
2024-09-21,1004,157.16,154.17,141.23,150.85
2024-09-22,1004,130.12,141.74,134.92,135.59
2024-09-23,1004,139.21,140.56,148.05,142.61
2024-09-24,1004,132.67,144.46,158.85,145.33
2024-09-25,1004,161.33,154.78,152.46,156.19
2024-09-26,1004,162.14,145.1,132.43,146.56
2024-09-27,1004,149.17,149.91,145.45,148.18
2024-09-28,1004,144.71,148.75,155.12,149.53
2024-09-29,1004,151.13,139.59,167.05,152.59
2024-09-30,1004,130.78,140.89,147.29,139.65
2024-10-01,1004,160.36,147.48,147.44,151.76
2024-10-02,1004,138.15,157.31,166.08,153.85
2024-10-03,1004,152.14,154.45,131.49,146.03
2024-10-04,1004,146.3,139.69,133.8,139.93
2024-10-05,1004,150.39,137.79,148.02,145.4
2024-10-06,1004,150.85,149.2,158.43,152.83
2024-10-07,1004,144.19,147.49,154.43,148.7
2024-10-08,1004,150.24,143.36,129.49,141.03
2024-10-09,1004,152.54,139.04,141.5,144.36
2024-10-10,1004,131.54,141.63,165.15,146.11
2024-10-11,1004,161.31,150.54,137.29,149.71
2024-10-12,1004,138.08,156.89,144.13,146.37
2024-10-13,1004,143.39,140.56,148.62,144.19
2024-10-14,1004,132.26,152.42,151.05,145.24
2024-10-15,1004,147.49,156.84,143.87,149.4
2024-10-16,1004,139.16,143.71,167.6,150.16
2024-10-17,1004,151.95,139.87,147.26,146.36
2024-10-18,1004,150.49,151.86,131.28,144.54
2024-10-19,1004,155.32,142.3,167.09,154.9
2024-10-20,1004,137.24,146.51,153.09,145.61
2024-10-21,1004,161.42,157.09,137.67,152.06
2024-10-22,1004,145.14,143.47,151.45,146.69
2024-10-23,1004,150.58,152.58,157.22,153.46
2024-10-24,1004,145.02,142.24,136.41,141.22
2024-10-25,1004,142.42,153.77,129.98,142.06
2024-10-26,1004,155.18,141.01,147.92,148.04
2024-10-27,1004,155.49,154.28,135.8,148.52
2024-10-28,1004,142.48,147.91,152.52,147.64
2024-10-29,1004,146.54,140.2,161.73,149.49
2024-10-30,1004,155.04,158.09,167.7,160.28
2024-10-31,1004,146.98,138.7,167.11,150.93
2024-11-01,1004,143.34,145.1,160.93,149.79
2024-11-02,1004,138.81,148.08,132.22,139.7
2024-11-03,1004,153.37,158.22,166.15,159.25
2024-11-04,1004,134.4,143.18,165.39,147.66
2024-11-05,1004,133.7,158.45,144.46,145.54
2024-11-06,1004,131.62,148.9,140.7,140.41
2024-11-07,1004,158.38,151.69,144.93,151.67
2024-11-08,1004,134.01,148.62,138.3,140.31
2024-11-09,1004,158.18,139.89,161.72,153.26
2024-11-10,1004,138.75,157.42,139.9,145.36
2024-11-11,1004,131.54,153.07,145.4,143.34
2024-11-12,1004,151.91,136.04,161.43,149.79
2024-11-13,1004,142.68,147.5,141.43,143.87
2024-11-14,1004,150.99,136.59,144.76,144.11
2024-11-15,1004,133.19,153.97,152.56,146.57
2024-11-16,1004,134.69,150.76,134.9,140.12
2024-11-17,1004,139.34,158.47,163.05,153.62
2024-11-18,1004,133.57,147.69,132.81,138.02
2024-11-19,1004,145.97,144.65,154.04,148.22
2024-11-20,1004,139.05,157.03,127.48,141.19
2024-11-21,1004,139.8,154.7,127.07,140.52
2024-11-22,1004,139.98,144.61,128.63,137.74
2024-11-23,1004,151.42,146.51,167.77,155.23
2024-11-24,1004,145.81,152.66,128.7,142.39
2024-11-25,1004,154.13,140.51,151.12,148.59
2024-11-26,1004,160.77,148.3,141.31,150.13
2024-11-27,1004,138.85,151.51,149.35,146.57
2024-11-28,1004,152.69,147.61,148.42,149.57
2024-11-29,1004,145.43,152.75,167.41,155.2
2024-11-30,1004,146.26,148.91,133.15,142.77
2024-12-01,1004,160.88,140.69,164.51,155.36
2024-12-02,1004,147.7,156.13,146.98,150.27
2024-12-03,1004,148.96,140.5,165.64,151.7
2024-12-04,1004,133.35,150.32,131.05,138.24
2024-12-05,1004,143.22,149.96,129.64,140.94
2024-12-06,1004,162.23,149.31,156.17,155.9
2024-12-07,1004,161.86,142.8,144.48,149.71
2024-12-08,1004,156.47,148.73,138.02,147.74
2024-12-09,1004,159.23,152.26,136.77,149.42
2024-12-10,1004,148.74,145.6,141.81,145.38
2024-12-11,1004,161.69,140.19,152.17,151.35
2024-12-12,1004,138.38,155.55,147.21,147.05
2024-12-13,1004,136.03,138.06,157.36,143.82
2024-12-14,1004,142.82,145.87,146.49,145.06
2024-12-15,1004,140.19,151.73,155.21,149.04
2024-12-16,1004,136.41,141.01,126.7,134.71
2024-12-17,1004,137.52,142.65,131.33,137.17
2024-12-18,1004,134.48,151.28,140.75,142.17
2024-12-19,1004,138.44,151.43,130.84,140.24
2024-12-20,1004,138.83,150.32,164.33,151.16
2024-12-21,1004,143.28,141.36,137.09,140.58
2024-12-22,1004,159.84,144.74,142.25,148.94
2024-12-23,1004,151.29,150.56,140.5,147.45
2024-12-24,1004,158.44,148.16,143.35,149.98
2024-12-25,1004,130.53,156.65,145.5,144.23
2024-12-26,1004,144.41,147.77,143.59,145.26
2024-12-27,1004,161.39,150.21,161.5,157.7
2024-12-28,1004,141.07,149.5,163.88,151.48
2024-12-29,1004,157.78,141.07,155.35,151.4
2024-12-30,1004,134.19,139.1,150.38,141.22
2024-01-01,1005,228.29,243.91,270.79,247.66
2024-01-02,1005,212.23,224.96,247.7,228.3
2024-01-03,1005,223.66,250.83,207.9,227.46
2024-01-04,1005,240.61,248.59,229.38,239.53
2024-01-05,1005,239.93,245.21,222.51,235.88
2024-01-06,1005,222.89,239.83,264.31,242.34
2024-01-07,1005,229.56,236.16,232.17,232.63
2024-01-08,1005,242.22,258.59,215.85,238.89
2024-01-09,1005,224.37,252.47,254.49,243.78
2024-01-10,1005,245.97,238.47,249.22,244.55
2024-01-11,1005,237.84,240.92,262.17,246.98
2024-01-12,1005,217.02,248.29,239.84,235.05
2024-01-13,1005,213.95,252.12,206.56,224.21
2024-01-14,1005,218.86,249.27,204.45,224.19
2024-01-15,1005,248.73,255.81,254.6,253.05
2024-01-16,1005,211.11,225.25,242.31,226.22
2024-01-17,1005,249.59,240.66,209.18,233.14
2024-01-18,1005,249.29,254.97,212.3,238.85
2024-01-19,1005,211.66,258.91,224.07,231.55
2024-01-20,1005,241.65,255.32,226.88,241.28
2024-01-21,1005,244.01,233.54,219.04,232.2
2024-01-22,1005,258.63,235.87,221.49,238.66
2024-01-23,1005,250.32,257.9,235.36,247.86
2024-01-24,1005,219.34,247.13,240.79,235.75
2024-01-25,1005,234.28,255.21,257.85,249.11
2024-01-26,1005,228.22,258.38,251.86,246.15
2024-01-27,1005,243.93,222.8,205.57,224.1
2024-01-28,1005,234.17,230.71,215.7,226.86
2024-01-29,1005,221.6,232.9,246.43,233.64
2024-01-30,1005,214.91,251.8,257.98,241.56
2024-01-31,1005,246.36,238.94,250.06,245.12
2024-02-01,1005,252.08,239.83,229.57,240.49
2024-02-02,1005,247.59,254.05,228.48,243.37
2024-02-03,1005,257.62,240.89,241.09,246.53
2024-02-04,1005,261.94,223.46,207.69,231.03
2024-02-05,1005,243.48,239.15,210.59,231.07
2024-02-06,1005,227.49,232.39,264.13,241.34
2024-02-07,1005,224.58,243.39,271.19,246.39
2024-02-08,1005,247.42,233.83,223.79,235.01
2024-02-09,1005,245.06,234.27,207.38,228.9
2024-02-10,1005,251.25,241.25,264.34,252.28
2024-02-11,1005,223.55,237.8,209.05,223.47
2024-02-12,1005,259.7,236.98,274.75,257.14
2024-02-13,1005,211.32,249.35,268.82,243.16
2024-02-14,1005,233.44,256.46,242.87,244.26
2024-02-15,1005,211.08,251.72,210.15,224.32
2024-02-16,1005,222.05,246.16,209.51,225.91
2024-02-17,1005,249.87,232.19,237.19,239.75
2024-02-18,1005,250.17,232.25,251.5,244.64
2024-02-19,1005,217.8,236.96,221.63,225.46
2024-02-20,1005,257.56,254.85,217.98,243.46
2024-02-21,1005,231.7,248.01,251.29,243.67
2024-02-22,1005,230.99,224.58,255.58,237.05
2024-02-23,1005,224.18,233.08,227.89,228.38
2024-02-24,1005,253.42,255.06,241.13,249.87
2024-02-25,1005,257.43,221.13,271.82,250.13
2024-02-26,1005,259.8,221.57,245.68,242.35
2024-02-27,1005,233.67,245.66,256.16,245.16
2024-02-28,1005,219.72,229.6,222.8,224.04
2024-02-29,1005,263.08,232.73,212.14,235.98
2024-03-01,1005,256.13,230.49,205.35,230.66
2024-03-02,1005,216.5,237.19,220.39,224.69
2024-03-03,1005,260.66,255.4,244.63,253.56
2024-03-04,1005,232.77,248.55,236.34,239.22
2024-03-05,1005,228.77,242.15,210.69,227.2
2024-03-06,1005,221.92,254.27,215.24,230.48
2024-03-07,1005,247.54,235.33,266.38,249.75
2024-03-08,1005,214.59,238.47,262.9,238.65
2024-03-09,1005,237.11,225.18,204.83,222.37
2024-03-10,1005,252.74,231.98,239.51,241.41
2024-03-11,1005,223.25,225.87,218.0,222.37
2024-03-12,1005,211.53,244.7,226.61,227.61
2024-03-13,1005,229.29,234.37,204.46,222.71
2024-03-14,1005,260.65,254.86,242.38,252.63
2024-03-15,1005,231.46,245.47,207.07,228.0
2024-03-16,1005,240.04,254.7,211.38,235.37
2024-03-17,1005,231.83,232.78,232.64,232.42
2024-03-18,1005,253.34,237.58,239.14,243.35
2024-03-19,1005,236.92,230.52,267.51,244.98
2024-03-20,1005,225.24,251.45,207.02,227.9
2024-03-21,1005,253.04,235.78,239.26,242.69
2024-03-22,1005,239.4,222.53,204.02,221.98
2024-03-23,1005,217.44,225.0,233.41,225.28
2024-03-24,1005,220.46,223.69,271.5,238.55
2024-03-25,1005,256.6,250.28,215.99,240.96
2024-03-26,1005,242.52,233.57,222.73,232.94
2024-03-27,1005,241.92,234.42,238.05,238.13
2024-03-28,1005,258.59,226.92,231.29,238.93
2024-03-29,1005,249.5,256.39,223.91,243.27
2024-03-30,1005,242.86,222.83,268.15,244.61
2024-03-31,1005,254.92,226.4,206.62,229.31
2024-04-01,1005,217.85,238.61,246.89,234.45
2024-04-02,1005,212.77,236.76,268.25,239.26
2024-04-03,1005,219.57,255.39,240.99,238.65
2024-04-04,1005,251.01,248.71,254.87,251.53
2024-04-05,1005,247.36,229.07,235.41,237.28
2024-04-06,1005,234.96,251.03,264.18,250.06
2024-04-07,1005,225.5,232.72,212.25,223.49
2024-04-08,1005,235.06,255.49,211.36,233.97
2024-04-09,1005,216.09,256.03,244.75,238.96
2024-04-10,1005,224.62,247.25,206.7,226.19
2024-04-11,1005,244.63,229.12,252.56,242.1
2024-04-12,1005,243.63,238.14,268.17,249.98
2024-04-13,1005,253.32,236.39,220.4,236.7
2024-04-14,1005,223.05,240.76,261.84,241.88
2024-04-15,1005,224.0,224.83,261.0,236.61
2024-04-16,1005,256.16,233.93,273.85,254.65
2024-04-17,1005,213.2,247.69,236.29,232.39
2024-04-18,1005,212.69,254.02,213.82,226.84
2024-04-19,1005,261.71,247.23,261.5,256.81
2024-04-20,1005,223.41,239.08,243.55,235.35
2024-04-21,1005,261.09,227.15,273.32,253.85
2024-04-22,1005,228.63,237.87,244.9,237.13
2024-04-23,1005,249.7,246.95,263.8,253.48
2024-04-24,1005,241.92,234.82,238.82,238.52
2024-04-25,1005,222.32,224.68,252.99,233.33
2024-04-26,1005,249.54,222.63,267.46,246.54
2024-04-27,1005,241.95,258.09,242.14,247.39
2024-04-28,1005,221.12,237.55,245.92,234.86
2024-04-29,1005,231.56,222.45,261.49,238.5
2024-04-30,1005,237.15,249.12,259.28,248.52
2024-05-01,1005,262.42,246.09,233.22,247.24
2024-05-02,1005,223.82,227.22,241.97,231.0
2024-05-03,1005,217.26,245.77,224.23,229.09
2024-05-04,1005,260.3,253.92,220.65,244.96
2024-05-05,1005,262.27,234.97,252.88,250.04
2024-05-06,1005,261.89,241.32,224.56,242.59
2024-05-07,1005,245.06,234.98,272.26,250.77
2024-05-08,1005,259.64,232.95,222.0,238.2
2024-05-09,1005,216.48,256.82,261.05,244.78
2024-05-10,1005,231.35,236.07,260.2,242.54
2024-05-11,1005,233.23,239.09,230.92,234.41
2024-05-12,1005,247.21,237.37,217.86,234.15
2024-05-13,1005,236.7,232.09,249.76,239.52
2024-05-14,1005,249.58,222.18,210.67,227.48
2024-05-15,1005,214.68,258.84,224.63,232.72
2024-05-16,1005,260.43,240.59,230.09,243.7
2024-05-17,1005,228.72,228.59,231.03,229.45
2024-05-18,1005,226.32,242.78,208.59,225.9
2024-05-19,1005,260.48,235.11,251.62,249.07
2024-05-20,1005,214.13,232.35,215.19,220.56
2024-05-21,1005,211.88,242.04,231.15,228.36
2024-05-22,1005,227.58,231.96,256.61,238.72
2024-05-23,1005,216.19,255.08,229.02,233.43
2024-05-24,1005,217.68,243.25,241.63,234.19
2024-05-25,1005,253.09,243.29,210.82,235.73
2024-05-26,1005,252.86,244.77,214.83,237.49
2024-05-27,1005,212.33,236.43,227.8,225.52
2024-05-28,1005,242.22,255.68,261.25,253.05
2024-05-29,1005,211.6,244.53,233.55,229.89
2024-05-30,1005,262.8,244.18,260.94,255.97
2024-05-31,1005,251.06,221.48,262.62,245.05
2024-06-01,1005,230.3,244.1,253.92,242.77
2024-06-02,1005,214.72,243.23,241.31,233.09
2024-06-03,1005,233.33,235.91,205.75,225.0
2024-06-04,1005,257.13,233.27,246.14,245.51
2024-06-05,1005,211.99,223.49,240.57,225.35
2024-06-06,1005,214.78,227.9,259.34,234.01
2024-06-07,1005,245.04,221.72,263.46,243.41
2024-06-08,1005,248.43,228.88,206.75,228.02
2024-06-09,1005,228.86,236.69,240.43,235.33
2024-06-10,1005,212.58,243.85,232.32,229.58
2024-06-11,1005,250.44,253.55,239.46,247.82
2024-06-12,1005,221.91,237.56,208.52,222.66
2024-06-13,1005,258.69,253.8,237.27,249.92
2024-06-14,1005,253.41,237.2,260.38,250.33
2024-06-15,1005,236.7,238.39,260.33,245.14
2024-06-16,1005,220.53,238.58,273.5,244.2
2024-06-17,1005,212.77,238.59,250.37,233.91
2024-06-18,1005,256.02,241.68,218.04,238.58
2024-06-19,1005,239.05,222.62,215.25,225.64
2024-06-20,1005,223.36,238.03,241.05,234.15
2024-06-21,1005,252.72,244.36,211.98,236.35
2024-06-22,1005,231.98,249.17,245.63,242.26
2024-06-23,1005,223.01,242.72,234.31,233.35
2024-06-24,1005,246.02,253.35,222.4,240.59
2024-06-25,1005,228.62,243.47,210.34,227.48
2024-06-26,1005,261.65,248.1,260.55,256.77
2024-06-27,1005,234.78,253.57,272.69,253.68
2024-06-28,1005,241.82,241.29,236.55,239.89
2024-06-29,1005,223.78,240.19,231.18,231.72
2024-06-30,1005,229.52,237.99,213.45,226.99
2024-07-01,1005,241.15,249.82,214.63,235.2
2024-07-02,1005,223.07,221.08,213.22,219.12
2024-07-03,1005,263.06,232.48,213.22,236.25
2024-07-04,1005,214.42,253.73,273.02,247.06
2024-07-05,1005,212.21,245.22,233.63,230.35
2024-07-06,1005,245.55,236.61,216.77,232.98
2024-07-07,1005,256.35,225.14,260.37,247.29
2024-07-08,1005,247.7,237.58,271.83,252.37
2024-07-09,1005,231.2,257.35,227.59,238.71
2024-07-10,1005,225.31,251.47,275.48,250.75
2024-07-11,1005,238.49,231.95,204.95,225.13
2024-07-12,1005,234.45,227.2,266.67,242.77
2024-07-13,1005,245.34,245.72,272.64,254.57
2024-07-14,1005,259.99,256.4,255.69,257.36
2024-07-15,1005,238.15,229.52,216.88,228.18
2024-07-16,1005,235.77,256.65,217.22,236.55
2024-07-17,1005,240.36,227.16,226.59,231.37
2024-07-18,1005,225.85,257.94,214.88,232.89
2024-07-19,1005,242.5,255.78,224.56,240.95
2024-07-20,1005,248.64,247.03,226.82,240.83
2024-07-21,1005,259.76,238.18,264.73,254.22
2024-07-22,1005,219.31,237.0,242.51,232.94
2024-07-23,1005,252.27,246.73,249.54,249.51
2024-07-24,1005,240.43,250.85,242.79,244.69
2024-07-25,1005,257.87,238.7,267.02,254.53
2024-07-26,1005,253.47,245.93,232.49,243.96
2024-07-27,1005,230.76,235.53,210.73,225.67
2024-07-28,1005,245.24,236.49,233.03,238.25
2024-07-29,1005,242.37,250.26,263.43,252.02
2024-07-30,1005,245.66,254.47,238.76,246.3
2024-07-31,1005,258.52,237.83,223.59,239.98
2024-08-01,1005,226.18,230.94,265.8,240.97
2024-08-02,1005,220.16,233.85,208.27,220.76
2024-08-03,1005,257.74,229.13,237.2,241.36
2024-08-04,1005,251.29,240.32,252.1,247.9
2024-08-05,1005,232.3,255.45,257.11,248.29
2024-08-06,1005,229.39,240.61,251.0,240.33
2024-08-07,1005,256.48,226.57,236.33,239.79
2024-08-08,1005,224.22,245.2,266.98,245.47
2024-08-09,1005,263.44,224.71,220.61,236.25
2024-08-10,1005,216.2,221.21,215.44,217.62
2024-08-11,1005,237.56,253.19,205.31,232.02
2024-08-12,1005,256.54,231.51,253.26,247.1
2024-08-13,1005,212.88,236.34,224.65,224.62
2024-08-14,1005,235.15,243.91,247.32,242.13
2024-08-15,1005,225.57,230.8,242.42,232.93
2024-08-16,1005,215.85,248.21,219.22,227.76
2024-08-17,1005,223.06,243.04,230.57,232.22
2024-08-18,1005,221.78,226.61,267.19,238.53
2024-08-19,1005,212.92,239.74,243.72,232.13
2024-08-20,1005,220.41,230.31,262.18,237.63
2024-08-21,1005,237.3,228.85,208.17,224.77
2024-08-22,1005,248.5,241.11,214.2,234.6
2024-08-23,1005,220.34,243.9,228.09,230.78
2024-08-24,1005,215.63,229.19,217.38,220.73
2024-08-25,1005,224.96,221.1,241.18,229.08
2024-08-26,1005,242.14,238.71,245.1,241.98
2024-08-27,1005,228.08,229.74,222.74,226.85
2024-08-28,1005,237.59,223.24,255.91,238.91
2024-08-29,1005,246.08,237.0,267.82,250.3
2024-08-30,1005,247.53,254.53,239.51,247.19
2024-08-31,1005,222.65,235.54,266.13,241.44
2024-09-01,1005,222.37,234.29,224.29,226.98
2024-09-02,1005,224.34,238.06,231.61,231.34
2024-09-03,1005,215.26,224.08,246.35,228.56
2024-09-04,1005,233.83,222.7,241.01,232.51
2024-09-05,1005,216.52,225.38,211.12,217.67
2024-09-06,1005,224.31,227.29,272.76,241.45
2024-09-07,1005,228.32,228.69,239.24,232.08
2024-09-08,1005,238.64,255.12,215.67,236.48
2024-09-09,1005,217.75,235.93,216.09,223.26
2024-09-10,1005,240.39,236.42,272.03,249.61
2024-09-11,1005,223.21,250.29,228.23,233.91
2024-09-12,1005,227.34,245.92,244.6,239.29
2024-09-13,1005,249.67,224.0,251.92,241.86
2024-09-14,1005,218.46,248.13,235.31,233.97
2024-09-15,1005,237.78,225.49,238.14,233.8
2024-09-16,1005,236.41,258.7,253.25,249.45
2024-09-17,1005,251.55,222.19,212.69,228.81
2024-09-18,1005,255.66,233.92,250.94,246.84
2024-09-19,1005,229.89,242.78,228.47,233.71
2024-09-20,1005,217.75,223.41,267.05,236.07
2024-09-21,1005,228.4,235.65,222.7,228.92
2024-09-22,1005,249.05,240.26,271.73,253.68
2024-09-23,1005,241.87,255.94,207.38,235.06
2024-09-24,1005,223.81,254.26,205.22,227.76
2024-09-25,1005,245.72,237.48,207.08,230.09
2024-09-26,1005,212.57,247.1,238.51,232.73
2024-09-27,1005,214.44,242.67,248.6,235.24
2024-09-28,1005,256.47,244.26,204.76,235.16
2024-09-29,1005,240.88,245.54,229.05,238.49
2024-09-30,1005,246.47,220.8,270.37,245.88
2024-10-01,1005,228.61,234.97,219.27,227.62
2024-10-02,1005,212.84,232.9,262.15,235.96
2024-10-03,1005,247.87,232.57,211.02,230.49
2024-10-04,1005,262.77,239.58,204.54,235.63
2024-10-05,1005,241.57,223.52,271.72,245.6
2024-10-06,1005,252.22,249.62,247.5,249.78
2024-10-07,1005,244.21,241.88,274.82,253.64
2024-10-08,1005,257.07,228.91,209.88,231.95
2024-10-09,1005,254.79,237.66,244.92,245.79
2024-10-10,1005,243.5,252.41,215.18,237.03
2024-10-11,1005,219.7,225.37,274.36,239.81
2024-10-12,1005,220.08,246.25,247.69,238.01
2024-10-13,1005,258.18,235.57,226.39,240.05
2024-10-14,1005,256.6,256.29,225.68,246.19
2024-10-15,1005,260.15,230.06,245.36,245.19
2024-10-16,1005,211.32,242.31,228.25,227.29
2024-10-17,1005,255.97,244.01,265.23,255.07
2024-10-18,1005,234.81,221.08,243.91,233.27
2024-10-19,1005,249.89,242.56,208.65,233.7
2024-10-20,1005,225.55,223.69,234.76,228.0
2024-10-21,1005,249.05,245.34,227.79,240.73
2024-10-22,1005,244.67,241.87,204.67,230.4
2024-10-23,1005,260.77,252.02,246.13,252.97
2024-10-24,1005,229.0,238.92,225.15,231.02
2024-10-25,1005,262.63,224.78,270.9,252.77
2024-10-26,1005,249.29,237.37,249.18,245.28
2024-10-27,1005,241.55,239.75,245.54,242.28
2024-10-28,1005,215.47,222.64,222.08,220.06
2024-10-29,1005,253.93,222.13,251.26,242.44
2024-10-30,1005,236.63,232.36,241.09,236.69
2024-10-31,1005,217.08,258.89,234.46,236.81
2024-11-01,1005,230.24,252.61,236.53,239.79
2024-11-02,1005,255.68,248.86,219.08,241.21
2024-11-03,1005,262.54,230.49,236.66,243.23
2024-11-04,1005,241.18,257.21,241.02,246.47
2024-11-05,1005,213.19,232.72,245.26,230.39
2024-11-06,1005,223.09,229.08,218.32,223.5
2024-11-07,1005,251.92,235.7,240.14,242.59
2024-11-08,1005,237.69,221.8,213.33,224.27
2024-11-09,1005,233.35,240.48,230.47,234.77
2024-11-10,1005,251.31,248.36,218.56,239.41
2024-11-11,1005,228.49,249.6,227.54,235.21
2024-11-12,1005,262.74,229.3,247.89,246.64
2024-11-13,1005,236.78,247.58,240.77,241.71
2024-11-14,1005,215.59,256.57,231.06,234.41
2024-11-15,1005,228.15,248.11,213.59,229.95
2024-11-16,1005,253.84,229.18,255.46,246.16
2024-11-17,1005,239.53,238.32,227.29,235.05
2024-11-18,1005,263.06,256.62,265.88,261.85
2024-11-19,1005,245.73,254.98,232.12,244.28
2024-11-20,1005,242.75,247.87,272.24,254.29
2024-11-21,1005,238.52,230.94,259.72,243.06
2024-11-22,1005,228.08,239.1,248.26,238.48
2024-11-23,1005,261.78,240.26,256.65,252.9
2024-11-24,1005,232.52,236.34,243.0,237.29
2024-11-25,1005,218.15,239.67,216.01,224.61
2024-11-26,1005,242.96,245.94,232.75,240.55
2024-11-27,1005,251.62,234.78,272.92,253.11
2024-11-28,1005,220.13,231.03,224.4,225.19
2024-11-29,1005,212.72,223.55,223.55,219.94
2024-11-30,1005,253.14,242.24,204.26,233.21
2024-12-01,1005,217.05,246.58,254.36,239.33
2024-12-02,1005,211.04,257.24,262.43,243.57
2024-12-03,1005,260.31,251.71,264.08,258.7
2024-12-04,1005,261.69,246.67,244.9,251.09
2024-12-05,1005,242.66,238.91,270.96,250.84
2024-12-06,1005,247.29,251.02,245.79,248.03
2024-12-07,1005,214.44,236.07,205.53,218.68
2024-12-08,1005,259.1,253.12,213.02,241.75
2024-12-09,1005,239.12,230.86,268.56,246.18
2024-12-10,1005,258.01,235.37,256.86,250.08
2024-12-11,1005,260.0,238.06,256.69,251.58
2024-12-12,1005,216.35,239.67,253.49,236.5
2024-12-13,1005,247.9,247.65,239.28,244.94
2024-12-14,1005,234.8,228.28,225.98,229.69
2024-12-15,1005,224.15,232.31,259.3,238.59
2024-12-16,1005,219.96,250.37,213.18,227.84
2024-12-17,1005,247.31,244.93,262.18,251.47
2024-12-18,1005,225.82,226.24,224.65,225.57
2024-12-19,1005,246.06,235.26,255.61,245.64
2024-12-20,1005,239.59,221.54,209.59,223.57
2024-12-21,1005,249.11,224.02,264.74,245.96
2024-12-22,1005,254.32,236.14,219.78,236.75
2024-12-23,1005,239.44,242.32,272.1,251.29
2024-12-24,1005,253.32,256.83,210.93,240.36
2024-12-25,1005,255.71,240.02,257.67,251.13
2024-12-26,1005,249.65,226.96,229.13,235.25
2024-12-27,1005,248.41,234.75,243.8,242.32
2024-12-28,1005,230.56,245.52,256.04,244.04
2024-12-29,1005,243.55,237.09,216.97,232.54
2024-12-30,1005,222.02,233.59,262.1,239.24
2024-01-01,1006,210.61,223.02,208.21,213.95
2024-01-02,1006,235.97,209.02,213.03,219.34
2024-01-03,1006,229.68,224.58,186.99,213.75
2024-01-04,1006,230.65,220.76,238.59,230.0
2024-01-05,1006,231.24,205.26,188.28,208.26
2024-01-06,1006,197.4,227.77,227.63,217.6
2024-01-07,1006,209.57,205.0,201.64,205.4
2024-01-08,1006,227.89,225.6,220.81,224.77
2024-01-09,1006,192.06,228.44,188.1,202.87
2024-01-10,1006,209.1,228.53,202.49,213.37
2024-01-11,1006,217.1,211.27,217.81,215.39
2024-01-12,1006,202.3,214.24,218.73,211.76
2024-01-13,1006,200.85,223.38,207.66,210.63
2024-01-14,1006,211.52,215.15,184.68,203.78
2024-01-15,1006,216.23,208.68,194.03,206.31
2024-01-16,1006,215.04,205.16,216.09,212.1
2024-01-17,1006,225.44,202.11,213.47,213.67
2024-01-18,1006,202.22,216.5,216.68,211.8
2024-01-19,1006,217.33,212.16,244.59,224.69
2024-01-20,1006,229.72,213.22,236.8,226.58
2024-01-21,1006,222.93,208.33,202.45,211.24
2024-01-22,1006,200.58,198.34,229.47,209.46
2024-01-23,1006,200.95,211.41,213.99,208.78
2024-01-24,1006,223.64,209.45,203.83,212.31
2024-01-25,1006,196.63,204.82,238.79,213.41
2024-01-26,1006,231.0,221.18,205.31,219.16
2024-01-27,1006,224.57,215.1,235.8,225.16
2024-01-28,1006,232.8,215.97,206.51,218.43
2024-01-29,1006,231.6,205.44,242.59,226.54
2024-01-30,1006,231.43,207.96,190.07,209.82
2024-01-31,1006,218.81,226.05,241.37,228.74
2024-02-01,1006,198.52,201.75,206.71,202.33
2024-02-02,1006,206.21,204.49,225.06,211.92
2024-02-03,1006,209.97,231.28,197.1,212.78
2024-02-04,1006,216.09,230.35,207.66,218.03
2024-02-05,1006,218.56,208.25,193.58,206.8
2024-02-06,1006,193.28,222.39,223.55,213.07
2024-02-07,1006,223.84,216.57,208.79,216.4
2024-02-08,1006,234.22,221.47,188.05,214.58
2024-02-09,1006,194.16,232.41,244.59,223.72
2024-02-10,1006,206.9,227.44,210.27,214.87
2024-02-11,1006,226.41,199.47,221.57,215.82
2024-02-12,1006,206.19,214.48,204.82,208.5
2024-02-13,1006,191.27,214.52,244.94,216.91
2024-02-14,1006,224.46,220.29,224.94,223.23
2024-02-15,1006,213.62,222.35,221.16,219.04
2024-02-16,1006,222.44,216.72,207.74,215.63
2024-02-17,1006,231.94,215.42,236.55,227.97
2024-02-18,1006,192.6,200.08,207.8,200.16
2024-02-19,1006,224.91,200.06,197.52,207.5
2024-02-20,1006,196.54,202.93,244.25,214.57
2024-02-21,1006,208.96,210.57,234.37,217.97
2024-02-22,1006,224.73,211.99,200.22,212.31
2024-02-23,1006,205.95,206.65,208.99,207.2
2024-02-24,1006,197.79,199.82,225.49,207.7
2024-02-25,1006,213.09,205.39,230.89,216.46
2024-02-26,1006,232.52,201.91,246.76,227.06
2024-02-27,1006,234.2,223.22,195.53,217.65
2024-02-28,1006,208.16,223.88,208.21,213.42
2024-02-29,1006,231.04,199.95,208.14,213.04
2024-03-01,1006,194.7,221.23,201.72,205.88
2024-03-02,1006,190.56,213.4,184.62,196.19
2024-03-03,1006,204.94,202.86,207.56,205.12
2024-03-04,1006,214.85,218.65,196.19,209.9
2024-03-05,1006,201.51,206.06,216.81,208.13
2024-03-06,1006,198.96,220.44,236.07,218.49
2024-03-07,1006,202.13,199.66,202.97,201.59
2024-03-08,1006,200.08,222.66,233.83,218.86
2024-03-09,1006,208.08,203.82,208.96,206.95
2024-03-10,1006,192.94,215.81,204.49,204.41
2024-03-11,1006,204.53,226.58,219.04,216.72
2024-03-12,1006,203.82,211.52,237.25,217.53
2024-03-13,1006,208.34,227.5,210.82,215.55
2024-03-14,1006,224.94,216.65,235.53,225.71
2024-03-15,1006,223.62,225.9,205.6,218.37
2024-03-16,1006,211.07,210.46,219.1,213.54
2024-03-17,1006,201.91,206.12,214.3,207.44
2024-03-18,1006,202.58,204.16,229.68,212.14
2024-03-19,1006,223.55,223.69,192.16,213.13
2024-03-20,1006,199.38,204.73,191.34,198.48
2024-03-21,1006,211.96,225.31,231.47,222.91
2024-03-22,1006,190.55,209.06,224.46,208.02
2024-03-23,1006,230.08,221.9,200.38,217.45
2024-03-24,1006,204.23,199.55,243.54,215.77
2024-03-25,1006,213.01,224.81,197.55,211.79
2024-03-26,1006,236.71,205.11,220.43,220.75
2024-03-27,1006,235.72,230.98,240.42,235.71
2024-03-28,1006,225.77,232.31,194.88,217.65
2024-03-29,1006,198.01,212.84,234.55,215.13
2024-03-30,1006,236.88,212.07,223.01,223.99
2024-03-31,1006,222.67,230.65,218.29,223.87
2024-04-01,1006,199.7,215.62,184.51,199.94
2024-04-02,1006,190.39,207.43,216.46,204.76
2024-04-03,1006,220.29,212.61,243.38,225.43
2024-04-04,1006,195.89,221.61,219.42,212.31
2024-04-05,1006,219.33,232.32,217.72,223.12
2024-04-06,1006,201.63,225.11,245.11,223.95
2024-04-07,1006,211.52,210.87,206.04,209.48
2024-04-08,1006,221.86,205.15,215.16,214.06
2024-04-09,1006,215.13,224.9,225.98,222.0
2024-04-10,1006,197.39,232.64,190.9,206.98
2024-04-11,1006,201.3,223.47,235.66,220.14
2024-04-12,1006,203.63,222.8,190.68,205.7
2024-04-13,1006,207.12,218.69,215.79,213.87
2024-04-14,1006,192.33,218.1,239.03,216.49
2024-04-15,1006,216.27,209.76,193.24,206.42
2024-04-16,1006,233.94,226.1,228.03,229.36
2024-04-17,1006,199.05,229.72,194.51,207.76
2024-04-18,1006,202.17,205.54,221.96,209.89
2024-04-19,1006,207.34,223.16,219.09,216.53
2024-04-20,1006,207.01,230.59,186.77,208.12
2024-04-21,1006,227.81,204.65,202.35,211.6
2024-04-22,1006,228.18,223.1,230.4,227.23
2024-04-23,1006,221.92,226.96,185.91,211.6
2024-04-24,1006,196.74,217.56,242.54,218.95
2024-04-25,1006,189.7,204.12,185.18,193.0
2024-04-26,1006,194.28,219.22,212.41,208.64
2024-04-27,1006,199.74,199.32,211.28,203.45
2024-04-28,1006,218.37,219.48,217.61,218.49
2024-04-29,1006,237.08,227.11,240.99,235.06
2024-04-30,1006,200.47,198.41,202.84,200.57
2024-05-01,1006,221.79,228.47,231.67,227.31
2024-05-02,1006,190.26,221.11,201.93,204.43
2024-05-03,1006,202.48,215.94,211.68,210.03
2024-05-04,1006,208.04,206.97,193.96,202.99
2024-05-05,1006,225.57,221.31,198.35,215.08
2024-05-06,1006,212.65,217.27,215.02,214.98
2024-05-07,1006,194.88,224.16,192.0,203.68
2024-05-08,1006,235.07,200.39,211.88,215.78
2024-05-09,1006,229.05,231.09,224.23,228.12
2024-05-10,1006,204.48,229.68,239.5,224.55
2024-05-11,1006,203.6,199.46,235.97,213.01
2024-05-12,1006,212.02,226.54,191.28,209.95
2024-05-13,1006,234.58,212.01,197.26,214.62
2024-05-14,1006,198.04,219.25,214.04,210.44
2024-05-15,1006,220.22,224.62,232.33,225.72
2024-05-16,1006,233.68,209.78,215.76,219.74
2024-05-17,1006,201.07,201.78,200.04,200.96
2024-05-18,1006,232.8,198.59,230.82,220.74
2024-05-19,1006,232.02,220.86,226.69,226.52
2024-05-20,1006,231.31,229.18,225.85,228.78
2024-05-21,1006,203.51,217.71,189.67,203.63
2024-05-22,1006,200.35,217.55,232.63,216.84
2024-05-23,1006,189.73,224.42,246.93,220.36
2024-05-24,1006,232.54,212.44,217.16,220.71
2024-05-25,1006,226.44,216.47,203.7,215.54
2024-05-26,1006,217.34,206.24,192.8,205.46
2024-05-27,1006,225.35,215.67,241.03,227.35
2024-05-28,1006,219.82,208.78,246.78,225.13
2024-05-29,1006,210.65,200.27,246.49,219.14
2024-05-30,1006,220.78,215.45,185.29,207.17
2024-05-31,1006,209.45,224.42,197.9,210.59
2024-06-01,1006,207.32,227.52,236.75,223.86
2024-06-02,1006,223.87,206.62,194.09,208.19
2024-06-03,1006,236.22,209.95,228.68,224.95
2024-06-04,1006,213.96,209.33,194.06,205.78
2024-06-05,1006,223.09,215.28,189.31,209.23
2024-06-06,1006,218.73,201.56,231.99,217.43
2024-06-07,1006,231.92,223.09,187.94,214.32
2024-06-08,1006,229.84,219.02,227.31,225.39
2024-06-09,1006,219.27,214.18,185.77,206.41
2024-06-10,1006,220.46,217.87,219.01,219.11
2024-06-11,1006,233.53,212.02,223.63,223.06
2024-06-12,1006,214.31,227.9,208.53,216.91
2024-06-13,1006,202.97,200.14,234.66,212.59
2024-06-14,1006,200.68,229.39,237.14,222.4
2024-06-15,1006,212.18,211.81,242.42,222.14
2024-06-16,1006,206.02,215.49,212.81,211.44
2024-06-17,1006,214.02,206.67,195.14,205.28
2024-06-18,1006,209.95,219.92,230.27,220.05
2024-06-19,1006,208.08,211.27,224.61,214.65
2024-06-20,1006,231.16,204.19,192.03,209.13
2024-06-21,1006,190.56,228.95,197.89,205.8
2024-06-22,1006,225.85,205.25,198.36,209.82
2024-06-23,1006,204.17,209.39,193.54,202.37
2024-06-24,1006,197.61,199.29,223.91,206.94
2024-06-25,1006,195.31,217.98,241.83,218.37
2024-06-26,1006,204.62,216.99,189.12,203.58
2024-06-27,1006,235.45,207.29,184.41,209.05
2024-06-28,1006,227.17,204.99,200.14,210.77
2024-06-29,1006,230.49,214.65,234.92,226.69
2024-06-30,1006,205.46,226.98,200.97,211.14
2024-07-01,1006,212.23,209.28,200.46,207.32
2024-07-02,1006,227.02,232.25,184.5,214.59
2024-07-03,1006,191.6,212.2,243.69,215.83
2024-07-04,1006,213.46,228.43,188.65,210.18
2024-07-05,1006,221.41,230.81,236.44,229.55
2024-07-06,1006,208.56,209.0,212.4,209.99
2024-07-07,1006,236.12,201.36,242.85,226.78
2024-07-08,1006,229.05,210.74,211.05,216.95
2024-07-09,1006,233.57,226.89,190.27,216.91
2024-07-10,1006,194.36,219.66,192.51,202.18
2024-07-11,1006,204.7,221.66,214.52,213.63
2024-07-12,1006,206.71,199.87,237.9,214.83
2024-07-13,1006,195.75,232.72,199.94,209.47
2024-07-14,1006,200.86,229.63,203.23,211.24
2024-07-15,1006,234.9,200.15,229.08,221.38
2024-07-16,1006,200.28,222.64,195.56,206.16
2024-07-17,1006,235.0,199.29,196.13,210.14
2024-07-18,1006,200.72,215.25,239.64,218.54
2024-07-19,1006,193.9,222.24,193.98,203.37
2024-07-20,1006,209.46,210.39,238.75,219.53
2024-07-21,1006,196.42,222.61,241.74,220.26
2024-07-22,1006,233.66,216.27,214.75,221.56
2024-07-23,1006,194.75,226.62,211.38,210.92
2024-07-24,1006,207.56,201.77,224.2,211.18
2024-07-25,1006,235.1,228.23,183.36,215.56
2024-07-26,1006,207.05,219.05,222.42,216.17
2024-07-27,1006,213.55,214.34,247.72,225.2
2024-07-28,1006,214.01,226.38,233.45,224.61
2024-07-29,1006,201.74,228.04,240.99,223.59
2024-07-30,1006,235.95,228.25,240.98,235.06
2024-07-31,1006,220.34,217.11,186.53,207.99
2024-08-01,1006,220.4,215.64,215.02,217.02
2024-08-02,1006,197.22,205.05,246.14,216.14
2024-08-03,1006,217.69,219.35,193.17,210.07
2024-08-04,1006,200.94,208.26,243.87,217.69
2024-08-05,1006,193.58,212.73,219.38,208.56
2024-08-06,1006,218.19,209.6,233.72,220.5
2024-08-07,1006,229.45,201.88,237.39,222.91
2024-08-08,1006,220.12,214.58,241.93,225.54
2024-08-09,1006,213.43,214.03,205.49,210.98
2024-08-10,1006,230.13,231.86,200.46,220.82
2024-08-11,1006,221.79,214.72,247.48,228.0
2024-08-12,1006,229.28,229.45,235.88,231.54
2024-08-13,1006,207.24,199.0,217.1,207.78
2024-08-14,1006,235.87,229.74,193.67,219.76
2024-08-15,1006,206.78,225.84,217.1,216.57
2024-08-16,1006,227.9,202.87,229.38,220.05
2024-08-17,1006,192.06,215.11,206.2,204.46
2024-08-18,1006,226.17,206.75,186.42,206.45
2024-08-19,1006,234.12,219.95,204.03,219.37
2024-08-20,1006,200.85,203.06,222.8,208.9
2024-08-21,1006,217.67,208.58,185.48,203.91
2024-08-22,1006,224.73,209.27,234.71,222.9
2024-08-23,1006,214.01,222.9,200.9,212.6
2024-08-24,1006,205.19,213.57,225.05,214.6
2024-08-25,1006,215.49,223.82,228.87,222.73
2024-08-26,1006,231.11,213.21,209.91,218.08
2024-08-27,1006,193.05,229.07,185.21,202.44
2024-08-28,1006,234.88,200.17,221.81,218.95
2024-08-29,1006,193.97,217.71,214.19,208.62
2024-08-30,1006,224.68,224.77,241.76,230.4
2024-08-31,1006,230.72,208.53,193.52,210.92
2024-09-01,1006,216.99,218.43,231.72,222.38
2024-09-02,1006,230.39,208.99,246.03,228.47
2024-09-03,1006,194.0,206.27,186.23,195.5
2024-09-04,1006,210.27,230.33,221.39,220.66
2024-09-05,1006,203.76,210.52,241.8,218.69
2024-09-06,1006,232.45,202.7,236.48,223.88
2024-09-07,1006,212.08,217.41,217.48,215.66
2024-09-08,1006,232.16,225.99,192.24,216.8
2024-09-09,1006,209.09,207.07,238.81,218.32
2024-09-10,1006,218.59,201.45,213.86,211.3
2024-09-11,1006,221.04,229.73,209.33,220.03
2024-09-12,1006,231.0,224.11,239.4,231.5
2024-09-13,1006,196.33,210.32,208.41,205.02
2024-09-14,1006,231.14,202.95,194.39,209.49
2024-09-15,1006,218.84,229.44,245.44,231.24
2024-09-16,1006,214.59,205.49,217.15,212.41
2024-09-17,1006,200.11,211.01,206.76,205.96
2024-09-18,1006,225.49,224.2,200.39,216.69
2024-09-19,1006,212.22,230.9,197.09,213.4
2024-09-20,1006,229.88,232.54,227.15,229.86
2024-09-21,1006,229.73,217.93,207.94,218.53
2024-09-22,1006,215.24,213.69,219.74,216.22
2024-09-23,1006,231.51,213.63,221.3,222.15
2024-09-24,1006,201.32,222.61,189.63,204.52
2024-09-25,1006,199.39,204.57,184.12,196.03
2024-09-26,1006,218.81,204.8,201.67,208.43
2024-09-27,1006,201.41,223.54,211.63,212.19
2024-09-28,1006,193.06,225.85,198.95,205.95
2024-09-29,1006,234.98,204.96,240.3,226.75
2024-09-30,1006,212.35,223.39,207.19,214.31
2024-10-01,1006,197.54,232.17,189.44,206.38
2024-10-02,1006,215.2,221.14,190.73,209.02
2024-10-03,1006,234.27,224.59,246.11,234.99
2024-10-04,1006,198.95,198.69,198.89,198.84
2024-10-05,1006,213.82,228.93,228.08,223.61
2024-10-06,1006,211.3,204.41,224.22,213.31
2024-10-07,1006,225.56,219.36,206.77,217.23
2024-10-08,1006,212.75,206.06,195.84,204.88
2024-10-09,1006,200.54,216.47,212.42,209.81
2024-10-10,1006,230.83,213.86,184.21,209.63
2024-10-11,1006,216.13,220.77,193.18,210.03
2024-10-12,1006,225.27,210.0,229.12,221.46
2024-10-13,1006,223.12,206.13,234.64,221.3
2024-10-14,1006,206.45,214.94,221.85,214.41
2024-10-15,1006,210.25,205.28,197.05,204.19
2024-10-16,1006,225.2,225.7,196.31,215.74
2024-10-17,1006,233.17,222.68,229.93,228.59
2024-10-18,1006,190.1,223.0,205.49,206.2
2024-10-19,1006,228.54,202.81,194.43,208.59
2024-10-20,1006,206.22,224.64,189.49,206.78
2024-10-21,1006,192.85,230.81,247.0,223.55
2024-10-22,1006,207.34,225.08,221.75,218.06
2024-10-23,1006,195.28,227.04,228.85,217.06
2024-10-24,1006,222.89,205.26,211.01,213.05
2024-10-25,1006,234.95,202.74,228.32,222.0
2024-10-26,1006,233.54,227.68,217.12,226.11
2024-10-27,1006,206.92,207.12,215.98,210.01
2024-10-28,1006,231.89,220.75,213.95,222.2
2024-10-29,1006,230.88,208.36,191.55,210.26
2024-10-30,1006,231.85,230.65,186.69,216.4
2024-10-31,1006,219.36,225.68,201.36,215.47
2024-11-01,1006,196.06,226.38,222.41,214.95
2024-11-02,1006,194.81,215.77,188.77,199.78
2024-11-03,1006,225.42,216.42,207.05,216.3
2024-11-04,1006,217.44,207.99,242.08,222.5
2024-11-05,1006,215.47,201.76,243.5,220.24
2024-11-06,1006,208.05,219.01,216.43,214.5
2024-11-07,1006,203.18,226.56,188.38,206.04
2024-11-08,1006,229.25,210.75,222.81,220.94
2024-11-09,1006,199.92,202.72,203.42,202.02
2024-11-10,1006,227.14,220.94,222.58,223.55
2024-11-11,1006,209.34,227.35,198.09,211.59
2024-11-12,1006,199.28,229.0,238.77,222.35
2024-11-13,1006,213.17,219.32,200.99,211.16
2024-11-14,1006,205.09,199.18,231.73,212.0
2024-11-15,1006,209.61,218.21,239.67,222.5
2024-11-16,1006,199.59,225.04,211.22,211.95
2024-11-17,1006,199.08,199.2,184.53,194.27
2024-11-18,1006,204.43,209.34,205.17,206.31
2024-11-19,1006,233.74,205.98,247.86,229.19
2024-11-20,1006,200.28,201.09,239.8,213.72
2024-11-21,1006,222.99,217.52,238.37,226.29
2024-11-22,1006,212.7,210.51,240.86,221.36
2024-11-23,1006,217.04,220.98,195.8,211.27
2024-11-24,1006,201.38,221.36,231.08,217.94
2024-11-25,1006,224.62,214.1,220.03,219.58
2024-11-26,1006,231.35,210.61,202.61,214.86
2024-11-27,1006,191.72,228.31,227.09,215.71
2024-11-28,1006,229.95,214.87,239.5,228.11
2024-11-29,1006,222.82,207.18,219.69,216.56
2024-11-30,1006,217.72,209.16,186.6,204.49
2024-12-01,1006,231.27,221.62,206.3,219.73
2024-12-02,1006,235.22,207.05,239.8,227.36
2024-12-03,1006,233.85,212.03,244.84,230.24
2024-12-04,1006,232.69,215.01,212.98,220.23
2024-12-05,1006,211.93,226.97,184.22,207.71
2024-12-06,1006,209.4,223.42,234.87,222.56
2024-12-07,1006,201.76,230.18,233.35,221.76
2024-12-08,1006,233.52,222.88,207.04,221.15
2024-12-09,1006,208.01,212.32,194.01,204.78
2024-12-10,1006,220.73,225.98,247.12,231.28
2024-12-11,1006,234.12,204.07,229.62,222.6
2024-12-12,1006,230.53,226.35,185.38,214.09
2024-12-13,1006,205.56,215.87,217.64,213.02
2024-12-14,1006,207.15,199.88,202.63,203.22
2024-12-15,1006,202.67,202.84,236.19,213.9
2024-12-16,1006,207.78,219.62,229.68,219.03
2024-12-17,1006,216.24,213.84,225.03,218.37
2024-12-18,1006,191.58,209.77,213.65,205.0
2024-12-19,1006,228.87,223.53,247.19,233.2
2024-12-20,1006,226.04,210.8,230.69,222.51
2024-12-21,1006,214.93,208.39,225.62,216.31
2024-12-22,1006,191.13,213.26,220.04,208.14
2024-12-23,1006,214.76,224.3,211.63,216.9
2024-12-24,1006,207.28,220.18,184.39,203.95
2024-12-25,1006,208.61,213.75,238.27,220.21
2024-12-26,1006,205.05,221.72,219.64,215.47
2024-12-27,1006,232.36,222.04,246.98,233.79
2024-12-28,1006,199.94,224.91,184.52,203.12
2024-12-29,1006,206.13,228.05,238.46,224.21
2024-12-30,1006,207.13,212.64,237.02,218.93
2024-01-01,1007,141.5,157.89,161.83,153.74
2024-01-02,1007,163.68,160.33,145.99,156.67
2024-01-03,1007,142.48,153.53,134.77,143.59
2024-01-04,1007,167.36,158.64,174.21,166.74
2024-01-05,1007,168.49,157.38,132.22,152.7
2024-01-06,1007,162.35,155.94,161.79,160.03
2024-01-07,1007,158.0,148.55,160.35,155.63
2024-01-08,1007,142.41,156.87,136.72,145.33
2024-01-09,1007,146.49,153.59,174.24,158.11
2024-01-10,1007,155.95,160.17,172.42,162.85
2024-01-11,1007,143.14,142.18,148.51,144.61
2024-01-12,1007,157.8,142.65,169.42,156.62
2024-01-13,1007,158.03,152.14,151.17,153.78
2024-01-14,1007,161.31,164.1,149.89,158.43
2024-01-15,1007,167.33,148.14,151.12,155.53
2024-01-16,1007,139.16,157.02,139.42,145.2
2024-01-17,1007,165.08,152.96,143.7,153.91
2024-01-18,1007,141.2,152.05,139.44,144.23
2024-01-19,1007,147.3,150.46,170.14,155.97
2024-01-20,1007,165.78,163.77,145.96,158.5
2024-01-21,1007,148.17,163.62,143.48,151.76
2024-01-22,1007,156.14,152.36,164.35,157.62
2024-01-23,1007,142.34,164.53,143.01,149.96
2024-01-24,1007,154.49,144.37,137.2,145.35
2024-01-25,1007,155.87,161.68,165.94,161.16
2024-01-26,1007,168.11,141.77,171.41,160.43
2024-01-27,1007,147.0,152.41,163.44,154.28
2024-01-28,1007,154.16,159.56,132.75,148.82
2024-01-29,1007,139.88,157.93,140.68,146.16
2024-01-30,1007,153.98,144.43,131.86,143.42
2024-01-31,1007,140.23,159.01,133.93,144.39
2024-02-01,1007,151.15,165.0,174.42,163.52
2024-02-02,1007,150.82,150.34,174.52,158.56
2024-02-03,1007,143.27,142.72,174.43,153.47
2024-02-04,1007,139.3,162.18,132.07,144.52
2024-02-05,1007,165.43,159.54,138.4,154.46
2024-02-06,1007,141.45,162.72,149.43,151.2
2024-02-07,1007,148.38,163.03,147.56,152.99
2024-02-08,1007,140.32,145.94,170.62,152.29
2024-02-09,1007,144.69,156.28,167.7,156.22
2024-02-10,1007,166.63,160.06,158.02,161.57
2024-02-11,1007,161.09,150.72,142.07,151.29
2024-02-12,1007,168.64,150.17,173.35,164.05
2024-02-13,1007,162.44,152.23,173.15,162.61
2024-02-14,1007,151.22,147.18,140.0,146.13
2024-02-15,1007,155.9,158.52,143.83,152.75
2024-02-16,1007,163.09,165.94,149.58,159.54
2024-02-17,1007,157.5,156.64,167.17,160.44
2024-02-18,1007,158.71,149.52,155.98,154.74
2024-02-19,1007,165.25,151.94,169.56,162.25
2024-02-20,1007,155.09,154.03,149.2,152.77
2024-02-21,1007,137.88,144.0,150.0,143.96
2024-02-22,1007,148.13,160.23,155.28,154.55
2024-02-23,1007,167.3,154.62,169.18,163.7
2024-02-24,1007,158.22,141.76,152.74,150.91
2024-02-25,1007,168.57,153.0,168.54,163.37
2024-02-26,1007,166.91,163.48,167.07,165.82
2024-02-27,1007,142.99,152.5,153.15,149.55
2024-02-28,1007,149.45,142.01,170.58,154.01
2024-02-29,1007,136.26,151.41,176.31,154.66
2024-03-01,1007,145.81,163.85,170.93,160.2
2024-03-02,1007,156.65,149.85,161.82,156.11
2024-03-03,1007,158.65,146.8,170.39,158.61
2024-03-04,1007,169.22,152.23,163.25,161.57
2024-03-05,1007,160.0,149.31,169.06,159.46
2024-03-06,1007,154.29,155.77,138.44,149.5
2024-03-07,1007,148.99,160.31,153.07,154.12
2024-03-08,1007,149.49,160.95,156.0,155.48
2024-03-09,1007,148.91,148.24,176.93,158.03
2024-03-10,1007,158.31,149.96,155.89,154.72
2024-03-11,1007,140.84,149.93,146.27,145.68
2024-03-12,1007,164.35,150.96,164.96,160.09
2024-03-13,1007,140.19,159.03,170.25,156.49
2024-03-14,1007,142.73,143.28,157.13,147.71
2024-03-15,1007,163.8,155.25,162.65,160.57
2024-03-16,1007,165.92,144.67,148.94,153.18
2024-03-17,1007,152.56,156.2,163.49,157.42
2024-03-18,1007,162.84,153.42,151.6,155.95
2024-03-19,1007,167.41,155.07,174.8,165.76
2024-03-20,1007,162.91,158.29,158.82,160.01
2024-03-21,1007,163.23,144.58,169.97,159.26
2024-03-22,1007,164.86,152.21,168.12,161.73
2024-03-23,1007,152.19,144.04,165.62,153.95
2024-03-24,1007,138.36,148.63,166.87,151.29
2024-03-25,1007,166.47,158.31,168.24,164.34
2024-03-26,1007,165.7,159.18,160.32,161.73
2024-03-27,1007,136.92,160.88,162.13,153.31
2024-03-28,1007,146.79,148.82,171.09,155.57
2024-03-29,1007,139.84,146.86,161.09,149.26
2024-03-30,1007,167.57,161.41,148.23,159.07
2024-03-31,1007,141.07,142.39,148.6,144.02
2024-04-01,1007,142.41,165.45,131.95,146.6
2024-04-02,1007,136.68,164.17,137.24,146.03
2024-04-03,1007,137.62,142.8,136.13,138.85
2024-04-04,1007,151.85,150.01,150.11,150.66
2024-04-05,1007,159.64,163.35,145.55,156.18
2024-04-06,1007,156.53,153.43,149.29,153.08
2024-04-07,1007,150.14,159.48,143.24,150.95
2024-04-08,1007,149.06,141.98,168.41,153.15
2024-04-09,1007,137.92,145.88,171.87,151.89
2024-04-10,1007,169.23,150.73,144.59,154.85
2024-04-11,1007,156.73,161.15,166.89,161.59
2024-04-12,1007,163.62,158.51,131.78,151.3
2024-04-13,1007,143.3,163.86,132.5,146.55
2024-04-14,1007,156.3,154.72,140.87,150.63
2024-04-15,1007,152.43,148.25,174.54,158.41
2024-04-16,1007,160.1,149.67,160.97,156.91
2024-04-17,1007,161.55,164.42,142.85,156.27
2024-04-18,1007,166.8,163.76,134.95,155.17
2024-04-19,1007,139.02,150.08,137.65,142.25
2024-04-20,1007,169.16,150.81,158.45,159.47
2024-04-21,1007,158.76,151.64,140.31,150.24
2024-04-22,1007,158.96,147.79,145.17,150.64
2024-04-23,1007,152.12,155.66,157.09,154.96
2024-04-24,1007,160.64,144.7,135.59,146.98
2024-04-25,1007,145.8,153.27,151.54,150.2
2024-04-26,1007,157.23,159.15,144.31,153.56
2024-04-27,1007,145.82,165.82,168.38,160.01
2024-04-28,1007,136.86,147.58,136.07,140.17
2024-04-29,1007,160.36,146.88,149.23,152.16
2024-04-30,1007,163.82,163.97,154.31,160.7
2024-05-01,1007,154.55,147.69,150.73,150.99
2024-05-02,1007,137.18,141.82,131.82,136.94
2024-05-03,1007,143.52,147.02,176.35,155.63
2024-05-04,1007,153.88,162.69,162.1,159.56
2024-05-05,1007,159.61,159.5,161.57,160.23
2024-05-06,1007,155.01,152.15,160.42,155.86
2024-05-07,1007,169.0,146.07,152.51,155.86
2024-05-08,1007,151.56,144.83,149.04,148.48
2024-05-09,1007,148.06,166.02,176.72,163.6
2024-05-10,1007,137.17,142.31,135.66,138.38
2024-05-11,1007,141.98,145.55,141.9,143.14
2024-05-12,1007,142.92,160.2,145.09,149.4
2024-05-13,1007,150.19,161.02,168.56,159.92
2024-05-14,1007,167.1,145.63,132.74,148.49
2024-05-15,1007,161.54,164.21,155.41,160.39
2024-05-16,1007,161.77,143.87,138.77,148.14
2024-05-17,1007,165.43,158.08,176.13,166.55
2024-05-18,1007,162.97,149.31,175.74,162.67
2024-05-19,1007,165.23,160.22,156.81,160.75
2024-05-20,1007,147.49,161.07,165.8,158.12
2024-05-21,1007,162.81,164.68,167.24,164.91
2024-05-22,1007,136.12,157.05,159.87,151.01
2024-05-23,1007,146.65,156.94,168.91,157.5
2024-05-24,1007,149.86,157.2,170.33,159.13
2024-05-25,1007,141.16,141.57,163.95,148.89
2024-05-26,1007,145.5,155.37,149.17,150.01
2024-05-27,1007,139.61,153.86,146.35,146.61
2024-05-28,1007,165.74,158.6,136.41,153.58
2024-05-29,1007,158.47,151.85,163.19,157.84
2024-05-30,1007,151.59,152.15,131.31,145.02
2024-05-31,1007,142.29,164.21,173.03,159.84
2024-06-01,1007,169.19,147.59,169.68,162.15
2024-06-02,1007,138.75,165.68,144.46,149.63
2024-06-03,1007,136.13,153.04,141.82,143.66
2024-06-04,1007,138.04,145.57,148.71,144.11
2024-06-05,1007,149.5,143.87,153.16,148.84
2024-06-06,1007,143.53,162.73,173.48,159.91
2024-06-07,1007,144.64,155.09,164.12,154.62
2024-06-08,1007,137.08,158.67,169.22,154.99
2024-06-09,1007,167.71,154.15,172.98,164.95
2024-06-10,1007,145.9,146.4,156.1,149.47
2024-06-11,1007,138.8,147.92,165.5,150.74
2024-06-12,1007,148.52,156.9,138.1,147.84
2024-06-13,1007,166.46,153.09,143.49,154.35
2024-06-14,1007,153.43,144.21,148.88,148.84
2024-06-15,1007,141.35,160.64,174.51,158.83
2024-06-16,1007,167.91,142.5,175.93,162.11
2024-06-17,1007,145.82,164.68,145.43,151.98
2024-06-18,1007,143.62,160.62,155.2,153.15
2024-06-19,1007,164.86,152.62,176.0,164.49
2024-06-20,1007,165.41,162.44,140.52,156.12
2024-06-21,1007,163.74,145.87,134.07,147.89
2024-06-22,1007,164.36,165.56,151.09,160.34
2024-06-23,1007,154.55,152.6,145.08,150.74
2024-06-24,1007,161.04,154.96,171.28,162.43
2024-06-25,1007,164.23,155.29,140.35,153.29
2024-06-26,1007,164.0,152.73,164.33,160.35
2024-06-27,1007,168.7,161.47,138.18,156.12
2024-06-28,1007,157.43,160.21,165.4,161.01
2024-06-29,1007,150.21,144.62,156.85,150.56
2024-06-30,1007,155.01,157.49,173.76,162.09
2024-07-01,1007,168.5,162.83,145.71,159.01
2024-07-02,1007,140.46,165.15,149.46,151.69
2024-07-03,1007,153.96,142.16,166.08,154.07
2024-07-04,1007,137.17,146.77,134.23,139.39
2024-07-05,1007,154.58,156.64,156.15,155.79
2024-07-06,1007,140.05,162.47,159.26,153.93
2024-07-07,1007,164.97,159.86,161.24,162.02
2024-07-08,1007,168.57,161.2,144.73,158.17
2024-07-09,1007,145.47,152.07,139.38,145.64
2024-07-10,1007,144.47,161.76,176.76,161.0
2024-07-11,1007,162.57,160.99,165.88,163.15
2024-07-12,1007,155.56,165.55,145.92,155.68
2024-07-13,1007,168.9,158.07,152.2,159.72
2024-07-14,1007,144.7,144.37,136.06,141.71
2024-07-15,1007,156.0,144.1,170.14,156.75
2024-07-16,1007,158.1,145.88,152.67,152.22
2024-07-17,1007,135.92,144.76,142.42,141.03
2024-07-18,1007,140.09,158.15,158.32,152.19
2024-07-19,1007,138.04,151.21,137.91,142.39
2024-07-20,1007,153.94,147.26,146.67,149.29
2024-07-21,1007,160.91,155.19,147.52,154.54
2024-07-22,1007,136.74,165.89,161.47,154.7
2024-07-23,1007,155.91,153.51,135.68,148.37
2024-07-24,1007,154.03,151.75,134.15,146.64
2024-07-25,1007,156.2,154.13,150.82,153.72
2024-07-26,1007,167.28,156.07,145.16,156.17
2024-07-27,1007,140.89,148.78,162.17,150.61
2024-07-28,1007,139.83,160.35,133.95,144.71
2024-07-29,1007,155.09,150.23,141.54,148.95
2024-07-30,1007,168.98,165.78,160.11,164.96
2024-07-31,1007,158.52,144.07,145.96,149.52
2024-08-01,1007,142.04,153.52,167.03,154.2
2024-08-02,1007,138.2,155.12,143.32,145.55
2024-08-03,1007,139.18,146.79,152.64,146.2
2024-08-04,1007,165.82,149.79,176.59,164.07
2024-08-05,1007,164.38,164.4,134.98,154.59
2024-08-06,1007,138.95,146.73,175.58,153.75
2024-08-07,1007,161.69,154.74,167.61,161.35
2024-08-08,1007,154.41,154.71,168.81,159.31
2024-08-09,1007,161.26,144.03,166.66,157.32
2024-08-10,1007,147.71,156.6,136.3,146.87
2024-08-11,1007,166.9,158.98,146.02,157.3
2024-08-12,1007,155.78,158.11,148.76,154.22
2024-08-13,1007,142.66,151.86,144.27,146.26
2024-08-14,1007,145.31,143.57,131.33,140.07
2024-08-15,1007,168.87,153.14,142.64,154.88
2024-08-16,1007,155.7,143.93,148.47,149.37
2024-08-17,1007,147.08,156.97,172.83,158.96
2024-08-18,1007,167.87,145.81,164.02,159.23
2024-08-19,1007,147.3,149.3,162.38,152.99
2024-08-20,1007,141.78,141.77,175.58,153.04
2024-08-21,1007,140.16,156.03,140.08,145.42
2024-08-22,1007,139.23,164.03,139.78,147.68
2024-08-23,1007,165.29,165.12,146.61,159.01
2024-08-24,1007,152.36,161.1,137.73,150.4
2024-08-25,1007,146.97,157.87,152.36,152.4
2024-08-26,1007,162.16,143.15,139.76,148.36
2024-08-27,1007,143.97,149.63,155.59,149.73
2024-08-28,1007,161.6,145.15,152.21,152.99
2024-08-29,1007,156.85,142.81,158.9,152.85
2024-08-30,1007,147.45,148.5,169.62,155.19
2024-08-31,1007,147.94,148.58,172.89,156.47
2024-09-01,1007,159.61,154.55,172.39,162.18
2024-09-02,1007,152.37,153.62,151.85,152.61
2024-09-03,1007,150.69,165.17,142.84,152.9
2024-09-04,1007,157.87,163.02,169.0,163.3
2024-09-05,1007,140.7,154.75,141.44,145.63
2024-09-06,1007,149.34,148.19,176.9,158.14
2024-09-07,1007,142.77,165.48,176.0,161.42
2024-09-08,1007,142.66,165.5,137.39,148.52
2024-09-09,1007,154.82,160.8,147.72,154.45
2024-09-10,1007,140.51,153.04,162.15,151.9
2024-09-11,1007,155.51,148.15,160.62,154.76
2024-09-12,1007,165.43,155.41,142.44,154.43
2024-09-13,1007,146.64,146.04,142.08,144.92
2024-09-14,1007,166.33,147.28,136.39,150.0
2024-09-15,1007,169.21,158.68,145.03,157.64
2024-09-16,1007,135.94,161.68,144.67,147.43
2024-09-17,1007,151.28,152.03,144.13,149.15
2024-09-18,1007,168.93,160.72,144.46,158.04
2024-09-19,1007,140.04,155.14,158.75,151.31
2024-09-20,1007,145.31,149.7,162.26,152.42
2024-09-21,1007,148.09,148.27,134.87,143.74
2024-09-22,1007,142.85,143.16,164.91,150.31
2024-09-23,1007,137.59,147.14,167.4,150.71
2024-09-24,1007,146.79,144.87,134.22,141.96
2024-09-25,1007,153.77,160.42,169.58,161.26
2024-09-26,1007,141.74,157.69,148.14,149.19
2024-09-27,1007,167.8,146.53,170.68,161.67
2024-09-28,1007,140.75,154.28,167.4,154.14
2024-09-29,1007,168.81,152.04,158.68,159.84
2024-09-30,1007,157.36,151.52,131.54,146.81
2024-10-01,1007,135.46,156.74,139.52,143.91
2024-10-02,1007,137.23,149.29,137.7,141.41
2024-10-03,1007,159.83,147.85,134.92,147.53
2024-10-04,1007,167.43,146.93,142.65,152.34
2024-10-05,1007,158.43,157.4,170.55,162.13
2024-10-06,1007,145.21,157.88,159.1,154.06
2024-10-07,1007,156.99,163.27,157.85,159.37
2024-10-08,1007,158.37,163.78,148.6,156.92
2024-10-09,1007,137.43,155.89,136.81,143.38
2024-10-10,1007,139.13,144.57,158.24,147.31
2024-10-11,1007,153.75,151.12,135.46,146.78
2024-10-12,1007,161.03,161.82,140.79,154.55
2024-10-13,1007,161.31,164.91,163.89,163.37
2024-10-14,1007,148.54,152.05,134.28,144.96
2024-10-15,1007,150.26,155.17,156.54,153.99
2024-10-16,1007,151.35,151.13,168.68,157.05
2024-10-17,1007,165.73,162.9,171.9,166.84
2024-10-18,1007,144.25,148.43,172.78,155.15
2024-10-19,1007,140.0,145.4,159.9,148.43
2024-10-20,1007,167.26,146.54,145.1,152.97
2024-10-21,1007,166.38,155.73,164.88,162.33
2024-10-22,1007,137.59,154.81,163.98,152.13
2024-10-23,1007,162.86,151.71,165.26,159.94
2024-10-24,1007,161.28,165.99,146.74,158.0
2024-10-25,1007,142.32,158.64,173.13,158.03
2024-10-26,1007,145.07,152.77,144.22,147.35
2024-10-27,1007,135.68,154.85,167.44,152.66
2024-10-28,1007,158.06,157.7,151.38,155.71
2024-10-29,1007,161.09,149.48,135.55,148.71
2024-10-30,1007,155.15,142.84,146.35,148.11
2024-10-31,1007,161.26,159.92,142.15,154.44
2024-11-01,1007,148.87,146.75,154.86,150.16
2024-11-02,1007,141.27,158.38,150.52,150.06
2024-11-03,1007,152.85,161.61,164.14,159.53
2024-11-04,1007,163.71,164.61,137.12,155.15
2024-11-05,1007,160.96,159.34,137.3,152.53
2024-11-06,1007,162.4,152.82,145.95,153.72
2024-11-07,1007,157.82,155.12,136.43,149.79
2024-11-08,1007,160.59,159.1,133.5,151.06
2024-11-09,1007,166.01,163.9,163.03,164.31
2024-11-10,1007,163.46,155.6,144.93,154.66
2024-11-11,1007,156.69,145.82,142.74,148.42
2024-11-12,1007,155.34,164.3,165.33,161.66
2024-11-13,1007,151.93,146.16,172.1,156.73
2024-11-14,1007,160.81,145.89,147.97,151.56
2024-11-15,1007,141.28,142.91,161.11,148.43
2024-11-16,1007,165.02,146.82,145.82,152.55
2024-11-17,1007,149.63,156.67,165.96,157.42
2024-11-18,1007,167.08,148.93,147.38,154.46
2024-11-19,1007,141.46,150.83,152.4,148.23
2024-11-20,1007,166.71,160.34,153.02,160.02
2024-11-21,1007,140.02,147.73,155.85,147.87
2024-11-22,1007,168.73,152.77,147.38,156.29
2024-11-23,1007,162.21,165.09,149.89,159.06
2024-11-24,1007,151.7,158.16,150.88,153.58
2024-11-25,1007,158.99,142.87,168.52,156.79
2024-11-26,1007,146.37,153.42,158.34,152.71
2024-11-27,1007,145.5,142.94,130.91,139.78
2024-11-28,1007,167.96,152.08,154.47,158.17
2024-11-29,1007,140.31,156.62,173.88,156.94
2024-11-30,1007,136.21,150.81,135.91,140.98
2024-12-01,1007,148.05,151.85,144.67,148.19
2024-12-02,1007,148.98,146.31,143.3,146.2
2024-12-03,1007,150.82,145.25,151.56,149.21
2024-12-04,1007,165.34,143.64,154.65,154.54
2024-12-05,1007,165.1,154.56,146.23,155.3
2024-12-06,1007,156.56,153.09,140.84,150.16
2024-12-07,1007,153.02,151.44,154.87,153.11
2024-12-08,1007,141.46,155.97,161.51,152.98
2024-12-09,1007,147.98,143.42,175.04,155.48
2024-12-10,1007,157.97,155.03,140.27,151.09
2024-12-11,1007,154.13,153.6,136.06,147.93
2024-12-12,1007,145.94,165.05,166.97,159.32
2024-12-13,1007,141.08,165.66,148.11,151.62
2024-12-14,1007,165.0,163.42,131.3,153.24
2024-12-15,1007,136.73,162.44,170.68,156.62
2024-12-16,1007,162.94,160.93,171.89,165.25
2024-12-17,1007,169.14,144.44,170.02,161.2
2024-12-18,1007,156.17,142.95,154.18,151.1
2024-12-19,1007,149.85,164.7,150.58,155.04
2024-12-20,1007,153.0,157.13,167.76,159.3
2024-12-21,1007,153.48,149.9,161.17,154.85
2024-12-22,1007,137.33,145.75,143.97,142.35
2024-12-23,1007,136.04,160.18,143.05,146.42
2024-12-24,1007,142.72,163.35,134.74,146.94
2024-12-25,1007,156.26,148.77,150.22,151.75
2024-12-26,1007,165.65,150.0,176.88,164.18
2024-12-27,1007,163.3,146.48,133.6,147.79
2024-12-28,1007,160.15,156.94,141.77,152.95
2024-12-29,1007,163.01,149.53,176.14,162.89
2024-12-30,1007,136.6,145.72,164.4,148.91
2024-01-01,1008,128.86,152.73,136.39,139.33
2024-01-02,1008,126.11,142.27,122.68,130.35
2024-01-03,1008,128.28,134.17,138.09,133.51
2024-01-04,1008,153.23,140.03,123.48,138.91
2024-01-05,1008,155.75,140.08,122.06,139.3
2024-01-06,1008,156.32,135.33,129.41,140.35
2024-01-07,1008,149.2,135.79,162.79,149.26
2024-01-08,1008,142.92,141.13,163.57,149.21
2024-01-09,1008,155.93,147.1,145.19,149.41
2024-01-10,1008,132.24,135.9,132.56,133.57
2024-01-11,1008,139.16,133.91,123.44,132.17
2024-01-12,1008,139.9,146.17,157.16,147.74
2024-01-13,1008,155.94,150.87,139.91,148.91
2024-01-14,1008,143.56,154.11,143.88,147.18
2024-01-15,1008,157.36,144.9,123.44,141.9
2024-01-16,1008,126.94,150.44,133.46,136.95
2024-01-17,1008,132.04,153.94,137.15,141.04
2024-01-18,1008,143.56,152.58,150.58,148.91
2024-01-19,1008,131.62,144.1,162.43,146.05
2024-01-20,1008,146.49,150.86,162.17,153.17
2024-01-21,1008,141.16,147.71,131.38,140.08
2024-01-22,1008,156.42,147.55,138.85,147.61
2024-01-23,1008,131.27,134.08,160.55,141.97
2024-01-24,1008,127.64,139.19,141.44,136.09
2024-01-25,1008,132.24,149.37,152.22,144.61
2024-01-26,1008,154.54,153.84,129.08,145.82
2024-01-27,1008,128.79,141.64,146.6,139.01
2024-01-28,1008,143.0,153.59,130.47,142.35
2024-01-29,1008,128.01,144.28,126.13,132.81
2024-01-30,1008,143.7,147.75,130.32,140.59
2024-01-31,1008,145.23,141.07,149.69,145.33
2024-02-01,1008,126.05,151.91,124.48,134.15
2024-02-02,1008,137.95,133.74,126.45,132.71
2024-02-03,1008,145.15,148.03,154.34,149.17
2024-02-04,1008,125.98,139.67,131.99,132.55
2024-02-05,1008,129.84,152.59,127.65,136.69
2024-02-06,1008,143.03,133.91,135.31,137.42
2024-02-07,1008,131.86,144.5,151.37,142.58
2024-02-08,1008,138.11,150.91,131.04,140.02
2024-02-09,1008,139.12,138.45,141.83,139.8
2024-02-10,1008,129.43,135.93,143.27,136.21
2024-02-11,1008,155.36,153.5,162.79,157.22
2024-02-12,1008,128.21,144.67,145.61,139.5
2024-02-13,1008,141.92,139.55,129.61,137.03
2024-02-14,1008,143.41,150.53,143.29,145.74
2024-02-15,1008,152.37,135.04,158.34,148.58
2024-02-16,1008,131.89,152.85,123.01,135.92
2024-02-17,1008,146.86,150.87,137.1,144.94
2024-02-18,1008,150.6,152.18,140.46,147.75
2024-02-19,1008,148.46,134.15,133.24,138.62
2024-02-20,1008,151.97,132.21,150.62,144.93
2024-02-21,1008,147.75,153.97,162.93,154.88
2024-02-22,1008,130.59,147.72,152.78,143.7
2024-02-23,1008,131.26,144.94,142.39,139.53
2024-02-24,1008,136.58,138.36,130.7,135.21
2024-02-25,1008,136.84,132.48,129.63,132.98
2024-02-26,1008,146.96,148.06,146.58,147.2
2024-02-27,1008,149.17,153.59,158.64,153.8
2024-02-28,1008,131.35,145.41,152.2,142.99
2024-02-29,1008,147.67,141.29,158.29,149.08
2024-03-01,1008,145.47,137.03,145.56,142.69
2024-03-02,1008,138.65,138.32,131.69,136.22
2024-03-03,1008,143.21,131.67,135.53,136.8
2024-03-04,1008,148.81,139.65,125.61,138.02
2024-03-05,1008,142.81,150.77,148.06,147.21
2024-03-06,1008,155.11,152.98,143.64,150.58
2024-03-07,1008,131.79,146.21,143.09,140.36
2024-03-08,1008,141.02,151.96,145.94,146.31
2024-03-09,1008,143.91,141.89,149.92,145.24
2024-03-10,1008,135.24,139.11,162.88,145.74
2024-03-11,1008,141.97,151.4,139.51,144.29
2024-03-12,1008,135.68,140.63,136.93,137.75
2024-03-13,1008,135.63,147.2,145.9,142.91
2024-03-14,1008,132.14,141.5,143.16,138.93
2024-03-15,1008,153.24,146.39,122.5,140.71
2024-03-16,1008,157.32,151.62,134.39,147.78
2024-03-17,1008,137.13,140.17,135.29,137.53
2024-03-18,1008,152.55,150.24,142.08,148.29
2024-03-19,1008,126.47,145.82,141.28,137.86
2024-03-20,1008,156.45,146.17,154.43,152.35
2024-03-21,1008,149.0,141.52,140.77,143.76
2024-03-22,1008,131.75,146.0,129.09,135.61
2024-03-23,1008,133.2,152.0,123.99,136.4
2024-03-24,1008,141.06,132.69,121.94,131.9
2024-03-25,1008,137.42,142.41,133.07,137.63
2024-03-26,1008,153.71,135.86,157.7,149.09
2024-03-27,1008,127.09,134.87,161.0,140.99
2024-03-28,1008,156.13,151.77,154.02,153.97
2024-03-29,1008,152.25,147.44,158.96,152.88
2024-03-30,1008,150.3,137.65,135.73,141.23
2024-03-31,1008,135.08,143.56,138.43,139.02
2024-04-01,1008,150.43,151.23,140.33,147.33
2024-04-02,1008,154.66,148.93,131.38,144.99
2024-04-03,1008,144.06,150.68,129.71,141.48
2024-04-04,1008,154.04,135.58,139.69,143.1
2024-04-05,1008,129.45,154.32,133.66,139.14
2024-04-06,1008,137.29,148.88,149.86,145.34
2024-04-07,1008,152.47,137.02,140.62,143.37
2024-04-08,1008,133.81,139.29,141.86,138.32
2024-04-09,1008,147.51,141.46,158.75,149.24
2024-04-10,1008,145.33,133.79,155.15,144.76
2024-04-11,1008,147.41,137.08,140.41,141.63
2024-04-12,1008,134.28,141.84,152.2,142.77
2024-04-13,1008,128.89,140.13,152.06,140.36
2024-04-14,1008,131.09,132.92,126.82,130.28
2024-04-15,1008,150.99,139.26,147.07,145.77
2024-04-16,1008,149.45,148.37,123.62,140.48
2024-04-17,1008,155.13,137.53,133.21,141.96
2024-04-18,1008,129.99,151.27,145.59,142.28
2024-04-19,1008,134.8,144.18,125.2,134.73
2024-04-20,1008,138.31,138.57,141.4,139.43
2024-04-21,1008,151.1,150.74,134.68,145.51
2024-04-22,1008,127.58,152.0,131.04,136.87
2024-04-23,1008,143.33,151.32,125.99,140.21
2024-04-24,1008,151.46,136.6,156.09,148.05
2024-04-25,1008,149.81,133.72,143.72,142.42
2024-04-26,1008,144.84,144.37,139.0,142.74
2024-04-27,1008,140.27,153.47,158.13,150.62
2024-04-28,1008,155.31,143.7,144.71,147.91
2024-04-29,1008,141.09,153.82,150.48,148.46
2024-04-30,1008,132.35,149.2,134.31,138.62
2024-05-01,1008,131.26,131.86,131.81,131.64
2024-05-02,1008,154.89,151.77,141.24,149.3
2024-05-03,1008,133.58,132.84,161.94,142.79
2024-05-04,1008,140.79,142.9,122.42,135.37
2024-05-05,1008,147.44,136.87,139.79,141.37
2024-05-06,1008,136.18,134.7,142.63,137.84
2024-05-07,1008,139.29,132.05,123.07,131.47
2024-05-08,1008,152.52,145.43,141.11,146.35
2024-05-09,1008,127.19,152.08,164.48,147.92
2024-05-10,1008,130.44,146.78,150.02,142.41
2024-05-11,1008,140.08,145.67,151.17,145.64
2024-05-12,1008,146.23,144.41,149.27,146.64
2024-05-13,1008,146.15,143.54,150.89,146.86
2024-05-14,1008,125.96,144.46,146.98,139.13
2024-05-15,1008,138.33,136.26,124.65,133.08
2024-05-16,1008,145.09,147.39,141.86,144.78
2024-05-17,1008,134.89,152.16,158.61,148.55
2024-05-18,1008,128.75,138.2,163.36,143.44
2024-05-19,1008,153.9,142.02,135.16,143.69
2024-05-20,1008,152.48,143.37,155.51,150.45
2024-05-21,1008,156.89,138.3,155.73,150.31
2024-05-22,1008,149.94,135.5,148.73,144.72
2024-05-23,1008,135.1,136.83,127.17,133.03
2024-05-24,1008,149.27,143.08,142.01,144.79
2024-05-25,1008,133.69,154.01,155.82,147.84
2024-05-26,1008,150.64,134.44,129.75,138.28
2024-05-27,1008,150.7,138.84,125.26,138.27
2024-05-28,1008,132.9,136.68,162.29,143.96
2024-05-29,1008,151.34,135.95,130.73,139.34
2024-05-30,1008,156.03,149.71,152.71,152.82
2024-05-31,1008,151.98,135.39,159.02,148.8
2024-06-01,1008,146.6,146.61,125.7,139.64
2024-06-02,1008,147.28,148.36,130.77,142.14
2024-06-03,1008,133.75,137.01,129.9,133.55
2024-06-04,1008,151.74,135.85,141.57,143.05
2024-06-05,1008,127.68,154.03,155.56,145.76
2024-06-06,1008,144.57,149.01,129.81,141.13
2024-06-07,1008,150.1,150.03,159.37,153.17
2024-06-08,1008,143.82,149.74,151.55,148.37
2024-06-09,1008,137.1,138.08,132.89,136.02
2024-06-10,1008,128.59,148.62,151.39,142.87
2024-06-11,1008,145.72,149.09,159.25,151.35
2024-06-12,1008,144.22,152.45,156.33,151.0
2024-06-13,1008,156.33,142.48,155.89,151.57
2024-06-14,1008,134.46,138.32,126.92,133.23
2024-06-15,1008,135.76,135.64,146.91,139.44
2024-06-16,1008,141.29,146.59,126.83,138.24
2024-06-17,1008,156.57,140.74,147.34,148.22
2024-06-18,1008,128.25,132.44,141.75,134.15
2024-06-19,1008,147.56,154.37,138.61,146.85
2024-06-20,1008,152.1,142.26,153.28,149.21
2024-06-21,1008,134.7,135.33,139.93,136.65
2024-06-22,1008,140.28,143.8,127.91,137.33
2024-06-23,1008,156.93,133.85,133.89,141.56
2024-06-24,1008,153.49,143.65,139.15,145.43
2024-06-25,1008,135.55,151.9,152.7,146.72
2024-06-26,1008,134.01,145.79,141.38,140.39
2024-06-27,1008,146.17,151.84,138.89,145.63
2024-06-28,1008,136.81,147.03,162.45,148.76
2024-06-29,1008,146.53,134.01,132.51,137.68
2024-06-30,1008,126.34,136.33,150.94,137.87
2024-07-01,1008,135.12,152.96,145.36,144.48
2024-07-02,1008,129.78,153.69,126.9,136.79
2024-07-03,1008,145.39,150.83,143.77,146.66
2024-07-04,1008,127.06,151.24,131.53,136.61
2024-07-05,1008,144.18,151.98,141.95,146.04
2024-07-06,1008,149.1,152.83,140.81,147.58
2024-07-07,1008,133.68,134.92,145.58,138.06
2024-07-08,1008,127.05,150.68,147.02,141.58
2024-07-09,1008,128.13,154.09,148.08,143.43
2024-07-10,1008,149.95,141.47,158.61,150.01
2024-07-11,1008,128.86,136.47,131.87,132.4
2024-07-12,1008,139.37,143.83,160.2,147.8
2024-07-13,1008,156.48,149.66,162.97,156.37
2024-07-14,1008,138.57,146.45,136.68,140.57
2024-07-15,1008,155.31,132.44,154.65,147.47
2024-07-16,1008,155.22,149.09,143.97,149.43
2024-07-17,1008,150.01,152.15,155.53,152.56
2024-07-18,1008,136.38,131.85,130.22,132.82
2024-07-19,1008,134.06,138.16,162.83,145.02
2024-07-20,1008,134.85,134.37,126.04,131.75
2024-07-21,1008,131.88,139.91,158.63,143.47
2024-07-22,1008,141.59,140.77,153.84,145.4
2024-07-23,1008,146.44,142.79,155.56,148.26
2024-07-24,1008,144.69,143.11,163.76,150.52
2024-07-25,1008,133.93,149.33,133.02,138.76
2024-07-26,1008,126.53,153.74,128.03,136.1
2024-07-27,1008,136.96,136.61,146.76,140.11
2024-07-28,1008,126.41,133.12,125.9,128.48
2024-07-29,1008,153.88,137.25,146.28,145.8
2024-07-30,1008,138.79,143.64,127.42,136.62
2024-07-31,1008,145.65,133.33,129.77,136.25
2024-08-01,1008,131.95,152.51,122.45,135.64
2024-08-02,1008,147.09,145.12,131.22,141.14
2024-08-03,1008,151.81,140.94,163.9,152.22
2024-08-04,1008,142.11,142.49,154.06,146.22
2024-08-05,1008,136.14,149.93,130.67,138.91
2024-08-06,1008,136.86,152.97,127.9,139.24
2024-08-07,1008,129.72,139.11,145.79,138.21
2024-08-08,1008,156.52,136.56,129.65,140.91
2024-08-09,1008,134.78,132.1,144.86,137.25
2024-08-10,1008,139.14,153.83,151.44,148.14
2024-08-11,1008,156.6,147.41,160.05,154.69
2024-08-12,1008,135.06,138.59,155.24,142.96
2024-08-13,1008,133.77,150.35,126.37,136.83
2024-08-14,1008,131.8,144.05,133.75,136.53
2024-08-15,1008,127.91,154.22,122.98,135.04
2024-08-16,1008,146.26,139.8,150.55,145.54
2024-08-17,1008,129.51,146.68,133.65,136.61
2024-08-18,1008,139.57,142.34,151.88,144.6
2024-08-19,1008,127.83,147.37,146.0,140.4
2024-08-20,1008,142.84,142.39,143.58,142.94
2024-08-21,1008,135.02,134.87,128.35,132.75
2024-08-22,1008,138.81,135.52,154.11,142.81
2024-08-23,1008,145.02,151.35,122.29,139.55
2024-08-24,1008,148.35,133.24,142.93,141.51
2024-08-25,1008,153.32,135.54,136.76,141.87
2024-08-26,1008,147.1,150.33,161.65,153.03
2024-08-27,1008,144.38,133.41,132.7,136.83
2024-08-28,1008,153.47,139.59,145.75,146.27
2024-08-29,1008,156.44,138.42,148.56,147.81
2024-08-30,1008,141.32,150.26,125.87,139.15
2024-08-31,1008,149.98,148.22,145.88,148.03
2024-09-01,1008,150.05,150.23,156.54,152.27
2024-09-02,1008,153.14,152.84,122.65,142.88
2024-09-03,1008,134.64,151.64,138.32,141.53
2024-09-04,1008,130.85,137.36,142.6,136.94
2024-09-05,1008,139.82,143.51,144.03,142.45
2024-09-06,1008,126.2,131.68,125.82,127.9
2024-09-07,1008,132.37,152.13,161.49,148.66
2024-09-08,1008,134.48,143.31,129.16,135.65
2024-09-09,1008,152.72,141.56,154.19,149.49
2024-09-10,1008,149.63,141.38,164.36,151.79
2024-09-11,1008,141.03,150.58,156.7,149.44
2024-09-12,1008,155.82,135.12,125.15,138.7
2024-09-13,1008,140.82,150.63,152.95,148.13
2024-09-14,1008,127.83,152.21,134.7,138.25
2024-09-15,1008,131.33,139.84,129.91,133.69
2024-09-16,1008,141.31,149.91,146.05,145.76
2024-09-17,1008,147.62,146.93,140.92,145.16
2024-09-18,1008,152.99,149.45,132.15,144.86
2024-09-19,1008,132.76,133.13,155.12,140.34
2024-09-20,1008,126.06,143.12,151.88,140.35
2024-09-21,1008,128.57,135.79,142.05,135.47
2024-09-22,1008,131.75,136.32,131.87,133.31
2024-09-23,1008,146.5,141.67,154.94,147.7
2024-09-24,1008,127.46,151.74,125.05,134.75
2024-09-25,1008,145.7,144.98,163.99,151.56
2024-09-26,1008,137.62,138.44,128.17,134.74
2024-09-27,1008,129.51,137.15,134.79,133.82
2024-09-28,1008,157.01,140.17,141.27,146.15
2024-09-29,1008,130.43,153.28,163.99,149.23
2024-09-30,1008,139.25,135.91,137.25,137.47
2024-10-01,1008,134.47,139.7,125.68,133.28
2024-10-02,1008,136.27,151.71,157.82,148.6
2024-10-03,1008,146.68,151.25,124.87,140.93
2024-10-04,1008,150.15,153.67,155.09,152.97
2024-10-05,1008,149.86,143.62,161.3,151.59
2024-10-06,1008,147.11,138.62,123.16,136.3
2024-10-07,1008,135.3,135.06,157.24,142.53
2024-10-08,1008,146.23,140.02,134.68,140.31
2024-10-09,1008,128.67,146.08,143.26,139.34
2024-10-10,1008,126.91,149.35,123.86,133.37
2024-10-11,1008,127.9,149.71,144.36,140.66
2024-10-12,1008,145.21,150.1,140.42,145.24
2024-10-13,1008,145.14,136.79,147.94,143.29
2024-10-14,1008,145.46,153.83,130.1,143.13
2024-10-15,1008,147.07,133.92,137.96,139.65
2024-10-16,1008,127.18,144.16,125.42,132.25
2024-10-17,1008,126.58,151.3,161.09,146.32
2024-10-18,1008,139.84,146.64,136.24,140.91
2024-10-19,1008,130.5,150.67,136.6,139.26
2024-10-20,1008,141.55,144.1,162.69,149.45
2024-10-21,1008,140.82,153.88,137.61,144.1
2024-10-22,1008,129.52,148.59,154.68,144.26
2024-10-23,1008,133.58,132.56,163.93,143.36
2024-10-24,1008,154.44,145.04,130.85,143.44
2024-10-25,1008,128.65,151.38,138.39,139.47
2024-10-26,1008,156.56,137.64,130.76,141.65
2024-10-27,1008,126.35,141.07,124.78,130.73
2024-10-28,1008,152.21,136.44,135.72,141.46
2024-10-29,1008,132.81,133.29,152.35,139.48
2024-10-30,1008,139.94,139.56,141.0,140.17
2024-10-31,1008,127.49,143.64,123.04,131.39
2024-11-01,1008,137.3,152.99,148.7,146.33
2024-11-02,1008,129.18,136.93,138.55,134.89
2024-11-03,1008,140.76,153.54,140.25,144.85
2024-11-04,1008,153.53,136.42,142.92,144.29
2024-11-05,1008,137.28,150.56,141.04,142.96
2024-11-06,1008,127.81,142.81,154.85,141.82
2024-11-07,1008,133.46,151.5,135.67,140.21
2024-11-08,1008,131.7,138.17,139.51,136.46
2024-11-09,1008,144.8,144.62,149.71,146.38
2024-11-10,1008,149.87,151.12,132.66,144.55
2024-11-11,1008,142.71,146.74,123.41,137.62
2024-11-12,1008,140.66,150.59,141.0,144.08
2024-11-13,1008,153.91,149.3,139.29,147.5
2024-11-14,1008,142.68,151.16,136.31,143.38
2024-11-15,1008,142.35,134.86,131.06,136.09
2024-11-16,1008,140.48,141.23,155.08,145.6
2024-11-17,1008,131.61,145.17,125.48,134.09
2024-11-18,1008,151.71,144.37,142.43,146.17
2024-11-19,1008,157.06,140.72,164.16,153.98
2024-11-20,1008,128.72,137.86,154.59,140.39
2024-11-21,1008,145.79,143.41,152.05,147.08
2024-11-22,1008,147.24,147.62,144.63,146.5
2024-11-23,1008,137.92,149.45,142.78,143.38
2024-11-24,1008,137.55,151.99,141.56,143.7
2024-11-25,1008,134.63,146.66,126.77,136.02
2024-11-26,1008,131.92,147.53,147.5,142.32
2024-11-27,1008,138.79,147.65,149.04,145.16
2024-11-28,1008,149.78,145.79,155.41,150.33
2024-11-29,1008,145.28,150.47,145.08,146.94
2024-11-30,1008,137.6,147.61,142.05,142.42
2024-12-01,1008,147.47,136.61,163.88,149.32
2024-12-02,1008,136.31,143.91,127.51,135.91
2024-12-03,1008,143.33,146.49,138.38,142.73
2024-12-04,1008,129.34,149.77,128.96,136.02
2024-12-05,1008,150.0,140.92,159.08,150.0
2024-12-06,1008,148.48,134.17,155.51,146.05
2024-12-07,1008,149.88,153.49,137.57,146.98
2024-12-08,1008,151.33,146.7,129.9,142.64
2024-12-09,1008,137.97,136.31,149.27,141.18
2024-12-10,1008,142.95,144.78,160.87,149.53
2024-12-11,1008,140.77,137.8,124.03,134.2
2024-12-12,1008,143.25,138.68,144.53,142.15
2024-12-13,1008,154.08,135.99,136.37,142.15
2024-12-14,1008,137.08,137.39,160.93,145.13
2024-12-15,1008,142.3,152.95,161.65,152.3
2024-12-16,1008,130.97,147.14,144.87,140.99
2024-12-17,1008,153.88,151.54,136.96,147.46
2024-12-18,1008,151.29,141.43,126.49,139.74
2024-12-19,1008,143.26,134.06,164.18,147.17
2024-12-20,1008,142.5,143.94,140.51,142.32
2024-12-21,1008,145.11,148.21,122.7,138.67
2024-12-22,1008,126.47,140.92,161.39,142.93
2024-12-23,1008,156.82,136.21,124.43,139.15
2024-12-24,1008,140.78,143.42,157.51,147.24
2024-12-25,1008,126.45,142.63,158.5,142.53
2024-12-26,1008,153.61,144.92,140.71,146.41
2024-12-27,1008,142.86,133.64,161.38,145.96
2024-12-28,1008,145.74,147.07,130.67,141.16
2024-12-29,1008,131.8,140.95,152.99,141.91
2024-12-30,1008,155.52,134.86,124.68,138.35
2024-01-01,1009,464.47,449.31,499.03,470.94
2024-01-02,1009,433.03,419.03,449.1,433.72
2024-01-03,1009,419.7,403.48,440.18,421.12
2024-01-04,1009,414.43,421.79,423.3,419.84
2024-01-05,1009,451.42,446.39,477.13,458.31
2024-01-06,1009,462.77,432.22,463.73,452.91
2024-01-07,1009,457.94,414.53,416.11,429.53
2024-01-08,1009,406.97,442.84,476.4,442.07
2024-01-09,1009,479.93,443.85,424.08,449.29
2024-01-10,1009,456.89,416.02,433.12,435.34
2024-01-11,1009,450.56,443.43,482.19,458.73
2024-01-12,1009,396.66,450.59,467.71,438.32
2024-01-13,1009,424.7,410.98,426.77,420.82
2024-01-14,1009,421.78,453.96,473.25,449.66
2024-01-15,1009,474.37,450.31,376.17,433.62
2024-01-16,1009,440.53,434.95,426.76,434.08
2024-01-17,1009,392.05,468.53,492.45,451.01
2024-01-18,1009,393.74,457.62,381.59,410.98
2024-01-19,1009,400.21,402.84,427.19,410.08
2024-01-20,1009,392.21,416.65,465.55,424.8
2024-01-21,1009,433.54,404.58,380.78,406.3
2024-01-22,1009,455.95,444.63,423.13,441.24
2024-01-23,1009,419.8,453.8,438.98,437.53
2024-01-24,1009,473.41,439.74,438.79,450.65
2024-01-25,1009,428.86,411.22,428.45,422.84
2024-01-26,1009,438.8,425.93,381.09,415.27
2024-01-27,1009,465.51,427.97,471.5,454.99
2024-01-28,1009,396.78,426.44,389.73,404.32
2024-01-29,1009,427.25,433.93,411.13,424.1
2024-01-30,1009,460.22,425.56,449.26,445.01
2024-01-31,1009,465.21,444.86,422.64,444.24
2024-02-01,1009,469.23,409.56,422.17,433.65
2024-02-02,1009,416.77,431.08,450.77,432.87
2024-02-03,1009,404.86,413.69,377.24,398.6
2024-02-04,1009,404.55,450.95,468.91,441.47
2024-02-05,1009,480.09,428.48,471.49,460.02
2024-02-06,1009,458.79,449.02,483.82,463.88
2024-02-07,1009,407.65,430.19,471.17,436.34
2024-02-08,1009,389.74,450.08,404.63,414.82
2024-02-09,1009,438.94,408.13,396.03,414.37
2024-02-10,1009,439.2,437.56,398.34,425.03
2024-02-11,1009,479.51,435.08,485.47,466.69
2024-02-12,1009,452.79,415.78,461.99,443.52
2024-02-13,1009,392.86,456.39,384.8,411.35
2024-02-14,1009,447.76,436.41,419.74,434.64
2024-02-15,1009,388.78,466.58,451.59,435.65
2024-02-16,1009,430.2,463.09,426.11,439.8
2024-02-17,1009,400.06,447.19,465.74,437.66
2024-02-18,1009,427.66,427.14,436.71,430.5
2024-02-19,1009,392.89,464.59,433.58,430.35
2024-02-20,1009,449.33,418.83,429.2,432.45
2024-02-21,1009,393.66,419.07,384.81,399.18
2024-02-22,1009,444.23,412.14,495.68,450.68
2024-02-23,1009,443.91,404.26,493.92,447.36
2024-02-24,1009,417.76,407.67,423.24,416.22
2024-02-25,1009,421.72,410.63,403.82,412.06
2024-02-26,1009,397.82,443.95,416.65,419.47
2024-02-27,1009,428.77,430.29,449.46,436.17
2024-02-28,1009,438.59,449.14,375.19,420.97
2024-02-29,1009,402.74,441.51,485.32,443.19
2024-03-01,1009,425.12,443.09,390.98,419.73
2024-03-02,1009,471.71,402.89,400.11,424.9
2024-03-03,1009,470.85,406.3,450.0,442.38
2024-03-04,1009,434.21,444.94,396.78,425.31
2024-03-05,1009,429.86,462.33,416.6,436.26
2024-03-06,1009,472.46,404.33,472.8,449.86
2024-03-07,1009,411.14,421.14,479.17,437.15
2024-03-08,1009,453.26,431.56,463.38,449.4
2024-03-09,1009,458.08,467.95,386.6,437.54
2024-03-10,1009,476.62,417.06,437.8,443.83
2024-03-11,1009,442.57,420.32,415.43,426.11
2024-03-12,1009,428.04,436.8,410.86,425.23
2024-03-13,1009,403.66,443.01,474.81,440.49
2024-03-14,1009,456.89,423.65,496.51,459.02
2024-03-15,1009,412.66,438.94,382.07,411.22
2024-03-16,1009,459.34,438.25,373.07,423.55
2024-03-17,1009,433.95,417.28,444.07,431.77
2024-03-18,1009,412.12,419.3,404.29,411.9
2024-03-19,1009,472.62,416.45,442.91,443.99
2024-03-20,1009,426.57,415.73,435.73,426.01
2024-03-21,1009,458.27,411.67,383.3,417.75
2024-03-22,1009,467.33,406.37,440.76,438.15
2024-03-23,1009,394.2,419.12,425.02,412.78
2024-03-24,1009,480.31,469.41,372.47,440.73
2024-03-25,1009,418.37,460.36,488.79,455.84
2024-03-26,1009,473.06,434.74,385.27,431.02
2024-03-27,1009,440.38,432.99,373.96,415.78
2024-03-28,1009,430.37,469.09,392.13,430.53
2024-03-29,1009,409.9,458.22,407.31,425.14
2024-03-30,1009,403.73,455.32,455.8,438.28
2024-03-31,1009,402.2,458.28,455.87,438.78
2024-04-01,1009,440.01,434.9,455.21,443.37
2024-04-02,1009,444.12,418.66,382.17,414.98
2024-04-03,1009,419.65,454.93,420.91,431.83
2024-04-04,1009,447.39,427.21,498.12,457.57
2024-04-05,1009,473.34,433.72,442.06,449.71
2024-04-06,1009,470.49,452.42,502.59,475.17
2024-04-07,1009,451.92,450.67,414.43,439.01
2024-04-08,1009,405.83,446.06,423.13,425.01
2024-04-09,1009,406.77,429.01,457.46,431.08
2024-04-10,1009,474.39,461.79,380.57,438.92
2024-04-11,1009,400.42,403.17,394.16,399.25
2024-04-12,1009,407.24,455.28,448.58,437.03
2024-04-13,1009,389.67,464.74,401.47,418.63
2024-04-14,1009,401.03,470.6,435.73,435.79
2024-04-15,1009,441.21,451.22,440.58,444.34
2024-04-16,1009,410.62,435.16,381.74,409.17
2024-04-17,1009,411.04,402.53,466.12,426.56
2024-04-18,1009,439.09,418.23,453.31,436.88
2024-04-19,1009,446.78,466.54,421.71,445.01
2024-04-20,1009,473.99,430.17,413.55,439.24
2024-04-21,1009,397.93,408.06,482.29,429.43
2024-04-22,1009,428.22,402.58,424.38,418.39
2024-04-23,1009,450.16,436.41,377.0,421.19
2024-04-24,1009,454.1,460.37,397.99,437.49
2024-04-25,1009,386.1,461.31,495.24,447.55
2024-04-26,1009,409.02,434.94,489.47,444.48
2024-04-27,1009,412.83,458.87,492.41,454.7
2024-04-28,1009,461.98,439.34,461.48,454.27
2024-04-29,1009,466.08,415.99,493.99,458.69
2024-04-30,1009,412.19,424.53,412.36,416.36
2024-05-01,1009,469.75,423.8,462.47,452.01
2024-05-02,1009,423.34,436.08,418.35,425.92
2024-05-03,1009,405.57,451.93,494.35,450.62
2024-05-04,1009,391.44,462.78,409.13,421.12
2024-05-05,1009,442.09,453.0,430.11,441.73
2024-05-06,1009,388.17,451.32,374.69,404.73
2024-05-07,1009,434.28,444.08,431.71,436.69
2024-05-08,1009,414.77,432.95,418.77,422.16
2024-05-09,1009,479.92,437.34,397.16,438.14
2024-05-10,1009,386.9,449.84,443.57,426.77
2024-05-11,1009,420.29,422.85,480.32,441.15
2024-05-12,1009,445.4,454.13,481.42,460.32
2024-05-13,1009,443.85,407.16,438.41,429.81
2024-05-14,1009,437.38,469.01,395.71,434.03
2024-05-15,1009,443.88,452.86,466.44,454.39
2024-05-16,1009,392.24,426.31,461.83,426.79
2024-05-17,1009,437.98,430.8,422.85,430.54
2024-05-18,1009,387.35,406.36,484.01,425.91
2024-05-19,1009,419.86,467.97,458.64,448.82
2024-05-20,1009,421.28,435.79,396.11,417.73
2024-05-21,1009,470.81,452.98,432.71,452.17
2024-05-22,1009,420.82,434.75,451.59,435.72
2024-05-23,1009,419.82,461.63,441.87,441.11
2024-05-24,1009,453.09,439.2,439.19,443.83
2024-05-25,1009,472.47,408.82,406.26,429.18
2024-05-26,1009,447.72,439.72,449.92,445.79
2024-05-27,1009,389.48,454.37,469.56,437.8
2024-05-28,1009,408.25,403.86,477.78,429.96
2024-05-29,1009,394.61,406.69,417.45,406.25
2024-05-30,1009,471.08,466.67,490.77,476.17
2024-05-31,1009,461.58,417.25,406.74,428.52
2024-06-01,1009,415.77,413.08,431.14,420.0
2024-06-02,1009,469.3,416.0,393.59,426.3
2024-06-03,1009,448.32,457.89,470.25,458.82
2024-06-04,1009,404.66,440.84,386.22,410.57
2024-06-05,1009,422.96,410.08,375.87,402.97
2024-06-06,1009,452.95,448.5,386.68,429.38
2024-06-07,1009,465.9,454.55,398.13,439.53
2024-06-08,1009,441.97,458.35,406.4,435.57
2024-06-09,1009,450.79,449.94,444.18,448.3
2024-06-10,1009,410.78,426.98,486.03,441.26
2024-06-11,1009,452.4,472.26,428.79,451.15
2024-06-12,1009,462.3,453.45,432.46,449.4
2024-06-13,1009,469.1,464.13,385.92,439.72
2024-06-14,1009,478.85,449.73,425.11,451.23
2024-06-15,1009,394.05,460.68,470.41,441.71
2024-06-16,1009,471.13,422.48,404.36,432.66
2024-06-17,1009,463.75,415.95,390.49,423.4
2024-06-18,1009,459.28,419.09,467.33,448.57
2024-06-19,1009,479.39,419.43,421.06,439.96
2024-06-20,1009,431.94,428.79,462.85,441.19
2024-06-21,1009,387.9,445.6,378.95,404.15
2024-06-22,1009,403.83,459.62,491.21,451.55
2024-06-23,1009,441.24,466.3,413.75,440.43
2024-06-24,1009,385.16,455.45,471.58,437.4
2024-06-25,1009,396.15,418.53,490.24,434.97
2024-06-26,1009,435.84,408.12,409.11,417.69
2024-06-27,1009,452.87,445.81,436.76,445.15
2024-06-28,1009,424.16,404.29,399.38,409.28
2024-06-29,1009,389.07,443.51,443.8,425.46
2024-06-30,1009,394.37,462.11,371.73,409.4
2024-07-01,1009,457.71,427.6,468.53,451.28
2024-07-02,1009,458.64,407.28,492.66,452.86
2024-07-03,1009,454.36,429.81,400.19,428.12
2024-07-04,1009,473.57,428.62,438.1,446.76
2024-07-05,1009,457.06,426.06,427.85,436.99
2024-07-06,1009,473.1,448.95,433.55,451.87
2024-07-07,1009,390.64,408.99,376.66,392.1
2024-07-08,1009,414.93,429.18,491.0,445.04
2024-07-09,1009,410.47,410.49,373.79,398.25
2024-07-10,1009,437.89,406.78,389.56,411.41
2024-07-11,1009,444.05,440.83,404.55,429.81
2024-07-12,1009,406.59,465.11,500.21,457.3
2024-07-13,1009,446.64,404.62,502.45,451.24
2024-07-14,1009,409.13,429.72,456.42,431.76
2024-07-15,1009,416.98,426.19,497.54,446.9
2024-07-16,1009,404.03,459.04,392.31,418.46
2024-07-17,1009,469.5,411.52,387.72,422.91
2024-07-18,1009,439.52,433.9,428.75,434.06
2024-07-19,1009,463.8,464.28,402.47,443.52
2024-07-20,1009,443.33,452.35,420.59,438.76
2024-07-21,1009,474.79,406.84,396.91,426.18
2024-07-22,1009,461.05,442.5,382.66,428.74
2024-07-23,1009,438.75,420.35,381.26,413.45
2024-07-24,1009,428.33,411.23,476.97,438.84
2024-07-25,1009,432.47,468.16,488.69,463.11
2024-07-26,1009,415.89,427.88,377.65,407.14
2024-07-27,1009,459.22,412.78,429.95,433.98
2024-07-28,1009,400.0,465.56,401.94,422.5
2024-07-29,1009,428.91,403.98,436.57,423.15
2024-07-30,1009,441.38,420.25,445.64,435.76
2024-07-31,1009,473.82,463.48,416.52,451.27
2024-08-01,1009,447.47,439.72,431.95,439.71
2024-08-02,1009,385.74,407.43,400.99,398.05
2024-08-03,1009,415.02,414.93,470.09,433.35
2024-08-04,1009,418.41,438.11,494.2,450.24
2024-08-05,1009,467.0,443.44,408.01,439.48
2024-08-06,1009,470.5,405.17,381.07,418.91
2024-08-07,1009,410.29,417.78,397.38,408.48
2024-08-08,1009,398.68,416.6,403.99,406.42
2024-08-09,1009,460.78,409.63,481.4,450.6
2024-08-10,1009,440.19,459.82,473.83,457.95
2024-08-11,1009,407.71,431.95,373.61,404.42
2024-08-12,1009,467.68,425.34,419.98,437.67
2024-08-13,1009,470.27,404.09,424.99,433.12
2024-08-14,1009,401.41,419.94,486.81,436.05
2024-08-15,1009,441.5,412.24,405.72,419.82
2024-08-16,1009,450.14,436.68,472.96,453.26
2024-08-17,1009,417.0,424.65,391.52,411.06
2024-08-18,1009,431.41,439.92,379.5,416.94
2024-08-19,1009,440.01,420.86,459.26,440.04
2024-08-20,1009,431.71,428.97,465.99,442.22
2024-08-21,1009,474.62,438.09,463.61,458.77
2024-08-22,1009,465.13,414.72,392.57,424.14
2024-08-23,1009,470.66,447.34,440.62,452.87
2024-08-24,1009,415.56,454.36,441.48,437.13
2024-08-25,1009,477.62,442.3,494.71,471.54
2024-08-26,1009,453.8,454.43,490.41,466.21
2024-08-27,1009,430.24,404.35,499.53,444.71
2024-08-28,1009,390.69,438.82,421.53,417.01
2024-08-29,1009,422.46,471.56,398.96,430.99
2024-08-30,1009,461.0,471.8,498.71,477.17
2024-08-31,1009,395.43,433.16,477.82,435.47
2024-09-01,1009,456.55,420.03,486.57,454.38
2024-09-02,1009,468.06,431.53,470.12,456.57
2024-09-03,1009,462.72,443.19,422.92,442.94
2024-09-04,1009,388.22,462.69,418.91,423.27
2024-09-05,1009,399.4,441.96,471.97,437.78
2024-09-06,1009,444.91,455.3,482.02,460.74
2024-09-07,1009,480.69,432.7,374.9,429.43
2024-09-08,1009,396.49,422.0,378.69,399.06
2024-09-09,1009,404.36,408.8,379.97,397.71
2024-09-10,1009,477.61,463.56,486.6,475.92
2024-09-11,1009,392.16,456.76,380.85,409.92
2024-09-12,1009,408.23,471.61,470.97,450.27
2024-09-13,1009,468.6,447.46,495.81,470.62
2024-09-14,1009,451.2,429.79,487.09,456.03
2024-09-15,1009,422.39,435.32,483.55,447.09
2024-09-16,1009,436.96,403.51,473.82,438.1
2024-09-17,1009,461.64,405.55,392.49,419.89
2024-09-18,1009,417.31,472.13,479.97,456.47
2024-09-19,1009,417.6,423.08,402.39,414.36
2024-09-20,1009,407.53,428.67,438.16,424.79
2024-09-21,1009,421.42,465.86,429.59,438.96
2024-09-22,1009,472.12,406.28,398.67,425.69
2024-09-23,1009,446.46,468.39,386.43,433.76
2024-09-24,1009,470.82,469.78,434.49,458.36
2024-09-25,1009,451.87,427.11,488.1,455.69
2024-09-26,1009,439.23,423.11,448.37,436.9
2024-09-27,1009,391.27,419.98,397.64,402.96
2024-09-28,1009,443.35,429.46,426.95,433.25
2024-09-29,1009,479.83,433.06,456.9,456.6
2024-09-30,1009,466.71,468.24,502.52,479.16
2024-10-01,1009,428.17,441.74,392.34,420.75
2024-10-02,1009,428.06,421.92,390.16,413.38
2024-10-03,1009,472.31,449.24,456.39,459.31
2024-10-04,1009,474.46,446.23,502.09,474.26
2024-10-05,1009,390.21,446.5,472.0,436.24
2024-10-06,1009,406.58,470.54,502.24,459.79
2024-10-07,1009,412.65,450.52,416.04,426.4
2024-10-08,1009,432.69,432.25,414.46,426.47
2024-10-09,1009,453.75,470.9,477.23,467.29
2024-10-10,1009,416.06,438.47,377.69,410.74
2024-10-11,1009,471.68,408.15,479.6,453.14
2024-10-12,1009,454.02,421.91,465.42,447.12
2024-10-13,1009,474.48,433.94,468.04,458.82
2024-10-14,1009,413.93,416.32,442.86,424.37
2024-10-15,1009,449.51,450.61,377.71,425.94
2024-10-16,1009,394.13,418.8,378.46,397.13
2024-10-17,1009,393.22,403.71,466.05,420.99
2024-10-18,1009,473.65,444.23,396.23,438.04
2024-10-19,1009,440.63,450.01,415.96,435.53
2024-10-20,1009,474.06,446.3,475.3,465.22
2024-10-21,1009,435.99,414.65,454.99,435.21
2024-10-22,1009,462.55,434.75,395.41,430.9
2024-10-23,1009,444.7,404.8,373.96,407.82
2024-10-24,1009,463.02,461.4,405.61,443.34
2024-10-25,1009,472.19,437.47,457.76,455.81
2024-10-26,1009,421.93,426.06,454.92,434.3
2024-10-27,1009,399.17,428.08,426.16,417.8
2024-10-28,1009,388.29,419.35,397.1,401.58
2024-10-29,1009,454.94,419.26,449.68,441.29
2024-10-30,1009,477.04,456.4,490.54,474.66
2024-10-31,1009,385.43,451.75,494.67,443.95
2024-11-01,1009,456.62,467.2,456.55,460.12
2024-11-02,1009,418.47,440.29,422.0,426.92
2024-11-03,1009,457.12,454.56,416.95,442.88
2024-11-04,1009,386.35,441.65,387.92,405.31
2024-11-05,1009,385.72,469.39,439.28,431.46
2024-11-06,1009,440.94,426.74,482.34,450.01
2024-11-07,1009,467.3,428.51,373.9,423.24
2024-11-08,1009,409.28,432.52,379.13,406.98
2024-11-09,1009,424.57,431.7,383.27,413.18
2024-11-10,1009,431.15,439.33,496.17,455.55
2024-11-11,1009,435.46,438.42,486.23,453.37
2024-11-12,1009,449.48,426.45,374.0,416.64
2024-11-13,1009,444.15,414.37,425.87,428.13
2024-11-14,1009,478.5,405.48,496.44,460.14
2024-11-15,1009,426.21,434.05,487.04,449.1
2024-11-16,1009,403.97,437.02,489.79,443.59
2024-11-17,1009,452.93,456.78,445.67,451.79
2024-11-18,1009,443.62,453.27,416.94,437.94
2024-11-19,1009,408.39,452.3,440.09,433.59
2024-11-20,1009,442.4,433.36,450.0,441.92
2024-11-21,1009,462.34,420.48,411.12,431.31
2024-11-22,1009,452.54,450.06,423.22,441.94
2024-11-23,1009,399.89,450.75,383.91,411.52
2024-11-24,1009,467.3,465.73,425.29,452.77
2024-11-25,1009,386.89,457.21,381.5,408.53
2024-11-26,1009,457.29,419.5,460.09,445.63
2024-11-27,1009,401.12,451.09,401.14,417.78
2024-11-28,1009,401.09,453.33,402.85,419.09
2024-11-29,1009,412.22,428.74,478.68,439.88
2024-11-30,1009,416.39,431.99,442.88,430.42
2024-12-01,1009,388.59,432.51,421.83,414.31
2024-12-02,1009,433.91,471.34,411.34,438.86
2024-12-03,1009,422.82,424.43,384.42,410.56
2024-12-04,1009,396.6,423.02,487.97,435.86
2024-12-05,1009,443.69,432.19,403.04,426.31
2024-12-06,1009,418.55,417.33,386.97,407.62
2024-12-07,1009,444.95,436.61,486.15,455.9
2024-12-08,1009,473.75,452.65,386.32,437.57
2024-12-09,1009,465.22,440.44,444.42,450.03
2024-12-10,1009,450.24,409.89,497.79,452.64
2024-12-11,1009,415.24,413.56,425.39,418.06
2024-12-12,1009,421.62,445.21,478.44,448.42
2024-12-13,1009,457.78,440.51,457.15,451.81
2024-12-14,1009,390.06,436.65,383.68,403.46
2024-12-15,1009,399.77,469.72,495.89,455.13
2024-12-16,1009,436.15,459.36,454.0,449.84
2024-12-17,1009,456.65,437.96,490.14,461.58
2024-12-18,1009,443.3,472.02,410.89,442.07
2024-12-19,1009,470.99,454.39,385.55,436.98
2024-12-20,1009,466.63,405.67,437.93,436.74
2024-12-21,1009,448.94,459.52,420.8,443.09
2024-12-22,1009,410.87,405.33,419.49,411.9
2024-12-23,1009,447.64,432.85,457.23,445.91
2024-12-24,1009,445.12,447.17,473.24,455.18
2024-12-25,1009,450.61,469.7,399.91,440.07
2024-12-26,1009,480.88,416.37,440.33,445.86
2024-12-27,1009,407.14,405.63,446.8,419.86
2024-12-28,1009,415.97,405.75,496.37,439.36
2024-12-29,1009,425.51,465.5,435.09,442.03
2024-12-30,1009,455.35,441.94,407.32,434.87
2024-01-01,1010,239.85,227.16,235.25,234.09
2024-01-02,1010,217.78,236.97,266.37,240.37
2024-01-03,1010,258.88,242.6,242.74,248.07
2024-01-04,1010,232.87,228.89,230.16,230.64
2024-01-05,1010,234.85,260.0,269.92,254.92
2024-01-06,1010,214.03,231.81,208.24,218.03
2024-01-07,1010,260.15,248.43,223.15,243.91
2024-01-08,1010,261.85,251.34,231.83,248.34
2024-01-09,1010,267.1,252.53,251.19,256.94
2024-01-10,1010,231.97,224.55,235.22,230.58
2024-01-11,1010,218.2,257.82,226.02,234.01
2024-01-12,1010,244.56,244.6,242.23,243.8
2024-01-13,1010,255.5,230.24,263.45,249.73
2024-01-14,1010,239.45,249.35,212.24,233.68
2024-01-15,1010,221.66,245.84,260.3,242.6
2024-01-16,1010,265.74,246.98,241.49,251.4
2024-01-17,1010,240.07,259.03,276.06,258.39
2024-01-18,1010,226.14,235.0,238.58,233.24
2024-01-19,1010,246.88,253.06,260.02,253.32
2024-01-20,1010,216.27,254.1,245.27,238.55
2024-01-21,1010,227.36,248.24,269.03,248.21
2024-01-22,1010,242.86,255.8,245.6,248.09
2024-01-23,1010,255.92,258.76,222.33,245.67
2024-01-24,1010,219.66,254.31,219.76,231.24
2024-01-25,1010,224.04,241.82,256.11,240.66
2024-01-26,1010,261.77,243.61,243.29,249.56
2024-01-27,1010,223.18,243.96,264.98,244.04
2024-01-28,1010,226.58,252.95,247.55,242.36
2024-01-29,1010,248.38,251.62,246.45,248.82
2024-01-30,1010,262.25,239.62,229.34,243.74
2024-01-31,1010,217.65,242.8,242.45,234.3
2024-02-01,1010,246.47,257.56,276.04,260.02
2024-02-02,1010,265.5,250.86,230.91,249.09
2024-02-03,1010,222.68,225.2,272.16,240.01
2024-02-04,1010,257.96,254.19,270.74,260.96
2024-02-05,1010,264.49,251.54,211.58,242.54
2024-02-06,1010,262.12,237.92,249.05,249.7
2024-02-07,1010,217.04,243.71,265.99,242.25
2024-02-08,1010,224.62,228.12,243.66,232.13
2024-02-09,1010,215.39,227.58,246.5,229.82
2024-02-10,1010,244.35,256.01,259.06,253.14
2024-02-11,1010,249.63,224.88,268.75,247.75
2024-02-12,1010,257.78,252.38,252.58,254.25
2024-02-13,1010,249.11,236.17,233.82,239.7
2024-02-14,1010,251.05,260.53,257.89,256.49
2024-02-15,1010,215.55,255.57,227.17,232.76
2024-02-16,1010,228.07,240.19,234.03,234.1
2024-02-17,1010,229.59,231.74,255.02,238.78
2024-02-18,1010,214.57,256.58,244.39,238.51
2024-02-19,1010,236.83,232.26,224.95,231.35
2024-02-20,1010,253.46,246.4,245.73,248.53
2024-02-21,1010,243.65,233.3,223.19,233.38
2024-02-22,1010,214.13,255.69,257.73,242.52
2024-02-23,1010,233.06,259.78,269.28,254.04
2024-02-24,1010,237.71,237.26,256.14,243.7
2024-02-25,1010,217.04,258.31,209.2,228.18
2024-02-26,1010,264.03,231.19,209.4,234.87
2024-02-27,1010,231.43,260.64,266.36,252.81
2024-02-28,1010,252.95,251.68,237.4,247.34
2024-02-29,1010,228.0,225.89,264.39,239.43
2024-03-01,1010,222.47,224.99,218.58,222.01
2024-03-02,1010,227.55,257.45,243.96,242.99
2024-03-03,1010,233.23,242.05,220.01,231.76
2024-03-04,1010,263.91,226.49,231.86,240.75
2024-03-05,1010,248.11,261.21,277.7,262.34
2024-03-06,1010,224.51,258.0,272.85,251.79
2024-03-07,1010,253.25,249.15,266.7,256.37
2024-03-08,1010,226.38,252.34,240.92,239.88
2024-03-09,1010,250.94,259.85,218.48,243.09
2024-03-10,1010,261.99,227.3,254.24,247.84
2024-03-11,1010,264.7,256.49,227.9,249.7
2024-03-12,1010,228.75,258.01,276.89,254.55
2024-03-13,1010,243.01,227.04,233.93,234.66
2024-03-14,1010,249.04,250.77,216.39,238.73
2024-03-15,1010,261.22,240.89,271.56,257.89
2024-03-16,1010,234.08,259.68,258.54,250.77
2024-03-17,1010,246.27,227.93,227.67,233.96
2024-03-18,1010,218.7,250.93,259.91,243.18
2024-03-19,1010,238.77,224.28,263.94,242.33
2024-03-20,1010,256.6,249.13,230.1,245.28
2024-03-21,1010,231.82,256.39,241.66,243.29
2024-03-22,1010,221.25,261.41,249.25,243.97
2024-03-23,1010,225.22,251.36,212.61,229.73
2024-03-24,1010,262.56,243.88,216.42,240.95
2024-03-25,1010,224.61,224.64,243.83,231.03
2024-03-26,1010,263.56,251.4,212.07,242.34
2024-03-27,1010,261.52,224.71,265.62,250.62
2024-03-28,1010,264.89,252.48,268.37,261.91
2024-03-29,1010,246.6,235.93,247.98,243.5
2024-03-30,1010,233.7,252.16,273.18,253.01
2024-03-31,1010,219.22,258.58,247.86,241.89
2024-04-01,1010,227.42,243.99,276.41,249.27
2024-04-02,1010,265.13,235.11,269.19,256.48
2024-04-03,1010,226.08,236.41,209.04,223.84
2024-04-04,1010,247.52,237.13,212.03,232.23
2024-04-05,1010,262.48,251.82,266.81,260.37
2024-04-06,1010,236.53,258.49,253.86,249.63
2024-04-07,1010,229.25,244.56,226.51,233.44
2024-04-08,1010,222.79,254.53,241.72,239.68
2024-04-09,1010,231.06,239.37,265.32,245.25
2024-04-10,1010,246.64,232.89,278.43,252.65
2024-04-11,1010,251.06,254.57,258.96,254.86
2024-04-12,1010,245.58,248.16,268.31,254.02
2024-04-13,1010,226.23,237.86,217.16,227.08
2024-04-14,1010,266.99,247.18,263.73,259.3
2024-04-15,1010,246.58,250.51,227.88,241.66
2024-04-16,1010,245.19,258.99,271.88,258.69
2024-04-17,1010,265.65,255.78,226.16,249.2
2024-04-18,1010,213.94,230.74,206.73,217.14
2024-04-19,1010,230.42,253.03,267.08,250.18
2024-04-20,1010,238.38,235.29,222.63,232.1
2024-04-21,1010,266.71,223.46,220.8,236.99
2024-04-22,1010,232.55,241.2,217.26,230.34
2024-04-23,1010,242.2,227.24,264.03,244.49
2024-04-24,1010,236.08,238.26,213.59,229.31
2024-04-25,1010,238.73,252.21,267.09,252.68
2024-04-26,1010,246.95,226.55,257.04,243.51
2024-04-27,1010,259.78,247.29,232.28,246.45
2024-04-28,1010,263.04,246.61,277.22,262.29
2024-04-29,1010,256.36,243.85,213.07,237.76
2024-04-30,1010,252.65,253.01,262.59,256.08
2024-05-01,1010,235.31,253.59,275.9,254.93
2024-05-02,1010,230.41,232.19,243.28,235.29
2024-05-03,1010,255.4,255.29,276.78,262.49
2024-05-04,1010,236.51,236.44,247.64,240.2
2024-05-05,1010,265.51,254.9,261.16,260.52
2024-05-06,1010,253.88,238.46,271.91,254.75
2024-05-07,1010,243.17,235.83,237.34,238.78
2024-05-08,1010,241.67,237.52,224.48,234.56
2024-05-09,1010,253.58,228.13,222.58,234.76
2024-05-10,1010,234.65,254.27,230.05,239.66
2024-05-11,1010,226.12,251.36,246.29,241.26
2024-05-12,1010,226.73,257.75,247.31,243.93
2024-05-13,1010,257.4,246.81,261.31,255.17
2024-05-14,1010,217.03,226.92,266.86,236.94
2024-05-15,1010,256.24,223.48,227.01,235.58
2024-05-16,1010,255.24,243.09,243.55,247.29
2024-05-17,1010,246.23,258.32,235.68,246.74
2024-05-18,1010,246.49,224.59,243.16,238.08
2024-05-19,1010,228.12,253.98,226.08,236.06
2024-05-20,1010,222.8,258.6,221.05,234.15
2024-05-21,1010,227.79,231.2,207.45,222.15
2024-05-22,1010,256.05,233.41,238.8,242.75
2024-05-23,1010,250.97,248.07,214.78,237.94
2024-05-24,1010,248.76,229.46,225.96,234.73
2024-05-25,1010,225.89,254.73,252.93,244.52
2024-05-26,1010,262.77,230.86,264.35,252.66
2024-05-27,1010,266.76,248.73,222.27,245.92
2024-05-28,1010,214.1,249.92,226.01,230.01
2024-05-29,1010,239.36,260.96,224.08,241.47
2024-05-30,1010,225.52,242.9,231.95,233.46
2024-05-31,1010,239.15,253.72,223.56,238.81
2024-06-01,1010,260.66,253.88,236.16,250.23
2024-06-02,1010,247.84,229.69,277.86,251.8
2024-06-03,1010,217.23,253.1,262.88,244.4
2024-06-04,1010,239.88,227.72,240.79,236.13
2024-06-05,1010,222.4,232.37,212.01,222.26
2024-06-06,1010,234.91,244.22,252.21,243.78
2024-06-07,1010,229.51,261.35,233.48,241.45
2024-06-08,1010,215.12,261.9,226.75,234.59
2024-06-09,1010,245.77,224.72,212.38,227.62
2024-06-10,1010,246.1,240.48,274.49,253.69
2024-06-11,1010,261.62,229.14,223.17,237.98
2024-06-12,1010,241.1,235.91,237.26,238.09
2024-06-13,1010,242.61,227.27,229.64,233.17
2024-06-14,1010,234.62,225.95,234.71,231.76
2024-06-15,1010,246.74,226.05,240.29,237.69
2024-06-16,1010,214.74,261.73,233.18,236.55
2024-06-17,1010,239.1,238.53,231.39,236.34
2024-06-18,1010,261.24,250.26,217.03,242.84
2024-06-19,1010,251.12,229.21,269.66,250.0
2024-06-20,1010,241.83,256.48,274.31,257.54
2024-06-21,1010,262.97,225.54,225.79,238.1
2024-06-22,1010,246.03,242.06,274.51,254.2
2024-06-23,1010,262.91,226.41,250.84,246.72
2024-06-24,1010,250.81,230.14,268.55,249.83
2024-06-25,1010,217.74,244.62,255.23,239.2
2024-06-26,1010,242.63,259.67,241.29,247.86
2024-06-27,1010,235.62,256.01,219.92,237.18
2024-06-28,1010,262.02,257.78,243.5,254.43
2024-06-29,1010,238.73,258.65,274.24,257.21
2024-06-30,1010,259.14,260.28,232.75,250.72
2024-07-01,1010,243.75,262.04,239.63,248.47
2024-07-02,1010,240.12,256.73,246.22,247.69
2024-07-03,1010,234.74,251.95,273.55,253.41
2024-07-04,1010,221.94,250.27,276.39,249.53
2024-07-05,1010,243.29,226.87,259.58,243.25
2024-07-06,1010,261.74,253.89,263.33,259.65
2024-07-07,1010,244.77,227.66,239.88,237.44
2024-07-08,1010,216.76,226.04,259.69,234.16
2024-07-09,1010,219.36,251.88,229.82,233.69
2024-07-10,1010,243.58,237.51,253.17,244.75
2024-07-11,1010,225.97,229.6,263.44,239.67
2024-07-12,1010,219.93,256.01,263.01,246.32
2024-07-13,1010,220.35,243.13,207.8,223.76
2024-07-14,1010,239.1,239.82,238.81,239.24
2024-07-15,1010,254.14,237.77,258.54,250.15
2024-07-16,1010,243.85,260.37,214.36,239.53
2024-07-17,1010,264.43,261.89,241.71,256.01
2024-07-18,1010,243.4,248.07,270.11,253.86
2024-07-19,1010,238.39,248.28,239.63,242.1
2024-07-20,1010,223.02,242.41,266.37,243.93
2024-07-21,1010,232.15,227.5,276.25,245.3
2024-07-22,1010,252.17,236.94,278.91,256.01
2024-07-23,1010,244.06,255.88,220.46,240.13
2024-07-24,1010,262.81,226.58,273.04,254.14
2024-07-25,1010,265.72,261.92,253.8,260.48
2024-07-26,1010,241.99,243.42,247.92,244.44
2024-07-27,1010,251.78,227.92,247.98,242.56
2024-07-28,1010,218.28,247.78,226.89,230.98
2024-07-29,1010,251.42,228.05,249.5,242.99
2024-07-30,1010,259.29,250.73,262.82,257.61
2024-07-31,1010,262.12,237.41,211.02,236.85
2024-08-01,1010,256.28,248.37,270.16,258.27
2024-08-02,1010,234.08,253.53,236.84,241.48
2024-08-03,1010,214.54,257.63,213.78,228.65
2024-08-04,1010,259.93,244.27,227.49,243.9
2024-08-05,1010,231.17,232.87,250.79,238.28
2024-08-06,1010,223.69,256.02,260.48,246.73
2024-08-07,1010,221.42,244.47,251.2,239.03
2024-08-08,1010,223.35,242.07,254.38,239.93
2024-08-09,1010,237.82,236.39,228.55,234.25
2024-08-10,1010,249.44,256.27,232.27,245.99
2024-08-11,1010,227.81,228.35,233.37,229.84
2024-08-12,1010,244.42,239.58,215.01,233.0
2024-08-13,1010,246.42,228.09,218.33,230.95
2024-08-14,1010,232.39,246.56,218.86,232.6
2024-08-15,1010,254.77,239.01,265.89,253.22
2024-08-16,1010,228.98,230.62,277.24,245.61
2024-08-17,1010,214.42,237.2,260.55,237.39
2024-08-18,1010,236.64,224.12,223.62,228.13
2024-08-19,1010,247.46,232.85,226.66,235.66
2024-08-20,1010,234.67,251.56,272.7,252.98
2024-08-21,1010,246.35,235.81,262.71,248.29
2024-08-22,1010,227.93,232.23,276.19,245.45
2024-08-23,1010,251.49,234.48,225.9,237.29
2024-08-24,1010,217.16,233.89,250.65,233.9
2024-08-25,1010,247.23,256.41,223.18,242.27
2024-08-26,1010,249.88,240.17,214.79,234.95
2024-08-27,1010,223.15,237.35,254.03,238.18
2024-08-28,1010,214.25,241.76,237.66,231.22
2024-08-29,1010,236.65,254.06,258.55,249.75
2024-08-30,1010,265.35,236.7,278.59,260.21
2024-08-31,1010,232.63,237.26,267.8,245.9
2024-09-01,1010,246.5,241.43,212.99,233.64
2024-09-02,1010,251.14,239.24,246.34,245.57
2024-09-03,1010,229.34,229.34,264.15,240.94
2024-09-04,1010,229.67,243.41,236.03,236.37
2024-09-05,1010,264.63,234.29,259.73,252.88
2024-09-06,1010,227.72,242.52,236.98,235.74
2024-09-07,1010,239.44,248.88,220.22,236.18
2024-09-08,1010,241.84,253.77,262.45,252.69
2024-09-09,1010,264.01,247.74,217.24,243.0
2024-09-10,1010,260.31,243.51,234.49,246.1
2024-09-11,1010,261.97,224.25,241.01,242.41
2024-09-12,1010,236.59,245.91,240.16,240.89
2024-09-13,1010,246.3,259.21,214.18,239.9
2024-09-14,1010,256.93,233.89,270.7,253.84
2024-09-15,1010,243.68,249.03,233.22,241.98
2024-09-16,1010,216.33,238.8,268.63,241.25
2024-09-17,1010,244.29,228.48,267.68,246.82
2024-09-18,1010,238.63,260.91,270.48,256.67
2024-09-19,1010,246.74,245.79,235.15,242.56
2024-09-20,1010,244.38,240.07,225.63,236.69
2024-09-21,1010,217.33,237.74,270.9,241.99
2024-09-22,1010,263.84,226.41,276.46,255.57
2024-09-23,1010,236.89,237.38,245.71,239.99
2024-09-24,1010,235.15,240.13,217.23,230.84
2024-09-25,1010,217.16,251.95,245.71,238.27
2024-09-26,1010,223.49,240.48,264.69,242.89
2024-09-27,1010,252.39,230.69,260.24,247.77
2024-09-28,1010,259.21,250.97,208.83,239.67
2024-09-29,1010,214.7,244.62,259.46,239.59
2024-09-30,1010,252.49,250.32,266.29,256.37
2024-10-01,1010,238.93,251.28,270.28,253.5
2024-10-02,1010,263.45,245.91,219.47,242.94
2024-10-03,1010,257.71,252.41,221.59,243.9
2024-10-04,1010,261.23,236.25,210.95,236.14
2024-10-05,1010,251.93,260.62,256.77,256.44
2024-10-06,1010,254.94,256.19,258.22,256.45
2024-10-07,1010,251.14,233.27,265.42,249.94
2024-10-08,1010,251.17,252.07,254.68,252.64
2024-10-09,1010,237.7,225.81,267.96,243.82
2024-10-10,1010,221.12,224.63,274.51,240.09
2024-10-11,1010,257.7,250.97,215.99,241.55
2024-10-12,1010,236.45,239.5,238.7,238.22
2024-10-13,1010,260.16,262.21,249.07,257.15
2024-10-14,1010,249.38,248.68,272.09,256.72
2024-10-15,1010,260.14,257.19,211.07,242.8
2024-10-16,1010,234.04,225.63,255.8,238.49
2024-10-17,1010,250.14,258.86,266.57,258.52
2024-10-18,1010,226.53,237.9,214.52,226.32
2024-10-19,1010,220.55,237.14,246.29,234.66
2024-10-20,1010,264.52,234.13,207.61,235.42
2024-10-21,1010,221.08,225.05,234.09,226.74
2024-10-22,1010,230.46,239.66,218.05,229.39
2024-10-23,1010,216.2,243.63,224.49,228.11
2024-10-24,1010,262.61,251.57,265.86,260.01
2024-10-25,1010,254.5,247.07,233.06,244.88
2024-10-26,1010,266.88,241.59,259.16,255.88
2024-10-27,1010,235.64,243.04,233.16,237.28
2024-10-28,1010,260.89,232.28,271.71,254.96
2024-10-29,1010,252.55,235.27,210.29,232.7
2024-10-30,1010,231.19,247.89,254.53,244.54
2024-10-31,1010,236.83,229.9,229.67,232.13
2024-11-01,1010,214.42,235.7,263.25,237.79
2024-11-02,1010,257.09,253.87,256.13,255.7
2024-11-03,1010,244.12,231.31,227.76,234.4
2024-11-04,1010,223.27,226.63,270.66,240.19
2024-11-05,1010,233.87,249.08,230.47,237.81
2024-11-06,1010,215.75,231.53,227.27,224.85
2024-11-07,1010,254.09,229.81,273.02,252.31
2024-11-08,1010,225.76,232.77,248.3,235.61
2024-11-09,1010,254.21,249.49,239.15,247.62
2024-11-10,1010,266.62,255.27,209.66,243.85
2024-11-11,1010,252.26,244.82,263.71,253.6
2024-11-12,1010,216.6,245.71,256.6,239.64
2024-11-13,1010,216.5,227.29,257.56,233.78
2024-11-14,1010,258.15,256.56,218.97,244.56
2024-11-15,1010,255.07,253.92,223.05,244.01
2024-11-16,1010,253.31,235.83,214.06,234.4
2024-11-17,1010,222.61,229.17,229.37,227.05
2024-11-18,1010,214.82,227.2,227.6,223.21
2024-11-19,1010,243.67,228.09,221.85,231.2
2024-11-20,1010,249.59,241.44,266.98,252.67
2024-11-21,1010,230.09,253.19,228.71,237.33
2024-11-22,1010,218.0,259.94,246.4,241.45
2024-11-23,1010,241.19,226.92,253.26,240.46
2024-11-24,1010,247.33,253.83,256.34,252.5
2024-11-25,1010,232.21,225.1,258.85,238.72
2024-11-26,1010,218.4,241.91,268.85,243.05
2024-11-27,1010,265.77,255.63,216.02,245.81
2024-11-28,1010,233.59,241.35,267.24,247.39
2024-11-29,1010,264.88,229.17,260.75,251.6
2024-11-30,1010,222.84,257.25,237.01,239.03
2024-12-01,1010,252.58,242.05,227.37,240.67
2024-12-02,1010,238.72,231.73,274.52,248.32
2024-12-03,1010,267.09,250.43,218.11,245.21
2024-12-04,1010,255.38,232.72,225.15,237.75
2024-12-05,1010,222.9,227.48,255.89,235.42
2024-12-06,1010,233.16,240.22,234.73,236.04
2024-12-07,1010,224.83,238.36,246.07,236.42
2024-12-08,1010,257.0,253.26,243.24,251.17
2024-12-09,1010,255.32,260.59,225.85,247.25
2024-12-10,1010,254.98,259.43,211.03,241.81
2024-12-11,1010,240.64,229.48,215.76,228.63
2024-12-12,1010,232.9,227.52,229.95,230.12
2024-12-13,1010,230.81,236.41,267.62,244.95
2024-12-14,1010,247.7,260.2,221.51,243.14
2024-12-15,1010,245.19,249.17,253.7,249.35
2024-12-16,1010,265.09,244.2,234.0,247.76
2024-12-17,1010,214.42,252.04,259.78,242.08
2024-12-18,1010,225.68,241.22,214.79,227.23
2024-12-19,1010,232.59,255.57,207.13,231.76
2024-12-20,1010,266.4,246.34,210.47,241.07
2024-12-21,1010,258.66,236.87,251.46,249.0
2024-12-22,1010,264.47,261.66,269.56,265.23
2024-12-23,1010,258.12,250.98,276.58,261.89
2024-12-24,1010,245.64,250.11,222.48,239.41
2024-12-25,1010,233.7,238.0,216.13,229.28
2024-12-26,1010,213.78,253.18,260.33,242.43
2024-12-27,1010,246.13,241.02,263.11,250.09
2024-12-28,1010,265.89,232.84,258.72,252.48
2024-12-29,1010,237.33,230.9,239.21,235.81
2024-12-30,1010,249.18,225.86,269.9,248.31
2024-01-01,1011,24.04,23.32,23.44,23.6
2024-01-02,1011,23.81,22.07,22.55,22.81
2024-01-03,1011,21.19,22.96,21.63,21.93
2024-01-04,1011,22.88,23.19,26.29,24.12
2024-01-05,1011,21.98,23.84,23.97,23.26
2024-01-06,1011,25.17,24.38,23.7,24.42
2024-01-07,1011,22.2,24.47,23.11,23.26
2024-01-08,1011,23.25,23.99,23.56,23.6
2024-01-09,1011,21.22,22.05,20.84,21.37
2024-01-10,1011,24.41,23.09,24.34,23.95
2024-01-11,1011,23.41,21.9,22.81,22.71
2024-01-12,1011,25.27,24.96,25.7,25.31
2024-01-13,1011,22.67,22.44,22.34,22.48
2024-01-14,1011,23.0,25.15,22.13,23.43
2024-01-15,1011,21.61,23.51,24.65,23.26
2024-01-16,1011,22.98,22.81,24.94,23.58
2024-01-17,1011,25.24,22.66,25.07,24.32
2024-01-18,1011,23.2,23.87,22.28,23.12
2024-01-19,1011,22.88,24.77,20.28,22.64
2024-01-20,1011,23.24,23.4,22.47,23.04
2024-01-21,1011,23.67,24.12,26.49,24.76
2024-01-22,1011,21.23,22.97,20.9,21.7
2024-01-23,1011,24.53,24.01,23.49,24.01
2024-01-24,1011,21.33,24.28,21.05,22.22
2024-01-25,1011,23.0,22.07,22.14,22.4
2024-01-26,1011,21.21,24.67,25.28,23.72
2024-01-27,1011,24.07,24.37,21.25,23.23
2024-01-28,1011,22.51,24.54,25.11,24.05
2024-01-29,1011,20.69,24.19,21.89,22.26
2024-01-30,1011,21.16,23.98,22.21,22.45
2024-01-31,1011,21.51,25.06,23.66,23.41
2024-02-01,1011,23.74,23.08,25.37,24.06
2024-02-02,1011,25.34,22.98,21.47,23.26
2024-02-03,1011,22.89,23.39,26.67,24.32
2024-02-04,1011,21.72,25.22,25.03,23.99
2024-02-05,1011,24.45,24.24,22.0,23.56
2024-02-06,1011,23.11,24.67,25.78,24.52
2024-02-07,1011,23.14,23.0,25.77,23.97
2024-02-08,1011,23.24,22.1,24.79,23.38
2024-02-09,1011,25.56,24.48,25.46,25.17
2024-02-10,1011,24.54,23.81,26.68,25.01
2024-02-11,1011,22.7,23.55,20.79,22.35
2024-02-12,1011,25.77,25.22,26.72,25.9
2024-02-13,1011,22.98,24.76,21.45,23.06
2024-02-14,1011,25.51,24.13,25.53,25.06
2024-02-15,1011,23.81,21.91,20.72,22.15
2024-02-16,1011,21.36,23.32,22.43,22.37
2024-02-17,1011,24.16,23.5,23.19,23.62
2024-02-18,1011,22.33,22.54,25.15,23.34
2024-02-19,1011,22.32,24.2,20.24,22.25
2024-02-20,1011,24.84,25.19,23.16,24.4
2024-02-21,1011,25.62,24.61,20.47,23.57
2024-02-22,1011,20.71,22.51,26.41,23.21
2024-02-23,1011,25.69,24.59,20.0,23.43
2024-02-24,1011,21.11,22.39,23.47,22.32
2024-02-25,1011,23.8,25.05,23.44,24.1
2024-02-26,1011,22.06,25.0,22.65,23.24
2024-02-27,1011,24.05,25.3,20.1,23.15
2024-02-28,1011,22.51,22.2,25.25,23.32
2024-02-29,1011,22.15,22.07,25.35,23.19
2024-03-01,1011,22.05,23.77,24.56,23.46
2024-03-02,1011,22.85,22.81,26.14,23.93
2024-03-03,1011,22.37,24.19,25.86,24.14
2024-03-04,1011,24.49,23.71,22.12,23.44
2024-03-05,1011,24.65,24.58,25.71,24.98
2024-03-06,1011,21.14,24.35,26.16,23.88
2024-03-07,1011,25.45,25.27,22.97,24.56
2024-03-08,1011,24.42,25.19,20.73,23.45
2024-03-09,1011,25.22,24.84,26.8,25.62
2024-03-10,1011,22.83,23.15,21.71,22.56
2024-03-11,1011,21.95,21.78,25.66,23.13
2024-03-12,1011,21.93,21.83,23.39,22.38
2024-03-13,1011,21.28,22.41,20.67,21.45
2024-03-14,1011,22.92,24.93,24.69,24.18
2024-03-15,1011,24.9,24.86,24.44,24.73
2024-03-16,1011,22.06,24.87,23.73,23.55
2024-03-17,1011,22.68,25.12,21.68,23.16
2024-03-18,1011,25.18,23.68,24.47,24.44
2024-03-19,1011,23.88,25.25,24.75,24.63
2024-03-20,1011,21.34,23.26,22.63,22.41
2024-03-21,1011,25.66,22.75,22.94,23.78
2024-03-22,1011,20.93,22.13,25.17,22.74
2024-03-23,1011,24.72,21.91,23.0,23.21
2024-03-24,1011,24.23,21.9,26.17,24.1
2024-03-25,1011,25.74,22.68,20.52,22.98
2024-03-26,1011,23.88,22.81,25.81,24.17
2024-03-27,1011,24.41,25.09,20.58,23.36
2024-03-28,1011,23.2,23.6,22.04,22.95
2024-03-29,1011,23.61,21.99,23.28,22.96
2024-03-30,1011,25.38,23.37,20.02,22.92
2024-03-31,1011,24.65,23.49,21.68,23.27
2024-04-01,1011,25.78,23.98,24.81,24.86
2024-04-02,1011,24.82,23.42,26.92,25.05
2024-04-03,1011,24.15,21.74,21.69,22.53
2024-04-04,1011,23.18,21.67,24.26,23.04
2024-04-05,1011,23.2,24.22,21.46,22.96
2024-04-06,1011,25.29,21.69,23.07,23.35
2024-04-07,1011,22.74,25.1,22.99,23.61
2024-04-08,1011,24.33,23.74,23.44,23.84
2024-04-09,1011,25.25,24.16,21.75,23.72
2024-04-10,1011,24.83,23.02,25.91,24.59
2024-04-11,1011,23.98,22.28,22.82,23.03
2024-04-12,1011,21.72,23.58,23.31,22.87
2024-04-13,1011,24.16,24.21,22.44,23.6
2024-04-14,1011,24.3,22.6,19.93,22.28
2024-04-15,1011,21.26,22.97,24.57,22.93
2024-04-16,1011,21.35,23.18,20.61,21.71
2024-04-17,1011,25.26,23.54,25.9,24.9
2024-04-18,1011,21.96,23.02,25.57,23.52
2024-04-19,1011,20.96,21.86,25.27,22.7
2024-04-20,1011,24.15,22.07,20.93,22.38
2024-04-21,1011,22.58,21.86,20.01,21.48
2024-04-22,1011,21.81,23.14,20.78,21.91
2024-04-23,1011,23.65,25.07,22.36,23.69
2024-04-24,1011,23.82,22.05,19.94,21.94
2024-04-25,1011,25.41,22.82,22.23,23.49
2024-04-26,1011,23.54,25.04,20.1,22.89
2024-04-27,1011,21.56,23.48,23.48,22.84
2024-04-28,1011,22.73,23.1,22.16,22.66
2024-04-29,1011,25.63,25.1,23.33,24.69
2024-04-30,1011,20.98,22.01,26.37,23.12
2024-05-01,1011,25.26,23.24,20.27,22.92
2024-05-02,1011,21.6,23.1,20.76,21.82
2024-05-03,1011,22.38,23.32,22.94,22.88
2024-05-04,1011,21.18,21.94,25.92,23.01
2024-05-05,1011,21.74,24.67,26.42,24.28
2024-05-06,1011,25.24,24.54,25.2,24.99
2024-05-07,1011,21.34,22.4,23.98,22.57
2024-05-08,1011,23.76,21.97,24.54,23.42
2024-05-09,1011,23.71,22.85,23.16,23.24
2024-05-10,1011,20.78,25.25,24.32,23.45
2024-05-11,1011,23.41,22.99,22.45,22.95
2024-05-12,1011,21.56,23.65,25.85,23.69
2024-05-13,1011,21.9,25.24,25.75,24.3
2024-05-14,1011,22.92,25.25,22.01,23.39
2024-05-15,1011,22.58,23.91,22.07,22.85
2024-05-16,1011,20.89,24.99,26.13,24.0
2024-05-17,1011,24.15,23.66,20.81,22.87
2024-05-18,1011,25.22,22.21,26.41,24.61
2024-05-19,1011,21.2,22.57,26.66,23.48
2024-05-20,1011,21.65,22.05,21.56,21.75
2024-05-21,1011,23.48,22.02,25.56,23.69
2024-05-22,1011,22.6,21.82,25.49,23.3
2024-05-23,1011,21.85,23.28,21.22,22.12
2024-05-24,1011,20.9,24.25,23.74,22.96
2024-05-25,1011,25.29,25.31,26.39,25.66
2024-05-26,1011,23.59,22.28,24.68,23.52
2024-05-27,1011,23.42,22.58,24.73,23.58
2024-05-28,1011,22.31,23.6,21.12,22.34
2024-05-29,1011,25.09,21.73,22.94,23.25
2024-05-30,1011,25.71,23.15,26.61,25.16
2024-05-31,1011,23.94,22.5,23.49,23.31
2024-06-01,1011,22.47,23.91,21.04,22.47
2024-06-02,1011,24.51,25.17,22.0,23.89
2024-06-03,1011,23.18,22.22,25.08,23.49
2024-06-04,1011,22.34,23.68,25.03,23.68
2024-06-05,1011,21.34,25.0,26.45,24.26
2024-06-06,1011,23.4,23.92,26.92,24.75
2024-06-07,1011,20.96,25.14,24.23,23.44
2024-06-08,1011,22.28,23.3,20.96,22.18
2024-06-09,1011,20.82,22.13,20.8,21.25
2024-06-10,1011,21.52,22.11,26.36,23.33
2024-06-11,1011,24.5,24.02,25.32,24.61
2024-06-12,1011,20.85,22.44,22.71,22.0
2024-06-13,1011,23.52,21.73,22.79,22.68
2024-06-14,1011,23.72,23.95,24.94,24.2
2024-06-15,1011,21.85,24.84,25.07,23.92
2024-06-16,1011,24.77,24.67,26.61,25.35
2024-06-17,1011,23.62,22.8,25.83,24.08
2024-06-18,1011,25.77,22.54,25.1,24.47
2024-06-19,1011,21.46,24.92,24.11,23.5
2024-06-20,1011,21.76,22.83,22.61,22.4
2024-06-21,1011,25.71,25.24,26.93,25.96
2024-06-22,1011,22.67,21.66,21.5,21.94
2024-06-23,1011,23.44,21.85,21.94,22.41
2024-06-24,1011,23.68,24.95,24.76,24.46
2024-06-25,1011,23.92,23.73,23.33,23.66
2024-06-26,1011,24.76,24.51,21.27,23.51
2024-06-27,1011,23.64,24.11,26.94,24.9
2024-06-28,1011,21.02,23.06,25.7,23.26
2024-06-29,1011,25.25,22.78,20.54,22.86
2024-06-30,1011,24.39,24.18,22.31,23.63
2024-07-01,1011,20.96,24.47,22.1,22.51
2024-07-02,1011,22.33,24.27,24.9,23.83
2024-07-03,1011,23.62,22.64,25.09,23.78
2024-07-04,1011,25.28,23.61,26.03,24.97
2024-07-05,1011,23.25,23.12,23.08,23.15
2024-07-06,1011,21.28,23.85,26.93,24.02
2024-07-07,1011,24.59,22.88,22.54,23.34
2024-07-08,1011,23.57,24.24,25.39,24.4
2024-07-09,1011,22.13,23.47,22.33,22.64
2024-07-10,1011,23.26,22.94,23.68,23.29
2024-07-11,1011,25.29,22.26,24.72,24.09
2024-07-12,1011,25.15,22.03,23.4,23.53
2024-07-13,1011,22.91,22.95,24.63,23.5
2024-07-14,1011,22.32,23.23,23.12,22.89
2024-07-15,1011,20.77,24.23,26.15,23.72
2024-07-16,1011,21.47,22.39,21.58,21.81
2024-07-17,1011,23.32,22.29,21.8,22.47
2024-07-18,1011,22.9,23.04,23.9,23.28
2024-07-19,1011,20.75,22.51,20.57,21.28
2024-07-20,1011,24.32,23.86,25.92,24.7
2024-07-21,1011,22.69,23.07,22.77,22.84
2024-07-22,1011,21.34,22.84,22.17,22.12
2024-07-23,1011,20.86,22.66,26.02,23.18
2024-07-24,1011,23.96,25.3,21.56,23.61
2024-07-25,1011,21.55,23.48,21.61,22.21
2024-07-26,1011,24.83,22.75,22.76,23.45
2024-07-27,1011,25.34,23.14,24.54,24.34
2024-07-28,1011,23.88,23.01,22.44,23.11
2024-07-29,1011,25.21,25.2,24.98,25.13
2024-07-30,1011,25.78,23.78,24.71,24.76
2024-07-31,1011,20.68,22.39,24.6,22.56
2024-08-01,1011,22.76,22.92,25.11,23.6
2024-08-02,1011,22.13,25.03,23.8,23.65
2024-08-03,1011,22.4,24.84,20.28,22.51
2024-08-04,1011,24.5,22.62,21.46,22.86
2024-08-05,1011,21.17,22.29,26.95,23.47
2024-08-06,1011,22.79,24.89,25.23,24.3
2024-08-07,1011,25.16,23.23,26.47,24.95
2024-08-08,1011,20.98,24.36,22.3,22.55
2024-08-09,1011,21.38,22.26,22.23,21.96
2024-08-10,1011,24.36,21.88,24.08,23.44
2024-08-11,1011,24.99,23.27,25.37,24.54
2024-08-12,1011,21.01,22.87,21.51,21.8
2024-08-13,1011,24.5,23.5,20.53,22.84
2024-08-14,1011,25.29,23.71,25.22,24.74
2024-08-15,1011,21.47,21.83,22.17,21.82
2024-08-16,1011,22.85,24.29,24.8,23.98
2024-08-17,1011,23.44,24.19,26.94,24.86
2024-08-18,1011,22.6,24.15,24.13,23.63
2024-08-19,1011,20.73,22.96,25.17,22.95
2024-08-20,1011,22.12,24.55,25.54,24.07
2024-08-21,1011,22.09,24.6,21.23,22.64
2024-08-22,1011,24.1,24.14,24.51,24.25
2024-08-23,1011,25.33,23.47,22.79,23.86
2024-08-24,1011,21.31,23.09,21.52,21.97
2024-08-25,1011,23.36,23.38,24.77,23.84
2024-08-26,1011,24.93,23.76,20.95,23.21
2024-08-27,1011,24.19,22.47,23.69,23.45
2024-08-28,1011,25.08,24.83,23.23,24.38
2024-08-29,1011,20.64,22.99,24.15,22.59
2024-08-30,1011,21.27,22.2,25.92,23.13
2024-08-31,1011,24.05,23.81,21.35,23.07
2024-09-01,1011,23.4,21.63,26.63,23.89
2024-09-02,1011,23.81,25.03,20.6,23.15
2024-09-03,1011,22.74,24.7,22.6,23.35
2024-09-04,1011,20.85,23.1,24.98,22.98
2024-09-05,1011,24.17,22.52,24.15,23.61
2024-09-06,1011,22.36,23.89,26.8,24.35
2024-09-07,1011,23.02,21.85,23.81,22.89
2024-09-08,1011,23.03,21.58,22.75,22.45
2024-09-09,1011,24.88,25.0,21.38,23.75
2024-09-10,1011,23.17,23.2,21.82,22.73
2024-09-11,1011,20.9,24.44,24.61,23.32
2024-09-12,1011,23.19,23.2,22.69,23.03
2024-09-13,1011,24.2,24.23,22.58,23.67
2024-09-14,1011,23.39,23.27,26.18,24.28
2024-09-15,1011,24.28,25.21,24.39,24.63
2024-09-16,1011,20.9,23.74,26.84,23.83
2024-09-17,1011,23.32,24.0,22.14,23.15
2024-09-18,1011,25.25,22.66,22.22,23.38
2024-09-19,1011,21.14,24.42,22.49,22.68
2024-09-20,1011,20.75,25.27,24.92,23.65
2024-09-21,1011,23.3,22.78,24.3,23.46
2024-09-22,1011,22.05,21.63,23.81,22.5
2024-09-23,1011,21.0,24.92,24.22,23.38
2024-09-24,1011,23.19,21.79,24.19,23.06
2024-09-25,1011,21.67,24.8,22.33,22.93
2024-09-26,1011,23.13,23.8,21.67,22.87
2024-09-27,1011,20.72,23.85,23.38,22.65
2024-09-28,1011,25.25,22.66,23.73,23.88
2024-09-29,1011,25.42,22.91,25.59,24.64
2024-09-30,1011,25.47,23.48,23.21,24.05
2024-10-01,1011,22.3,25.06,24.7,24.02
2024-10-02,1011,23.43,25.21,22.17,23.6
2024-10-03,1011,22.63,22.16,26.17,23.65
2024-10-04,1011,24.62,24.79,24.85,24.75
2024-10-05,1011,20.99,21.6,22.08,21.56
2024-10-06,1011,20.96,23.55,21.85,22.12
2024-10-07,1011,24.97,25.15,24.96,25.03
2024-10-08,1011,21.71,25.29,25.36,24.12
2024-10-09,1011,23.44,24.02,24.29,23.92
2024-10-10,1011,22.46,23.19,21.76,22.47
2024-10-11,1011,22.52,23.42,20.37,22.1
2024-10-12,1011,24.4,22.21,24.17,23.59
2024-10-13,1011,24.48,23.72,25.91,24.7
2024-10-14,1011,24.19,21.93,20.74,22.29
2024-10-15,1011,23.87,25.01,22.15,23.68
2024-10-16,1011,21.3,21.8,20.54,21.21
2024-10-17,1011,24.27,24.83,25.44,24.85
2024-10-18,1011,24.29,22.93,20.53,22.58
2024-10-19,1011,21.75,24.83,26.27,24.28
2024-10-20,1011,23.62,24.32,20.37,22.77
2024-10-21,1011,21.98,24.97,26.61,24.52
2024-10-22,1011,21.86,24.33,25.53,23.91
2024-10-23,1011,24.82,22.91,21.1,22.94
2024-10-24,1011,25.67,24.65,22.99,24.44
2024-10-25,1011,21.47,23.37,23.18,22.67
2024-10-26,1011,23.74,23.84,20.82,22.8
2024-10-27,1011,25.15,23.12,23.45,23.91
2024-10-28,1011,24.18,24.95,21.08,23.4
2024-10-29,1011,22.04,23.9,24.82,23.59
2024-10-30,1011,23.46,24.82,25.29,24.52
2024-10-31,1011,21.88,21.9,23.03,22.27
2024-11-01,1011,25.01,22.79,22.31,23.37
2024-11-02,1011,24.7,22.45,26.6,24.58
2024-11-03,1011,21.09,23.41,26.26,23.59
2024-11-04,1011,22.19,23.23,21.14,22.19
2024-11-05,1011,22.41,24.05,23.31,23.26
2024-11-06,1011,21.23,24.23,21.54,22.33
2024-11-07,1011,21.33,22.76,22.33,22.14
2024-11-08,1011,25.64,23.81,21.62,23.69
2024-11-09,1011,22.31,24.09,23.66,23.35
2024-11-10,1011,20.74,22.39,20.68,21.27
2024-11-11,1011,24.36,23.01,20.44,22.6
2024-11-12,1011,21.84,24.92,20.24,22.33
2024-11-13,1011,24.29,22.65,20.36,22.43
2024-11-14,1011,21.64,23.5,26.32,23.82
2024-11-15,1011,23.58,23.16,25.16,23.97
2024-11-16,1011,21.37,24.99,24.63,23.66
2024-11-17,1011,24.47,24.46,26.39,25.11
2024-11-18,1011,23.93,23.12,24.11,23.72
2024-11-19,1011,23.05,24.16,25.54,24.25
2024-11-20,1011,22.77,24.51,22.83,23.37
2024-11-21,1011,21.87,24.55,20.52,22.31
2024-11-22,1011,20.97,23.45,23.44,22.62
2024-11-23,1011,24.38,23.1,24.37,23.95
2024-11-24,1011,23.71,25.12,21.28,23.37
2024-11-25,1011,22.22,22.65,24.33,23.07
2024-11-26,1011,24.9,24.01,23.15,24.02
2024-11-27,1011,23.2,24.2,23.91,23.77
2024-11-28,1011,23.01,21.86,22.44,22.44
2024-11-29,1011,25.59,23.65,24.19,24.48
2024-11-30,1011,20.99,22.63,24.62,22.75
2024-12-01,1011,24.92,22.73,20.37,22.67
2024-12-02,1011,21.55,24.47,22.19,22.74
2024-12-03,1011,23.17,24.15,24.51,23.94
2024-12-04,1011,21.81,23.42,26.14,23.79
2024-12-05,1011,21.83,23.94,21.75,22.51
2024-12-06,1011,23.79,22.5,22.04,22.78
2024-12-07,1011,24.11,24.5,22.5,23.7
2024-12-08,1011,24.79,23.28,25.88,24.65
2024-12-09,1011,20.86,22.13,22.63,21.87
2024-12-10,1011,20.75,22.75,21.22,21.57
2024-12-11,1011,25.33,25.21,23.42,24.65
2024-12-12,1011,21.78,24.22,20.21,22.07
2024-12-13,1011,23.94,24.06,22.54,23.51
2024-12-14,1011,21.17,24.55,26.63,24.12
2024-12-15,1011,23.14,22.11,26.03,23.76
2024-12-16,1011,24.09,23.81,21.28,23.06
2024-12-17,1011,21.87,22.86,25.78,23.5
2024-12-18,1011,22.89,24.51,26.79,24.73
2024-12-19,1011,23.83,24.63,24.51,24.32
2024-12-20,1011,20.99,23.57,26.89,23.82
2024-12-21,1011,24.89,24.45,21.9,23.75
2024-12-22,1011,25.15,24.7,22.0,23.95
2024-12-23,1011,25.46,24.49,24.18,24.71
2024-12-24,1011,21.83,24.6,22.65,23.03
2024-12-25,1011,24.88,22.81,23.02,23.57
2024-12-26,1011,25.52,23.72,23.49,24.24
2024-12-27,1011,23.32,25.04,20.38,22.91
2024-12-28,1011,22.45,23.31,22.23,22.66
2024-12-29,1011,23.69,25.31,25.46,24.82
2024-12-30,1011,22.36,24.73,20.12,22.4
2024-01-01,1012,73.51,68.86,65.94,69.44
2024-01-02,1012,67.43,71.09,79.24,72.59
2024-01-03,1012,71.58,76.75,68.25,72.19
2024-01-04,1012,71.91,76.1,62.96,70.32
2024-01-05,1012,73.74,66.71,74.38,71.61
2024-01-06,1012,66.78,72.44,79.21,72.81
2024-01-07,1012,67.79,77.18,68.97,71.31
2024-01-08,1012,74.45,67.73,82.49,74.89
2024-01-09,1012,69.42,76.6,66.48,70.83
2024-01-10,1012,75.39,73.11,74.37,74.29
2024-01-11,1012,75.5,70.37,78.52,74.8
2024-01-12,1012,63.9,72.6,82.15,72.88
2024-01-13,1012,70.36,66.97,80.08,72.47
2024-01-14,1012,65.16,77.16,72.66,71.66
2024-01-15,1012,67.66,73.18,81.3,74.05
2024-01-16,1012,76.46,71.12,66.66,71.41
2024-01-17,1012,68.5,77.65,64.1,70.08
2024-01-18,1012,71.48,66.28,69.31,69.02
2024-01-19,1012,75.88,71.3,70.54,72.57
2024-01-20,1012,76.93,69.8,78.96,75.23
2024-01-21,1012,68.04,70.41,74.66,71.04
2024-01-22,1012,72.48,76.85,62.21,70.51
2024-01-23,1012,67.68,76.18,62.0,68.62
2024-01-24,1012,69.97,75.91,74.67,73.52
2024-01-25,1012,78.33,74.42,70.32,74.36
2024-01-26,1012,72.5,74.39,70.22,72.37
2024-01-27,1012,73.0,72.03,74.69,73.24
2024-01-28,1012,78.39,76.52,68.15,74.35
2024-01-29,1012,72.8,72.56,81.23,75.53
2024-01-30,1012,64.03,67.05,61.37,64.15
2024-01-31,1012,70.79,75.99,74.37,73.72
2024-02-01,1012,76.58,68.16,62.36,69.03
2024-02-02,1012,67.84,73.97,65.91,69.24
2024-02-03,1012,65.7,72.11,81.12,72.98
2024-02-04,1012,73.67,74.04,74.71,74.14
2024-02-05,1012,71.98,70.7,70.77,71.15
2024-02-06,1012,69.06,66.98,82.37,72.8
2024-02-07,1012,77.49,71.81,64.14,71.15
2024-02-08,1012,66.54,66.85,70.68,68.02
2024-02-09,1012,72.97,68.56,68.64,70.06
2024-02-10,1012,76.96,71.82,79.29,76.02
2024-02-11,1012,75.28,75.29,66.17,72.25
2024-02-12,1012,64.45,73.11,76.82,71.46
2024-02-13,1012,63.77,73.2,67.47,68.15
2024-02-14,1012,64.39,71.85,70.42,68.89
2024-02-15,1012,66.3,68.62,66.63,67.18
2024-02-16,1012,79.12,73.76,74.31,75.73
2024-02-17,1012,77.8,77.41,71.94,75.72
2024-02-18,1012,65.47,75.07,78.9,73.15
2024-02-19,1012,78.98,77.04,71.92,75.98
2024-02-20,1012,70.02,68.62,70.36,69.67
2024-02-21,1012,68.65,66.45,77.4,70.83
2024-02-22,1012,78.65,66.51,73.95,73.04
2024-02-23,1012,63.91,76.69,81.05,73.88
2024-02-24,1012,64.08,72.72,70.05,68.95
2024-02-25,1012,74.2,67.42,64.08,68.57
2024-02-26,1012,71.94,75.4,74.4,73.91
2024-02-27,1012,68.75,70.42,68.0,69.06
2024-02-28,1012,63.58,73.12,81.57,72.76
2024-02-29,1012,74.03,71.98,76.73,74.25
2024-03-01,1012,68.69,68.83,70.98,69.5
2024-03-02,1012,69.3,76.16,72.34,72.6
2024-03-03,1012,71.14,74.1,63.06,69.43
2024-03-04,1012,71.21,77.38,82.18,76.92
2024-03-05,1012,78.64,74.19,69.7,74.18
2024-03-06,1012,65.68,75.81,75.15,72.21
2024-03-07,1012,77.71,73.53,69.81,73.68
2024-03-08,1012,78.87,71.29,71.4,73.85
2024-03-09,1012,72.94,74.24,69.62,72.27
2024-03-10,1012,78.41,77.18,81.59,79.06
2024-03-11,1012,76.75,73.17,64.11,71.34
2024-03-12,1012,68.93,76.25,63.22,69.47
2024-03-13,1012,64.19,67.62,65.38,65.73
2024-03-14,1012,68.1,66.37,76.24,70.24
2024-03-15,1012,69.3,68.65,76.77,71.57
2024-03-16,1012,71.08,69.11,64.84,68.34
2024-03-17,1012,66.79,69.82,82.09,72.9
2024-03-18,1012,70.66,73.44,69.35,71.15
2024-03-19,1012,72.78,69.56,79.53,73.96
2024-03-20,1012,65.35,70.91,62.07,66.11
2024-03-21,1012,70.94,72.51,67.15,70.2
2024-03-22,1012,68.38,75.81,73.0,72.4
2024-03-23,1012,76.76,77.57,76.16,76.83
2024-03-24,1012,73.88,77.55,74.75,75.39
2024-03-25,1012,69.82,76.69,77.56,74.69
2024-03-26,1012,70.47,72.37,80.66,74.5
2024-03-27,1012,70.27,72.2,63.3,68.59
2024-03-28,1012,69.78,75.52,71.31,72.2
2024-03-29,1012,78.54,68.66,62.04,69.75
2024-03-30,1012,67.04,77.59,72.06,72.23
2024-03-31,1012,70.84,71.42,68.44,70.23
2024-04-01,1012,63.95,69.25,65.81,66.34
2024-04-02,1012,75.47,77.27,75.12,75.95
2024-04-03,1012,66.32,70.9,71.38,69.53
2024-04-04,1012,68.0,74.81,72.14,71.65
2024-04-05,1012,77.81,75.96,73.89,75.89
2024-04-06,1012,70.81,74.91,68.99,71.57
2024-04-07,1012,76.38,73.6,64.16,71.38
2024-04-08,1012,73.13,67.58,79.41,73.37
2024-04-09,1012,70.56,74.45,81.45,75.49
2024-04-10,1012,66.05,74.94,76.09,72.36
2024-04-11,1012,75.74,68.77,80.03,74.85
2024-04-12,1012,73.12,69.88,76.78,73.26
2024-04-13,1012,69.2,74.15,74.23,72.53
2024-04-14,1012,63.42,69.5,72.84,68.59
2024-04-15,1012,73.63,71.76,78.81,74.73
2024-04-16,1012,63.41,70.46,64.21,66.03
2024-04-17,1012,68.15,71.64,65.74,68.51
2024-04-18,1012,77.08,72.14,74.58,74.6
2024-04-19,1012,67.83,73.03,82.67,74.51
2024-04-20,1012,79.06,74.33,65.72,73.04
2024-04-21,1012,68.82,75.01,73.83,72.55
2024-04-22,1012,68.07,77.74,81.82,75.88
2024-04-23,1012,66.86,72.39,66.05,68.43
2024-04-24,1012,64.02,77.42,81.05,74.16
2024-04-25,1012,70.75,76.41,76.08,74.41
2024-04-26,1012,70.16,77.3,65.0,70.82
2024-04-27,1012,77.57,76.29,72.25,75.37
2024-04-28,1012,64.47,73.11,61.5,66.36
2024-04-29,1012,68.19,77.08,66.61,70.63
2024-04-30,1012,75.43,72.03,80.26,75.91
2024-05-01,1012,66.48,76.44,69.87,70.93
2024-05-02,1012,66.16,76.83,66.51,69.83
2024-05-03,1012,65.05,68.81,72.09,68.65
2024-05-04,1012,72.05,74.44,79.8,75.43
2024-05-05,1012,73.71,71.25,63.63,69.53
2024-05-06,1012,75.04,66.44,71.93,71.14
2024-05-07,1012,74.77,72.68,66.03,71.16
2024-05-08,1012,67.12,69.96,81.12,72.73
2024-05-09,1012,63.98,66.81,67.34,66.04
2024-05-10,1012,73.41,74.51,61.62,69.85
2024-05-11,1012,65.82,67.12,75.06,69.33
2024-05-12,1012,76.31,73.92,77.09,75.77
2024-05-13,1012,66.27,68.72,67.45,67.48
2024-05-14,1012,75.96,73.5,72.44,73.97
2024-05-15,1012,78.34,69.9,68.42,72.22
2024-05-16,1012,78.35,72.1,81.22,77.22
2024-05-17,1012,71.02,73.47,72.1,72.2
2024-05-18,1012,67.35,76.73,67.56,70.55
2024-05-19,1012,77.63,69.55,66.8,71.33
2024-05-20,1012,65.6,75.11,80.93,73.88
2024-05-21,1012,72.04,73.96,71.86,72.62
2024-05-22,1012,75.45,66.63,71.04,71.04
2024-05-23,1012,68.34,71.48,70.47,70.1
2024-05-24,1012,75.87,67.1,65.35,69.44
2024-05-25,1012,64.55,66.75,64.59,65.3
2024-05-26,1012,76.45,67.08,65.45,69.66
2024-05-27,1012,74.22,67.68,81.6,74.5
2024-05-28,1012,71.67,68.82,79.49,73.33
2024-05-29,1012,72.69,69.22,76.11,72.67
2024-05-30,1012,66.81,66.42,67.01,66.75
2024-05-31,1012,66.6,75.04,66.42,69.35
2024-06-01,1012,78.99,77.77,79.99,78.92
2024-06-02,1012,75.3,77.27,61.71,71.43
2024-06-03,1012,72.21,71.62,73.65,72.49
2024-06-04,1012,72.12,76.0,68.12,72.08
2024-06-05,1012,67.78,70.62,74.14,70.85
2024-06-06,1012,68.94,69.89,74.42,71.08
2024-06-07,1012,64.04,67.09,66.47,65.87
2024-06-08,1012,73.75,66.95,70.64,70.45
2024-06-09,1012,68.21,76.9,68.33,71.15
2024-06-10,1012,77.15,71.62,75.6,74.79
2024-06-11,1012,66.54,71.66,80.9,73.03
2024-06-12,1012,64.28,71.76,74.99,70.34
2024-06-13,1012,70.0,72.98,62.64,68.54
2024-06-14,1012,71.63,68.11,72.77,70.84
2024-06-15,1012,73.55,67.1,61.35,67.33
2024-06-16,1012,76.08,69.5,74.72,73.43
2024-06-17,1012,71.52,75.44,79.19,75.38
2024-06-18,1012,75.94,68.69,77.16,73.93
2024-06-19,1012,70.35,73.71,76.37,73.48
2024-06-20,1012,73.12,68.14,61.65,67.64
2024-06-21,1012,65.6,72.87,74.25,70.91
2024-06-22,1012,75.63,77.48,67.06,73.39
2024-06-23,1012,74.24,74.1,66.04,71.46
2024-06-24,1012,74.46,77.73,61.94,71.38
2024-06-25,1012,75.14,67.82,74.66,72.54
2024-06-26,1012,66.79,76.23,73.87,72.3
2024-06-27,1012,65.33,68.22,82.58,72.04
2024-06-28,1012,74.52,71.0,67.85,71.12
2024-06-29,1012,64.38,69.59,67.83,67.27
2024-06-30,1012,63.55,69.72,81.38,71.55
2024-07-01,1012,70.86,72.72,78.68,74.09
2024-07-02,1012,75.37,74.58,63.08,71.01
2024-07-03,1012,77.04,72.98,65.82,71.95
2024-07-04,1012,74.8,68.24,61.82,68.29
2024-07-05,1012,74.55,75.58,74.4,74.84
2024-07-06,1012,78.96,76.68,80.04,78.56
2024-07-07,1012,76.85,74.06,66.62,72.51
2024-07-08,1012,65.43,67.51,75.2,69.38
2024-07-09,1012,75.1,75.46,76.88,75.81
2024-07-10,1012,63.54,69.76,69.82,67.71
2024-07-11,1012,63.55,70.31,71.99,68.62
2024-07-12,1012,66.23,68.38,64.74,66.45
2024-07-13,1012,65.38,72.45,66.56,68.13
2024-07-14,1012,67.71,72.14,82.36,74.07
2024-07-15,1012,78.13,76.35,69.73,74.74
2024-07-16,1012,74.66,77.46,72.82,74.98
2024-07-17,1012,73.41,73.05,75.29,73.92
2024-07-18,1012,72.79,68.64,65.71,69.05
2024-07-19,1012,72.97,75.99,67.6,72.19
2024-07-20,1012,69.63,67.35,66.76,67.91
2024-07-21,1012,68.6,68.43,78.64,71.89
2024-07-22,1012,69.93,71.25,70.09,70.42
2024-07-23,1012,76.35,75.45,63.39,71.73
2024-07-24,1012,65.34,77.17,78.91,73.81
2024-07-25,1012,79.04,73.28,74.45,75.59
2024-07-26,1012,66.02,75.0,68.66,69.89
2024-07-27,1012,69.05,77.37,76.29,74.24
2024-07-28,1012,77.68,72.15,80.77,76.87
2024-07-29,1012,67.05,73.88,72.03,70.99
2024-07-30,1012,63.72,66.87,72.72,67.77
2024-07-31,1012,72.12,73.0,67.74,70.95
2024-08-01,1012,79.18,75.91,73.25,76.11
2024-08-02,1012,78.22,68.69,66.74,71.22
2024-08-03,1012,69.81,66.97,80.11,72.3
2024-08-04,1012,68.82,69.59,71.05,69.82
2024-08-05,1012,75.62,74.02,67.57,72.4
2024-08-06,1012,64.45,67.15,73.22,68.27
2024-08-07,1012,75.17,73.7,81.15,76.67
2024-08-08,1012,64.69,72.76,73.13,70.19
2024-08-09,1012,63.44,72.24,65.9,67.19
2024-08-10,1012,76.54,75.91,79.2,77.22
2024-08-11,1012,63.6,76.02,76.83,72.15
2024-08-12,1012,64.86,72.34,67.5,68.23
2024-08-13,1012,74.99,77.01,68.7,73.57
2024-08-14,1012,74.98,74.73,61.6,70.44
2024-08-15,1012,79.16,67.66,72.93,73.25
2024-08-16,1012,71.05,73.25,64.67,69.66
2024-08-17,1012,66.71,72.68,70.07,69.82
2024-08-18,1012,71.03,70.39,68.24,69.89
2024-08-19,1012,76.12,69.83,65.32,70.42
2024-08-20,1012,74.48,72.22,71.93,72.88
2024-08-21,1012,64.8,76.27,69.35,70.14
2024-08-22,1012,65.02,75.83,75.95,72.27
2024-08-23,1012,73.44,73.88,77.34,74.89
2024-08-24,1012,75.51,72.88,66.84,71.74
2024-08-25,1012,69.18,74.65,70.44,71.42
2024-08-26,1012,73.64,77.37,73.13,74.71
2024-08-27,1012,67.44,66.49,67.11,67.01
2024-08-28,1012,64.75,74.52,80.53,73.27
2024-08-29,1012,64.2,74.79,63.59,67.53
2024-08-30,1012,74.87,77.22,77.15,76.41
2024-08-31,1012,78.02,68.32,80.76,75.7
2024-09-01,1012,76.47,66.28,79.18,73.98
2024-09-02,1012,74.32,73.92,69.1,72.45
2024-09-03,1012,66.08,70.54,74.18,70.27
2024-09-04,1012,65.6,67.67,79.85,71.04
2024-09-05,1012,66.51,67.52,73.67,69.23
2024-09-06,1012,76.84,66.8,78.49,74.04
2024-09-07,1012,66.16,76.83,63.6,68.86
2024-09-08,1012,63.99,71.6,78.87,71.49
2024-09-09,1012,76.99,67.64,80.87,75.17
2024-09-10,1012,76.33,72.51,75.79,74.88
2024-09-11,1012,72.38,69.22,70.72,70.77
2024-09-12,1012,68.47,76.07,69.44,71.33
2024-09-13,1012,70.09,67.57,64.2,67.29
2024-09-14,1012,66.75,71.72,79.86,72.78
2024-09-15,1012,73.7,66.87,82.38,74.32
2024-09-16,1012,70.18,72.85,63.17,68.73
2024-09-17,1012,66.28,72.73,64.09,67.7
2024-09-18,1012,73.64,72.97,65.17,70.59
2024-09-19,1012,73.02,72.63,75.36,73.67
2024-09-20,1012,78.9,77.5,77.89,78.1
2024-09-21,1012,74.9,67.12,62.27,68.1
2024-09-22,1012,76.27,69.85,69.8,71.97
2024-09-23,1012,64.76,76.17,78.34,73.09
2024-09-24,1012,64.1,66.43,71.51,67.35
2024-09-25,1012,76.78,72.83,74.9,74.84
2024-09-26,1012,77.12,72.28,80.92,76.77
2024-09-27,1012,75.0,67.46,67.06,69.84
2024-09-28,1012,65.88,76.39,66.39,69.55
2024-09-29,1012,67.13,71.98,65.94,68.35
2024-09-30,1012,63.78,77.17,76.79,72.58
2024-10-01,1012,73.62,68.77,77.59,73.33
2024-10-02,1012,63.53,77.41,77.44,72.79
2024-10-03,1012,65.91,75.08,62.48,67.82
2024-10-04,1012,74.09,68.7,68.99,70.59
2024-10-05,1012,73.96,72.63,68.8,71.8
2024-10-06,1012,70.76,75.18,62.52,69.49
2024-10-07,1012,73.84,66.4,65.1,68.45
2024-10-08,1012,78.62,73.76,67.62,73.33
2024-10-09,1012,67.88,70.61,65.52,68.0
2024-10-10,1012,77.56,70.24,79.81,75.87
2024-10-11,1012,77.82,70.43,77.94,75.4
2024-10-12,1012,68.24,71.61,79.9,73.25
2024-10-13,1012,76.77,66.79,78.1,73.89
2024-10-14,1012,71.18,71.43,72.45,71.69
2024-10-15,1012,66.14,75.1,69.85,70.36
2024-10-16,1012,77.78,74.4,62.19,71.46
2024-10-17,1012,70.85,77.42,73.03,73.77
2024-10-18,1012,73.79,68.9,63.48,68.72
2024-10-19,1012,69.64,72.61,67.53,69.93
2024-10-20,1012,70.35,67.44,66.84,68.21
2024-10-21,1012,75.27,68.5,69.16,70.98
2024-10-22,1012,75.73,66.98,69.09,70.6
2024-10-23,1012,71.71,70.34,74.09,72.05
2024-10-24,1012,75.64,70.91,71.89,72.81
2024-10-25,1012,74.58,71.42,61.47,69.16
2024-10-26,1012,71.66,68.35,61.69,67.23
2024-10-27,1012,79.16,77.14,76.97,77.76
2024-10-28,1012,71.91,74.4,70.26,72.19
2024-10-29,1012,67.58,75.88,80.73,74.73
2024-10-30,1012,78.05,74.34,70.15,74.18
2024-10-31,1012,70.74,76.47,64.69,70.63
2024-11-01,1012,68.34,67.95,65.96,67.42
2024-11-02,1012,68.64,66.61,74.34,69.86
2024-11-03,1012,72.8,77.76,81.61,77.39
2024-11-04,1012,68.97,66.98,67.6,67.85
2024-11-05,1012,73.84,74.88,66.52,71.75
2024-11-06,1012,69.12,77.77,78.01,74.97
2024-11-07,1012,69.81,70.74,71.76,70.77
2024-11-08,1012,70.74,69.66,77.95,72.78
2024-11-09,1012,73.95,66.93,72.65,71.18
2024-11-10,1012,73.08,69.74,77.25,73.36
2024-11-11,1012,74.85,72.18,63.63,70.22
2024-11-12,1012,71.54,76.92,72.47,73.64
2024-11-13,1012,65.2,71.67,65.15,67.34
2024-11-14,1012,70.79,67.37,71.33,69.83
2024-11-15,1012,75.89,77.34,64.42,72.55
2024-11-16,1012,77.98,73.48,64.35,71.94
2024-11-17,1012,74.46,76.19,65.11,71.92
2024-11-18,1012,78.95,76.13,75.47,76.85
2024-11-19,1012,64.03,67.42,63.1,64.85
2024-11-20,1012,77.0,71.38,76.23,74.87
2024-11-21,1012,67.22,70.19,78.42,71.94
2024-11-22,1012,76.33,66.88,76.31,73.17
2024-11-23,1012,78.06,74.89,70.76,74.57
2024-11-24,1012,70.67,67.12,76.74,71.51
2024-11-25,1012,77.67,71.82,67.28,72.26
2024-11-26,1012,63.37,74.17,77.78,71.77
2024-11-27,1012,64.78,74.85,79.52,73.05
2024-11-28,1012,75.59,70.25,76.12,73.99
2024-11-29,1012,72.09,73.4,75.57,73.69
2024-11-30,1012,73.03,76.71,73.79,74.51
2024-12-01,1012,74.17,74.31,82.5,76.99
2024-12-02,1012,67.16,73.51,78.64,73.1
2024-12-03,1012,75.82,76.82,75.97,76.2
2024-12-04,1012,78.73,77.63,75.09,77.15
2024-12-05,1012,67.27,77.23,64.13,69.54
2024-12-06,1012,72.71,73.21,67.52,71.15
2024-12-07,1012,69.58,71.25,76.38,72.4
2024-12-08,1012,69.93,70.26,66.29,68.83
2024-12-09,1012,75.12,75.22,69.3,73.21
2024-12-10,1012,70.93,75.4,74.82,73.72
2024-12-11,1012,77.74,72.77,78.49,76.33
2024-12-12,1012,72.45,66.68,69.3,69.48
2024-12-13,1012,70.31,77.31,67.08,71.57
2024-12-14,1012,71.07,75.5,67.61,71.39
2024-12-15,1012,71.75,75.43,82.13,76.44
2024-12-16,1012,74.16,77.61,81.57,77.78
2024-12-17,1012,65.93,70.68,73.85,70.15
2024-12-18,1012,74.68,71.19,76.93,74.27
2024-12-19,1012,65.95,76.51,62.85,68.44
2024-12-20,1012,70.79,76.8,73.87,73.82
2024-12-21,1012,77.95,71.17,73.89,74.34
2024-12-22,1012,66.91,74.16,76.72,72.6
2024-12-23,1012,76.91,76.86,64.69,72.82
2024-12-24,1012,66.51,66.29,80.02,70.94
2024-12-25,1012,70.44,76.02,68.51,71.66
2024-12-26,1012,71.72,70.0,66.47,69.4
2024-12-27,1012,77.79,71.91,72.26,73.99
2024-12-28,1012,70.1,69.35,79.83,73.09
2024-12-29,1012,73.05,74.53,67.97,71.85
2024-12-30,1012,65.41,74.57,62.99,67.66
2024-01-01,1013,116.36,119.83,105.43,113.87
2024-01-02,1013,114.31,122.62,131.95,122.96
2024-01-03,1013,111.09,125.62,127.92,121.54
2024-01-04,1013,127.48,122.16,126.36,125.33
2024-01-05,1013,127.68,116.97,113.38,119.34
2024-01-06,1013,113.65,114.63,111.69,113.32
2024-01-07,1013,107.37,119.59,131.68,119.55
2024-01-08,1013,107.02,123.14,133.5,121.22
2024-01-09,1013,118.4,122.11,115.4,118.64
2024-01-10,1013,127.64,110.69,134.41,124.25
2024-01-11,1013,117.65,116.71,123.91,119.42
2024-01-12,1013,115.5,117.37,106.5,113.12
2024-01-13,1013,113.45,110.5,118.22,114.06
2024-01-14,1013,108.7,108.61,126.76,114.69
2024-01-15,1013,104.15,123.8,105.37,111.11
2024-01-16,1013,111.68,121.48,130.18,121.11
2024-01-17,1013,114.07,124.86,123.72,120.88
2024-01-18,1013,108.85,112.54,107.49,109.63
2024-01-19,1013,112.89,119.3,109.62,113.94
2024-01-20,1013,106.17,123.24,122.5,117.3
2024-01-21,1013,110.09,118.42,117.76,115.42
2024-01-22,1013,106.47,121.5,130.29,119.42
2024-01-23,1013,121.96,121.2,132.65,125.27
2024-01-24,1013,104.33,119.42,111.73,111.83
2024-01-25,1013,112.31,117.44,103.54,111.1
2024-01-26,1013,107.64,124.34,104.61,112.2
2024-01-27,1013,126.39,122.45,105.6,118.15
2024-01-28,1013,126.66,120.87,126.97,124.83
2024-01-29,1013,124.05,123.73,100.42,116.07
2024-01-30,1013,118.74,120.58,103.18,114.17
2024-01-31,1013,112.82,109.61,126.18,116.2
2024-02-01,1013,107.07,107.89,124.01,112.99
2024-02-02,1013,123.85,115.73,103.78,114.45
2024-02-03,1013,118.76,125.07,132.1,125.31
2024-02-04,1013,128.58,120.34,113.75,120.89
2024-02-05,1013,125.78,116.63,128.31,123.57
2024-02-06,1013,121.51,123.6,113.0,119.37
2024-02-07,1013,115.74,109.99,103.46,109.73
2024-02-08,1013,121.22,111.42,129.13,120.59
2024-02-09,1013,115.5,121.29,112.8,116.53
2024-02-10,1013,103.83,125.84,122.16,117.28
2024-02-11,1013,106.08,117.22,133.98,119.09
2024-02-12,1013,114.12,119.81,106.61,113.51
2024-02-13,1013,107.95,119.51,119.61,115.69
2024-02-14,1013,115.85,107.92,131.0,118.26
2024-02-15,1013,113.56,122.02,133.8,123.13
2024-02-16,1013,107.0,124.72,130.24,120.65
2024-02-17,1013,114.76,119.88,108.57,114.4
2024-02-18,1013,114.25,112.88,126.24,117.79
2024-02-19,1013,125.96,124.61,125.37,125.31
2024-02-20,1013,106.31,126.09,111.1,114.5
2024-02-21,1013,126.61,121.74,123.08,123.81
2024-02-22,1013,105.35,124.14,118.5,116.0
2024-02-23,1013,115.52,123.86,129.48,122.95
2024-02-24,1013,109.28,123.99,130.96,121.41
2024-02-25,1013,107.43,125.73,106.89,113.35
2024-02-26,1013,109.17,125.17,99.8,111.38
2024-02-27,1013,115.48,110.66,116.77,114.3
2024-02-28,1013,103.16,125.87,121.32,116.78
2024-02-29,1013,116.77,112.0,109.98,112.92
2024-03-01,1013,117.17,109.06,117.89,114.71
2024-03-02,1013,125.82,118.43,132.77,125.67
2024-03-03,1013,119.5,118.22,117.5,118.41
2024-03-04,1013,119.5,109.32,100.15,109.66
2024-03-05,1013,118.72,116.95,110.18,115.28
2024-03-06,1013,103.42,112.89,101.28,105.86
2024-03-07,1013,128.56,113.26,130.24,124.02
2024-03-08,1013,108.65,121.42,131.14,120.4
2024-03-09,1013,120.84,125.89,125.73,124.15
2024-03-10,1013,112.81,123.55,126.48,120.95
2024-03-11,1013,127.06,119.83,133.47,126.79
2024-03-12,1013,123.85,113.92,133.24,123.67
2024-03-13,1013,127.77,113.95,122.16,121.29
2024-03-14,1013,125.21,118.89,128.04,124.05
2024-03-15,1013,114.01,120.29,105.99,113.43
2024-03-16,1013,123.4,108.29,122.85,118.18
2024-03-17,1013,121.28,122.5,131.16,124.98
2024-03-18,1013,125.31,121.59,114.31,120.4
2024-03-19,1013,128.03,125.43,110.83,121.43
2024-03-20,1013,109.29,124.12,112.08,115.16
2024-03-21,1013,123.04,111.02,110.11,114.72
2024-03-22,1013,128.22,123.23,116.25,122.57
2024-03-23,1013,123.15,111.79,126.52,120.49
2024-03-24,1013,109.96,115.13,125.71,116.93
2024-03-25,1013,121.35,119.84,126.11,122.43
2024-03-26,1013,127.14,119.03,120.87,122.35
2024-03-27,1013,120.95,124.75,99.8,115.17
2024-03-28,1013,114.66,123.55,128.33,122.18
2024-03-29,1013,114.43,119.89,113.12,115.81
2024-03-30,1013,122.05,116.99,127.98,122.34
2024-03-31,1013,119.14,115.77,115.44,116.78
2024-04-01,1013,125.71,120.94,118.81,121.82
2024-04-02,1013,103.62,109.16,114.77,109.18
2024-04-03,1013,116.88,120.0,109.2,115.36
2024-04-04,1013,120.9,116.47,117.58,118.32
2024-04-05,1013,105.25,122.14,119.18,115.52
2024-04-06,1013,113.46,111.93,133.78,119.72
2024-04-07,1013,115.53,111.72,117.22,114.82
2024-04-08,1013,123.99,121.19,120.81,122.0
2024-04-09,1013,110.08,122.19,119.82,117.36
2024-04-10,1013,128.62,118.61,106.59,117.94
2024-04-11,1013,122.85,107.61,117.14,115.87
2024-04-12,1013,106.86,120.07,108.75,111.89
2024-04-13,1013,109.11,109.38,101.85,106.78
2024-04-14,1013,111.35,120.52,101.56,111.14
2024-04-15,1013,128.28,125.13,111.91,121.77
2024-04-16,1013,106.37,113.48,103.58,107.81
2024-04-17,1013,108.36,108.1,124.66,113.71
2024-04-18,1013,108.63,120.03,114.67,114.44
2024-04-19,1013,116.22,123.6,125.11,121.64
2024-04-20,1013,110.95,109.78,115.45,112.06
2024-04-21,1013,122.01,120.38,129.24,123.88
2024-04-22,1013,125.6,110.81,111.58,116.0
2024-04-23,1013,110.2,118.16,113.6,113.99
2024-04-24,1013,110.11,120.23,126.73,119.02
2024-04-25,1013,124.1,112.37,114.41,116.96
2024-04-26,1013,108.0,110.59,116.01,111.53
2024-04-27,1013,123.19,124.02,125.66,124.29
2024-04-28,1013,126.85,115.02,131.75,124.54
2024-04-29,1013,121.85,126.26,126.39,124.83
2024-04-30,1013,112.36,111.27,108.14,110.59
2024-05-01,1013,126.24,124.68,101.34,117.42
2024-05-02,1013,109.49,109.38,113.05,110.64
2024-05-03,1013,116.91,113.94,124.2,118.35
2024-05-04,1013,105.13,113.15,104.24,107.51
2024-05-05,1013,114.83,111.74,125.34,117.3
2024-05-06,1013,107.29,107.62,129.91,114.94
2024-05-07,1013,120.01,119.05,116.03,118.36
2024-05-08,1013,109.23,115.06,110.96,111.75
2024-05-09,1013,124.79,122.53,134.04,127.12
2024-05-10,1013,128.21,107.73,121.66,119.2
2024-05-11,1013,125.67,123.36,132.6,127.21
2024-05-12,1013,103.21,117.8,114.69,111.9
2024-05-13,1013,126.54,114.32,129.46,123.44
2024-05-14,1013,114.43,121.84,124.26,120.18
2024-05-15,1013,109.74,110.06,109.76,109.85
2024-05-16,1013,127.49,120.44,131.93,126.62
2024-05-17,1013,113.58,113.68,129.11,118.79
2024-05-18,1013,103.16,122.43,109.42,111.67
2024-05-19,1013,116.24,120.43,131.51,122.73
2024-05-20,1013,110.4,113.31,127.37,117.03
2024-05-21,1013,105.36,116.45,115.73,112.51
2024-05-22,1013,106.62,117.11,131.23,118.32
2024-05-23,1013,118.21,121.61,104.7,114.84
2024-05-24,1013,124.72,112.22,125.36,120.77
2024-05-25,1013,112.8,119.91,102.69,111.8
2024-05-26,1013,107.83,120.03,102.87,110.24
2024-05-27,1013,119.04,122.93,130.56,124.18
2024-05-28,1013,107.94,115.34,119.0,114.09
2024-05-29,1013,110.4,118.99,111.96,113.78
2024-05-30,1013,108.96,110.33,121.49,113.59
2024-05-31,1013,111.32,113.27,103.21,109.27
2024-06-01,1013,117.73,123.07,103.89,114.9
2024-06-02,1013,120.32,120.62,124.99,121.98
2024-06-03,1013,120.82,121.17,134.28,125.42
2024-06-04,1013,116.17,123.85,134.39,124.8
2024-06-05,1013,104.96,121.2,124.28,116.81
2024-06-06,1013,119.75,113.14,126.09,119.66
2024-06-07,1013,110.52,107.77,121.64,113.31
2024-06-08,1013,126.74,125.74,107.69,120.06
2024-06-09,1013,126.09,122.34,102.01,116.81
2024-06-10,1013,123.13,115.28,123.44,120.62
2024-06-11,1013,127.06,115.61,124.8,122.49
2024-06-12,1013,104.68,113.26,110.65,109.53
2024-06-13,1013,115.69,120.01,116.87,117.52
2024-06-14,1013,125.47,125.18,121.1,123.92
2024-06-15,1013,123.44,109.83,113.73,115.67
2024-06-16,1013,110.68,119.53,112.31,114.17
2024-06-17,1013,108.46,113.89,129.15,117.17
2024-06-18,1013,119.62,114.11,109.73,114.49
2024-06-19,1013,110.24,108.76,110.08,109.69
2024-06-20,1013,118.1,122.34,101.01,113.82
2024-06-21,1013,118.97,111.18,113.62,114.59
2024-06-22,1013,104.48,118.77,124.58,115.94
2024-06-23,1013,110.03,120.88,126.2,119.04
2024-06-24,1013,126.18,109.45,103.09,112.91
2024-06-25,1013,104.43,115.11,128.18,115.91
2024-06-26,1013,103.02,109.66,111.73,108.14
2024-06-27,1013,125.16,121.74,107.92,118.27
2024-06-28,1013,110.16,117.26,125.21,117.54
2024-06-29,1013,126.77,115.63,132.36,124.92
2024-06-30,1013,110.34,122.4,105.01,112.58
2024-07-01,1013,114.08,111.37,122.26,115.9
2024-07-02,1013,110.05,111.74,112.74,111.51
2024-07-03,1013,119.97,107.72,104.4,110.7
2024-07-04,1013,106.69,115.28,102.05,108.01
2024-07-05,1013,117.7,109.28,130.65,119.21
2024-07-06,1013,121.06,123.36,118.36,120.93
2024-07-07,1013,116.11,115.1,132.04,121.08
2024-07-08,1013,117.99,120.49,104.33,114.27
2024-07-09,1013,117.52,111.66,103.72,110.97
2024-07-10,1013,111.53,119.4,101.83,110.92
2024-07-11,1013,104.52,124.09,104.4,111.0
2024-07-12,1013,113.21,121.92,116.94,117.36
2024-07-13,1013,118.18,121.84,120.73,120.25
2024-07-14,1013,127.35,114.65,119.67,120.56
2024-07-15,1013,113.53,123.23,117.43,118.06
2024-07-16,1013,114.88,124.47,107.29,115.55
2024-07-17,1013,121.05,116.11,115.56,117.57
2024-07-18,1013,122.27,110.47,113.3,115.35
2024-07-19,1013,123.29,121.11,112.02,118.81
2024-07-20,1013,125.18,123.65,132.8,127.21
2024-07-21,1013,119.62,120.9,122.01,120.84
2024-07-22,1013,107.54,111.43,99.84,106.27
2024-07-23,1013,111.2,119.36,130.8,120.45
2024-07-24,1013,106.37,111.22,133.49,117.03
2024-07-25,1013,124.56,115.0,130.97,123.51
2024-07-26,1013,115.92,124.31,129.9,123.38
2024-07-27,1013,113.3,125.86,120.74,119.97
2024-07-28,1013,116.61,115.63,124.08,118.77
2024-07-29,1013,115.3,113.97,105.63,111.63
2024-07-30,1013,123.53,120.99,127.17,123.9
2024-07-31,1013,126.03,110.74,121.41,119.39
2024-08-01,1013,121.99,122.17,128.58,124.25
2024-08-02,1013,110.75,121.43,115.66,115.95
2024-08-03,1013,107.09,110.93,102.14,106.72
2024-08-04,1013,103.46,108.84,115.47,109.26
2024-08-05,1013,109.91,111.94,113.42,111.76
2024-08-06,1013,121.67,119.04,102.26,114.32
2024-08-07,1013,126.97,113.02,124.9,121.63
2024-08-08,1013,126.17,116.8,123.24,122.07
2024-08-09,1013,118.01,113.57,116.95,116.18
2024-08-10,1013,115.46,107.69,122.21,115.12
2024-08-11,1013,105.35,111.73,107.27,108.12
2024-08-12,1013,104.01,110.2,102.19,105.47
2024-08-13,1013,115.75,114.53,127.62,119.3
2024-08-14,1013,121.48,115.71,127.25,121.48
2024-08-15,1013,115.89,125.7,122.63,121.41
2024-08-16,1013,115.36,124.61,110.74,116.9
2024-08-17,1013,126.15,115.93,102.0,114.69
2024-08-18,1013,103.5,110.14,122.54,112.06
2024-08-19,1013,114.81,110.98,125.56,117.12
2024-08-20,1013,107.98,117.94,130.05,118.66
2024-08-21,1013,117.42,122.53,104.05,114.67
2024-08-22,1013,122.12,118.68,118.38,119.73
2024-08-23,1013,127.78,112.11,131.05,123.65
2024-08-24,1013,114.95,125.35,114.1,118.13
2024-08-25,1013,117.62,123.39,131.72,124.24
2024-08-26,1013,103.0,112.34,109.2,108.18
2024-08-27,1013,111.19,125.73,122.88,119.93
2024-08-28,1013,106.87,116.51,122.12,115.17
2024-08-29,1013,105.49,110.23,105.02,106.91
2024-08-30,1013,119.79,118.0,109.69,115.83
2024-08-31,1013,106.67,120.51,103.96,110.38
2024-09-01,1013,119.91,119.41,114.09,117.8
2024-09-02,1013,121.97,117.15,133.43,124.18
2024-09-03,1013,124.04,117.77,117.37,119.73
2024-09-04,1013,126.1,122.2,127.01,125.1
2024-09-05,1013,108.93,113.52,119.75,114.07
2024-09-06,1013,114.21,112.97,102.76,109.98
2024-09-07,1013,102.97,123.08,134.39,120.15
2024-09-08,1013,108.76,125.79,127.79,120.78
2024-09-09,1013,103.29,107.99,120.89,110.72
2024-09-10,1013,107.64,120.9,104.86,111.13
2024-09-11,1013,122.65,118.55,102.44,114.55
2024-09-12,1013,126.64,124.76,131.71,127.7
2024-09-13,1013,128.34,116.73,107.77,117.61
2024-09-14,1013,121.64,123.27,126.93,123.95
2024-09-15,1013,113.56,116.8,105.29,111.88
2024-09-16,1013,116.61,122.95,117.57,119.04
2024-09-17,1013,123.44,113.58,122.06,119.69
2024-09-18,1013,126.32,124.66,119.6,123.53
2024-09-19,1013,127.59,116.77,119.12,121.16
2024-09-20,1013,113.8,122.4,127.66,121.29
2024-09-21,1013,116.49,109.61,106.46,110.85
2024-09-22,1013,122.44,108.81,114.04,115.1
2024-09-23,1013,111.31,108.81,122.27,114.13
2024-09-24,1013,128.0,123.43,129.42,126.95
2024-09-25,1013,113.38,122.91,105.8,114.03
2024-09-26,1013,103.02,125.88,124.99,117.96
2024-09-27,1013,123.97,112.19,126.47,120.88
2024-09-28,1013,104.0,111.42,106.46,107.29
2024-09-29,1013,112.7,124.15,108.26,115.04
2024-09-30,1013,125.5,117.42,112.52,118.48
2024-10-01,1013,104.97,115.93,126.96,115.95
2024-10-02,1013,118.22,124.98,109.47,117.56
2024-10-03,1013,112.11,121.38,121.93,118.47
2024-10-04,1013,126.67,115.67,133.97,125.44
2024-10-05,1013,116.67,122.89,116.14,118.57
2024-10-06,1013,121.77,122.13,101.77,115.22
2024-10-07,1013,120.76,118.11,112.29,117.05
2024-10-08,1013,115.76,111.56,105.49,110.94
2024-10-09,1013,109.1,118.6,131.01,119.57
2024-10-10,1013,126.78,109.33,102.78,112.96
2024-10-11,1013,113.88,113.71,121.91,116.5
2024-10-12,1013,108.9,124.77,103.24,112.3
2024-10-13,1013,128.56,107.69,121.86,119.37
2024-10-14,1013,112.26,125.54,130.77,122.86
2024-10-15,1013,127.82,125.99,115.2,123.0
2024-10-16,1013,112.49,110.69,106.76,109.98
2024-10-17,1013,108.87,115.14,112.51,112.17
2024-10-18,1013,112.91,124.71,111.44,116.35
2024-10-19,1013,112.97,120.33,109.8,114.37
2024-10-20,1013,128.12,116.08,132.32,125.51
2024-10-21,1013,113.26,119.64,117.59,116.83
2024-10-22,1013,122.29,115.79,121.11,119.73
2024-10-23,1013,126.88,124.38,111.25,120.84
2024-10-24,1013,111.67,108.82,117.15,112.55
2024-10-25,1013,105.38,111.48,111.63,109.5
2024-10-26,1013,110.03,123.87,104.51,112.8
2024-10-27,1013,119.01,121.02,114.55,118.19
2024-10-28,1013,119.18,109.67,115.63,114.83
2024-10-29,1013,114.79,116.23,127.86,119.63
2024-10-30,1013,112.33,108.95,111.68,110.99
2024-10-31,1013,127.76,116.09,121.61,121.82
2024-11-01,1013,114.79,117.8,132.78,121.79
2024-11-02,1013,116.88,112.14,106.14,111.72
2024-11-03,1013,103.49,115.93,134.1,117.84
2024-11-04,1013,105.99,116.46,109.46,110.64
2024-11-05,1013,114.73,118.61,117.45,116.93
2024-11-06,1013,112.64,122.43,117.94,117.67
2024-11-07,1013,122.31,125.8,121.18,123.1
2024-11-08,1013,108.89,107.87,122.34,113.03
2024-11-09,1013,120.8,126.09,117.32,121.4
2024-11-10,1013,115.2,123.94,100.91,113.35
2024-11-11,1013,118.31,113.81,107.24,113.12
2024-11-12,1013,115.15,108.68,124.63,116.15
2024-11-13,1013,116.94,125.83,123.81,122.19
2024-11-14,1013,121.9,124.29,106.6,117.6
2024-11-15,1013,127.14,112.86,131.94,123.98
2024-11-16,1013,128.0,109.21,107.09,114.77
2024-11-17,1013,115.5,117.9,123.78,119.06
2024-11-18,1013,108.69,113.27,102.84,108.27
2024-11-19,1013,109.55,124.22,110.88,114.88
2024-11-20,1013,104.83,114.39,113.73,110.98
2024-11-21,1013,112.68,122.25,126.05,120.33
2024-11-22,1013,123.4,115.23,128.24,122.29
2024-11-23,1013,110.72,111.79,104.5,109.0
2024-11-24,1013,125.79,125.03,120.0,123.61
2024-11-25,1013,126.13,117.08,101.77,114.99
2024-11-26,1013,104.05,113.39,101.52,106.32
2024-11-27,1013,128.51,112.01,107.81,116.11
2024-11-28,1013,112.88,123.99,111.35,116.07
2024-11-29,1013,118.6,114.47,123.03,118.7
2024-11-30,1013,111.86,116.13,118.99,115.66
2024-12-01,1013,124.43,121.11,107.63,117.72
2024-12-02,1013,114.57,110.55,118.13,114.42
2024-12-03,1013,113.44,121.08,106.17,113.56
2024-12-04,1013,114.35,122.06,121.36,119.26
2024-12-05,1013,110.79,118.73,111.09,113.54
2024-12-06,1013,106.67,113.41,107.19,109.09
2024-12-07,1013,115.96,121.72,106.05,114.58
2024-12-08,1013,110.65,120.43,127.68,119.59
2024-12-09,1013,125.66,121.95,100.62,116.08
2024-12-10,1013,120.15,121.83,133.78,125.25
2024-12-11,1013,114.78,108.47,109.74,111.0
2024-12-12,1013,120.56,122.99,114.17,119.24
2024-12-13,1013,124.54,123.11,110.71,119.45
2024-12-14,1013,123.8,123.17,110.99,119.32
2024-12-15,1013,114.99,126.29,104.99,115.42
2024-12-16,1013,127.94,110.96,106.91,115.27
2024-12-17,1013,119.5,110.94,127.18,119.21
2024-12-18,1013,113.8,109.31,108.65,110.59
2024-12-19,1013,123.32,115.89,124.84,121.35
2024-12-20,1013,121.6,120.39,121.14,121.04
2024-12-21,1013,112.82,123.87,105.11,113.93
2024-12-22,1013,106.14,118.83,112.61,112.53
2024-12-23,1013,120.13,113.37,106.77,113.42
2024-12-24,1013,119.83,118.42,134.08,124.11
2024-12-25,1013,105.96,108.75,110.33,108.35
2024-12-26,1013,116.28,118.36,125.56,120.07
2024-12-27,1013,105.97,113.94,108.39,109.43
2024-12-28,1013,117.16,111.86,124.4,117.81
2024-12-29,1013,113.11,124.26,117.67,118.35
2024-12-30,1013,109.19,109.47,128.09,115.58
2024-01-01,1014,35.25,41.38,34.13,36.92
2024-01-02,1014,38.42,38.22,36.93,37.86
2024-01-03,1014,37.88,36.68,34.09,36.22
2024-01-04,1014,41.67,40.85,44.44,42.32
2024-01-05,1014,38.99,38.38,39.68,39.02
2024-01-06,1014,36.47,40.59,39.08,38.71
2024-01-07,1014,38.63,37.76,44.06,40.15
2024-01-08,1014,35.21,40.71,36.21,37.38
2024-01-09,1014,37.37,40.6,36.93,38.3
2024-01-10,1014,43.46,40.27,43.69,42.47
2024-01-11,1014,41.27,40.58,35.97,39.27
2024-01-12,1014,40.19,38.62,37.33,38.71
2024-01-13,1014,36.55,42.53,35.5,38.19
2024-01-14,1014,38.14,37.9,41.21,39.08
2024-01-15,1014,35.33,42.25,45.31,40.96
2024-01-16,1014,38.77,38.47,34.58,37.27
2024-01-17,1014,35.0,40.12,44.12,39.75
2024-01-18,1014,41.58,38.05,35.94,38.52
2024-01-19,1014,42.46,40.35,38.48,40.43
2024-01-20,1014,35.83,37.75,45.09,39.56
2024-01-21,1014,36.11,39.1,34.25,36.49
2024-01-22,1014,35.35,39.51,45.04,39.97
2024-01-23,1014,43.54,39.8,38.12,40.49
2024-01-24,1014,39.31,39.21,36.88,38.47
2024-01-25,1014,39.28,36.8,35.49,37.19
2024-01-26,1014,35.4,40.82,34.39,36.87
2024-01-27,1014,40.52,41.07,34.71,38.77
2024-01-28,1014,37.81,42.41,39.63,39.95
2024-01-29,1014,39.01,36.83,41.15,39.0
2024-01-30,1014,37.1,41.18,35.61,37.96
2024-01-31,1014,35.16,38.94,45.3,39.8
2024-02-01,1014,41.39,38.41,42.18,40.66
2024-02-02,1014,37.16,39.29,42.8,39.75
2024-02-03,1014,42.94,38.1,36.51,39.18
2024-02-04,1014,35.25,40.28,38.11,37.88
2024-02-05,1014,39.66,36.44,41.22,39.11
2024-02-06,1014,38.9,42.55,37.2,39.55
2024-02-07,1014,39.72,42.45,40.89,41.02
2024-02-08,1014,40.29,40.21,35.55,38.68
2024-02-09,1014,35.01,39.85,45.41,40.09
2024-02-10,1014,35.69,41.07,35.02,37.26
2024-02-11,1014,40.01,41.34,40.97,40.77
2024-02-12,1014,38.79,37.86,35.58,37.41
2024-02-13,1014,35.22,37.25,34.92,35.8
2024-02-14,1014,36.3,40.19,42.7,39.73
2024-02-15,1014,35.7,42.36,37.66,38.57
2024-02-16,1014,41.63,36.56,40.12,39.44
2024-02-17,1014,41.73,42.59,40.89,41.74
2024-02-18,1014,38.21,39.4,41.21,39.61
2024-02-19,1014,42.32,41.9,39.82,41.35
2024-02-20,1014,38.73,36.95,38.15,37.94
2024-02-21,1014,40.92,41.76,41.37,41.35
2024-02-22,1014,38.59,37.01,45.09,40.23
2024-02-23,1014,39.48,36.78,44.98,40.41
2024-02-24,1014,43.4,41.1,39.27,41.26
2024-02-25,1014,39.73,36.9,40.13,38.92
2024-02-26,1014,41.16,38.01,44.21,41.13
2024-02-27,1014,36.32,41.87,44.72,40.97
2024-02-28,1014,37.48,41.89,39.47,39.61
2024-02-29,1014,40.81,38.25,33.99,37.68
2024-03-01,1014,36.31,37.66,38.31,37.43
2024-03-02,1014,37.63,42.46,41.33,40.47
2024-03-03,1014,38.43,37.91,38.25,38.2
2024-03-04,1014,41.48,38.71,42.18,40.79
2024-03-05,1014,38.2,42.14,43.41,41.25
2024-03-06,1014,35.59,42.45,34.93,37.66
2024-03-07,1014,38.59,40.3,44.46,41.12
2024-03-08,1014,40.01,37.45,35.92,37.79
2024-03-09,1014,39.03,37.37,38.81,38.4
2024-03-10,1014,36.27,38.03,38.03,37.44
2024-03-11,1014,40.14,36.83,38.44,38.47
2024-03-12,1014,39.71,38.62,38.61,38.98
2024-03-13,1014,40.24,39.64,37.28,39.05
2024-03-14,1014,39.01,40.66,43.19,40.95
2024-03-15,1014,42.47,36.44,39.96,39.62
2024-03-16,1014,39.48,41.16,38.56,39.73
2024-03-17,1014,38.66,38.27,38.21,38.38
2024-03-18,1014,35.86,37.02,41.5,38.13
2024-03-19,1014,36.18,39.04,43.04,39.42
2024-03-20,1014,35.37,40.68,36.52,37.52
2024-03-21,1014,41.61,40.54,40.93,41.03
2024-03-22,1014,38.72,40.44,41.22,40.13
2024-03-23,1014,41.56,39.22,41.62,40.8
2024-03-24,1014,36.41,40.71,40.51,39.21
2024-03-25,1014,41.81,37.43,35.88,38.37
2024-03-26,1014,37.03,40.18,40.01,39.07
2024-03-27,1014,42.09,37.77,41.27,40.38
2024-03-28,1014,41.06,36.59,40.55,39.4
2024-03-29,1014,35.24,40.95,44.7,40.3
2024-03-30,1014,36.85,36.53,41.91,38.43
2024-03-31,1014,38.91,39.79,42.62,40.44
2024-04-01,1014,43.02,42.66,44.91,43.53
2024-04-02,1014,40.63,37.09,36.89,38.2
2024-04-03,1014,38.67,37.36,44.37,40.13
2024-04-04,1014,37.02,41.62,43.2,40.61
2024-04-05,1014,43.35,39.03,36.63,39.67
2024-04-06,1014,41.87,39.82,43.09,41.59
2024-04-07,1014,39.76,42.41,36.83,39.67
2024-04-08,1014,41.22,41.42,40.85,41.16
2024-04-09,1014,42.4,41.03,36.19,39.87
2024-04-10,1014,36.23,39.8,37.0,37.68
2024-04-11,1014,39.99,36.73,38.44,38.39
2024-04-12,1014,35.94,37.31,35.83,36.36
2024-04-13,1014,36.13,37.07,37.2,36.8
2024-04-14,1014,36.24,38.99,40.26,38.5
2024-04-15,1014,38.29,36.49,41.67,38.82
2024-04-16,1014,37.83,39.79,38.26,38.63
2024-04-17,1014,35.56,40.51,41.82,39.3
2024-04-18,1014,42.19,37.54,44.4,41.38
2024-04-19,1014,41.94,39.63,38.4,39.99
2024-04-20,1014,37.09,38.72,43.87,39.89
2024-04-21,1014,42.37,38.07,45.19,41.88
2024-04-22,1014,35.15,37.37,35.89,36.14
2024-04-23,1014,43.29,40.46,41.89,41.88
2024-04-24,1014,40.67,41.91,45.02,42.53
2024-04-25,1014,41.85,41.92,40.6,41.46
2024-04-26,1014,37.51,37.94,39.46,38.3
2024-04-27,1014,43.18,41.75,44.85,43.26
2024-04-28,1014,41.92,42.28,44.91,43.04
2024-04-29,1014,35.19,37.36,45.13,39.23
2024-04-30,1014,38.9,40.62,33.95,37.82
2024-05-01,1014,40.34,37.52,42.74,40.2
2024-05-02,1014,35.7,40.74,37.14,37.86
2024-05-03,1014,40.64,42.35,33.91,38.97
2024-05-04,1014,40.48,38.29,39.53,39.43
2024-05-05,1014,38.55,41.72,39.36,39.88
2024-05-06,1014,37.54,40.87,43.9,40.77
2024-05-07,1014,43.38,42.66,36.31,40.78
2024-05-08,1014,38.31,39.23,41.01,39.52
2024-05-09,1014,42.25,37.02,34.16,37.81
2024-05-10,1014,38.27,42.11,36.53,38.97
2024-05-11,1014,35.24,39.96,43.58,39.59
2024-05-12,1014,42.69,41.44,35.96,40.03
2024-05-13,1014,41.35,39.57,35.18,38.7
2024-05-14,1014,39.36,42.0,44.29,41.88
2024-05-15,1014,39.34,39.72,44.95,41.34
2024-05-16,1014,39.48,40.41,41.26,40.38
2024-05-17,1014,35.14,38.57,38.74,37.48
2024-05-18,1014,37.85,42.22,35.49,38.52
2024-05-19,1014,36.5,42.37,33.78,37.55
2024-05-20,1014,38.2,37.02,37.26,37.49
2024-05-21,1014,38.91,41.73,44.03,41.56
2024-05-22,1014,37.25,40.2,37.95,38.47
2024-05-23,1014,35.72,40.39,35.0,37.04
2024-05-24,1014,36.36,40.34,40.36,39.02
2024-05-25,1014,38.52,37.05,35.09,36.89
2024-05-26,1014,39.83,42.45,38.94,40.41
2024-05-27,1014,40.92,38.76,43.92,41.2
2024-05-28,1014,39.3,40.28,36.94,38.84
2024-05-29,1014,40.83,41.33,42.43,41.53
2024-05-30,1014,42.24,38.08,35.98,38.77
2024-05-31,1014,42.26,41.36,43.77,42.46
2024-06-01,1014,37.32,37.12,41.79,38.74
2024-06-02,1014,40.49,41.57,35.32,39.13
2024-06-03,1014,42.26,41.2,41.53,41.66
2024-06-04,1014,41.16,40.43,43.12,41.57
2024-06-05,1014,39.72,38.11,38.23,38.69
2024-06-06,1014,41.89,39.87,33.78,38.51
2024-06-07,1014,39.01,39.0,44.73,40.91
2024-06-08,1014,42.26,42.51,35.77,40.18
2024-06-09,1014,39.2,37.23,43.61,40.01
2024-06-10,1014,39.39,42.59,41.44,41.14
2024-06-11,1014,35.97,41.23,41.87,39.69
2024-06-12,1014,41.49,40.5,45.11,42.37
2024-06-13,1014,38.17,37.55,42.25,39.32
2024-06-14,1014,36.23,36.92,44.49,39.21
2024-06-15,1014,37.29,39.05,42.14,39.49
2024-06-16,1014,40.83,38.67,45.31,41.6
2024-06-17,1014,39.34,37.39,34.19,36.97
2024-06-18,1014,38.86,40.72,40.05,39.88
2024-06-19,1014,40.65,37.7,36.85,38.4
2024-06-20,1014,41.59,38.76,35.59,38.65
2024-06-21,1014,41.22,39.41,42.08,40.9
2024-06-22,1014,43.42,40.68,43.92,42.67
2024-06-23,1014,42.09,42.72,41.06,41.96
2024-06-24,1014,37.11,38.68,44.28,40.02
2024-06-25,1014,38.09,38.88,44.17,40.38
2024-06-26,1014,37.23,39.44,38.51,38.39
2024-06-27,1014,39.58,38.34,41.51,39.81
2024-06-28,1014,35.3,42.72,39.69,39.24
2024-06-29,1014,42.43,41.33,41.99,41.92
2024-06-30,1014,41.52,40.06,44.27,41.95
2024-07-01,1014,42.42,40.39,33.68,38.83
2024-07-02,1014,35.09,36.45,37.0,36.18
2024-07-03,1014,39.37,39.94,37.6,38.97
2024-07-04,1014,35.77,39.52,41.2,38.83
2024-07-05,1014,39.88,41.14,36.45,39.16
2024-07-06,1014,43.41,37.81,45.37,42.2
2024-07-07,1014,35.63,38.34,34.35,36.11
2024-07-08,1014,35.77,40.0,33.73,36.5
2024-07-09,1014,35.98,38.57,42.82,39.12
2024-07-10,1014,34.92,42.57,40.69,39.39
2024-07-11,1014,36.11,40.2,35.22,37.18
2024-07-12,1014,39.72,37.19,34.07,36.99
2024-07-13,1014,35.56,37.24,44.26,39.02
2024-07-14,1014,37.06,39.52,36.47,37.68
2024-07-15,1014,35.96,36.89,41.9,38.25
2024-07-16,1014,42.51,41.12,39.15,40.93
2024-07-17,1014,35.83,42.72,33.93,37.49
2024-07-18,1014,39.23,39.97,36.51,38.57
2024-07-19,1014,37.17,38.86,36.85,37.63
2024-07-20,1014,42.44,37.51,34.53,38.16
2024-07-21,1014,39.49,42.58,37.9,39.99
2024-07-22,1014,42.92,37.58,44.5,41.67
2024-07-23,1014,36.6,38.35,39.49,38.15
2024-07-24,1014,43.34,40.27,42.23,41.95
2024-07-25,1014,38.8,42.04,38.27,39.7
2024-07-26,1014,37.11,38.82,37.27,37.73
2024-07-27,1014,42.14,36.84,44.2,41.06
2024-07-28,1014,39.75,39.62,39.5,39.62
2024-07-29,1014,40.62,39.62,37.64,39.29
2024-07-30,1014,38.28,41.8,44.59,41.56
2024-07-31,1014,42.83,37.63,34.24,38.23
2024-08-01,1014,42.89,40.47,44.97,42.78
2024-08-02,1014,40.11,42.55,39.63,40.76
2024-08-03,1014,36.98,38.57,34.18,36.58
2024-08-04,1014,40.69,36.86,34.3,37.28
2024-08-05,1014,39.45,41.99,43.29,41.58
2024-08-06,1014,40.58,39.24,37.11,38.98
2024-08-07,1014,42.78,37.09,36.98,38.95
2024-08-08,1014,40.34,42.4,43.11,41.95
2024-08-09,1014,38.78,40.83,43.61,41.07
2024-08-10,1014,39.44,36.54,34.52,36.83
2024-08-11,1014,38.34,38.57,41.23,39.38
2024-08-12,1014,38.96,38.19,44.98,40.71
2024-08-13,1014,37.56,39.68,34.95,37.4
2024-08-14,1014,41.31,38.14,40.34,39.93
2024-08-15,1014,42.74,41.85,39.79,41.46
2024-08-16,1014,43.16,37.72,43.26,41.38
2024-08-17,1014,38.06,38.66,41.23,39.32
2024-08-18,1014,41.01,41.21,40.35,40.86
2024-08-19,1014,39.08,40.36,40.04,39.83
2024-08-20,1014,37.95,37.75,39.08,38.26
2024-08-21,1014,42.72,40.34,43.82,42.29
2024-08-22,1014,40.09,36.63,41.18,39.3
2024-08-23,1014,39.92,42.23,33.78,38.64
2024-08-24,1014,37.87,40.41,34.29,37.52
2024-08-25,1014,37.52,39.63,38.14,38.43
2024-08-26,1014,42.99,41.97,39.87,41.61
2024-08-27,1014,38.41,38.23,34.83,37.16
2024-08-28,1014,39.73,40.66,35.0,38.46
2024-08-29,1014,43.14,38.72,44.08,41.98
2024-08-30,1014,40.08,41.88,33.7,38.55
2024-08-31,1014,43.12,37.41,34.1,38.21
2024-09-01,1014,42.2,42.44,40.06,41.57
2024-09-02,1014,37.15,42.31,41.59,40.35
2024-09-03,1014,38.34,37.16,42.2,39.23
2024-09-04,1014,36.84,42.49,33.96,37.76
2024-09-05,1014,35.27,39.0,41.06,38.44
2024-09-06,1014,41.89,39.4,42.26,41.18
2024-09-07,1014,41.69,39.49,38.25,39.81
2024-09-08,1014,41.18,38.69,40.45,40.11
2024-09-09,1014,36.83,37.65,41.7,38.73
2024-09-10,1014,37.87,41.54,43.13,40.85
2024-09-11,1014,39.9,37.82,39.91,39.21
2024-09-12,1014,37.78,40.71,41.24,39.91
2024-09-13,1014,37.05,40.44,34.52,37.34
2024-09-14,1014,41.43,38.47,39.48,39.79
2024-09-15,1014,37.53,41.56,40.72,39.94
2024-09-16,1014,41.6,41.3,39.57,40.82
2024-09-17,1014,35.91,39.13,44.87,39.97
2024-09-18,1014,40.29,37.27,38.3,38.62
2024-09-19,1014,36.31,39.03,34.79,36.71
2024-09-20,1014,39.56,37.89,36.36,37.94
2024-09-21,1014,37.67,40.79,36.73,38.4
2024-09-22,1014,41.84,36.74,40.77,39.78
2024-09-23,1014,37.13,40.11,42.05,39.76
2024-09-24,1014,36.33,37.32,41.06,38.24
2024-09-25,1014,37.98,40.54,39.25,39.26
2024-09-26,1014,41.3,38.06,39.7,39.69
2024-09-27,1014,38.96,38.2,33.73,36.96
2024-09-28,1014,41.56,38.21,38.51,39.43
2024-09-29,1014,41.64,40.27,36.1,39.34
2024-09-30,1014,36.67,38.55,41.55,38.92
2024-10-01,1014,42.69,37.82,42.47,40.99
2024-10-02,1014,42.43,39.33,42.26,41.34
2024-10-03,1014,41.0,42.26,40.51,41.26
2024-10-04,1014,37.11,37.09,39.76,37.99
2024-10-05,1014,38.68,39.43,40.38,39.5
2024-10-06,1014,35.55,36.82,38.69,37.02
2024-10-07,1014,36.79,42.38,39.44,39.54
2024-10-08,1014,41.06,40.28,44.77,42.04
2024-10-09,1014,38.16,41.74,36.74,38.88
2024-10-10,1014,36.7,37.88,37.29,37.29
2024-10-11,1014,40.72,41.68,40.12,40.84
2024-10-12,1014,39.68,38.51,36.28,38.16
2024-10-13,1014,38.2,41.52,42.43,40.72
2024-10-14,1014,37.42,40.52,43.82,40.59
2024-10-15,1014,38.46,40.17,34.32,37.65
2024-10-16,1014,42.42,40.83,35.87,39.71
2024-10-17,1014,38.3,38.1,40.33,38.91
2024-10-18,1014,39.06,40.85,43.8,41.24
2024-10-19,1014,38.65,42.53,38.0,39.73
2024-10-20,1014,38.5,42.46,44.29,41.75
2024-10-21,1014,35.35,40.84,42.06,39.42
2024-10-22,1014,42.82,39.14,41.43,41.13
2024-10-23,1014,41.97,38.89,40.83,40.56
2024-10-24,1014,42.93,40.02,44.37,42.44
2024-10-25,1014,42.65,36.45,44.76,41.29
2024-10-26,1014,35.33,38.64,41.04,38.34
2024-10-27,1014,39.0,39.23,42.65,40.29
2024-10-28,1014,37.08,38.36,40.78,38.74
2024-10-29,1014,38.11,38.78,45.21,40.7
2024-10-30,1014,41.02,36.47,45.46,40.98
2024-10-31,1014,38.38,39.95,36.67,38.33
2024-11-01,1014,42.66,37.46,43.01,41.04
2024-11-02,1014,38.52,39.11,42.69,40.11
2024-11-03,1014,39.75,41.26,43.0,41.34
2024-11-04,1014,42.32,38.45,38.71,39.83
2024-11-05,1014,42.34,38.4,33.68,38.14
2024-11-06,1014,35.65,40.82,36.2,37.56
2024-11-07,1014,38.86,39.18,41.89,39.98
2024-11-08,1014,42.52,39.15,34.54,38.74
2024-11-09,1014,37.25,41.5,41.62,40.12
2024-11-10,1014,43.23,38.17,40.52,40.64
2024-11-11,1014,35.26,36.72,43.29,38.42
2024-11-12,1014,40.14,40.88,36.05,39.02
2024-11-13,1014,39.99,38.9,43.18,40.69
2024-11-14,1014,36.65,38.95,43.88,39.83
2024-11-15,1014,42.63,37.2,41.14,40.32
2024-11-16,1014,38.19,37.08,40.58,38.62
2024-11-17,1014,40.4,39.6,39.83,39.94
2024-11-18,1014,40.55,40.15,35.51,38.74
2024-11-19,1014,42.86,41.24,40.23,41.44
2024-11-20,1014,42.68,42.09,34.98,39.92
2024-11-21,1014,37.67,41.11,40.96,39.91
2024-11-22,1014,37.62,38.46,37.58,37.89
2024-11-23,1014,38.72,38.76,42.4,39.96
2024-11-24,1014,36.68,38.49,33.91,36.36
2024-11-25,1014,35.42,40.25,45.52,40.4
2024-11-26,1014,35.88,40.68,41.3,39.29
2024-11-27,1014,37.6,37.01,38.5,37.7
2024-11-28,1014,41.15,39.81,44.16,41.71
2024-11-29,1014,42.15,38.2,34.3,38.22
2024-11-30,1014,40.14,38.08,42.3,40.17
2024-12-01,1014,39.94,41.37,42.61,41.31
2024-12-02,1014,39.02,36.55,37.19,37.59
2024-12-03,1014,35.95,39.37,42.34,39.22
2024-12-04,1014,38.98,38.87,35.95,37.93
2024-12-05,1014,38.9,41.44,42.02,40.79
2024-12-06,1014,38.72,39.12,40.11,39.32
2024-12-07,1014,42.72,36.62,35.33,38.22
2024-12-08,1014,38.7,40.5,39.61,39.6
2024-12-09,1014,36.27,41.84,39.38,39.16
2024-12-10,1014,35.66,42.02,41.63,39.77
2024-12-11,1014,39.36,37.02,35.64,37.34
2024-12-12,1014,41.95,38.31,45.25,41.84
2024-12-13,1014,39.0,39.39,39.51,39.3
2024-12-14,1014,40.83,39.52,43.06,41.14
2024-12-15,1014,35.27,40.89,45.28,40.48
2024-12-16,1014,36.21,38.25,37.56,37.34
2024-12-17,1014,37.23,36.75,38.09,37.36
2024-12-18,1014,43.25,39.62,36.94,39.94
2024-12-19,1014,39.52,40.26,42.63,40.8
2024-12-20,1014,41.84,39.81,38.31,39.99
2024-12-21,1014,36.15,39.08,37.65,37.63
2024-12-22,1014,36.24,37.46,38.09,37.26
2024-12-23,1014,38.47,38.41,43.01,39.96
2024-12-24,1014,36.68,42.72,40.44,39.95
2024-12-25,1014,36.31,37.22,43.13,38.89
2024-12-26,1014,37.73,39.94,36.72,38.13
2024-12-27,1014,36.16,40.34,43.78,40.09
2024-12-28,1014,35.54,38.64,40.91,38.36
2024-12-29,1014,41.81,42.6,35.81,40.07
2024-12-30,1014,43.0,37.55,43.07,41.21
2024-01-01,1015,60.54,57.65,53.4,57.2
2024-01-02,1015,56.47,58.34,64.64,59.82
2024-01-03,1015,63.61,57.81,56.19,59.2
2024-01-04,1015,54.62,60.16,65.59,60.12
2024-01-05,1015,57.12,60.36,56.62,58.03
2024-01-06,1015,52.09,63.09,50.33,55.17
2024-01-07,1015,56.89,61.91,53.68,57.49
2024-01-08,1015,56.55,60.4,56.07,57.67
2024-01-09,1015,55.82,56.05,64.3,58.72
2024-01-10,1015,58.63,60.72,59.03,59.46
2024-01-11,1015,53.72,59.74,65.68,59.71
2024-01-12,1015,56.16,56.72,65.07,59.32
2024-01-13,1015,53.72,61.28,59.74,58.25
2024-01-14,1015,60.83,54.27,61.3,58.8
2024-01-15,1015,61.56,57.02,54.93,57.84
2024-01-16,1015,63.84,55.49,57.04,58.79
2024-01-17,1015,57.6,60.82,55.73,58.05
2024-01-18,1015,64.03,54.9,59.12,59.35
2024-01-19,1015,52.11,63.32,55.31,56.91
2024-01-20,1015,58.83,61.38,56.99,59.07
2024-01-21,1015,56.91,62.77,65.07,61.58
2024-01-22,1015,63.47,55.33,54.36,57.72
2024-01-23,1015,62.2,59.62,66.93,62.92
2024-01-24,1015,64.46,61.94,62.91,63.1
2024-01-25,1015,56.31,59.16,60.8,58.76
2024-01-26,1015,60.38,54.8,58.12,57.77
2024-01-27,1015,55.86,55.33,57.43,56.21
2024-01-28,1015,58.69,61.16,50.28,56.71
2024-01-29,1015,63.06,54.53,52.61,56.73
2024-01-30,1015,62.79,54.27,61.36,59.47
2024-01-31,1015,61.89,58.87,53.8,58.19
2024-02-01,1015,54.27,60.06,67.55,60.63
2024-02-02,1015,58.78,63.56,59.71,60.68
2024-02-03,1015,54.84,55.08,61.24,57.05
2024-02-04,1015,57.29,59.32,67.55,61.39
2024-02-05,1015,53.52,59.88,62.89,58.76
2024-02-06,1015,59.85,59.24,53.06,57.38
2024-02-07,1015,64.53,62.16,63.01,63.23
2024-02-08,1015,63.51,54.67,58.09,58.76
2024-02-09,1015,54.07,57.37,55.65,55.7
2024-02-10,1015,58.47,62.21,63.14,61.27
2024-02-11,1015,57.2,57.42,51.06,55.23
2024-02-12,1015,61.4,57.72,66.8,61.97
2024-02-13,1015,55.47,56.98,60.56,57.67
2024-02-14,1015,63.93,61.57,64.1,63.2
2024-02-15,1015,54.29,63.24,66.98,61.5
2024-02-16,1015,54.98,63.47,51.21,56.55
2024-02-17,1015,57.23,62.0,51.64,56.96
2024-02-18,1015,60.86,61.27,63.42,61.85
2024-02-19,1015,58.17,57.63,57.3,57.7
2024-02-20,1015,60.36,54.16,51.15,55.22
2024-02-21,1015,53.68,59.38,62.02,58.36
2024-02-22,1015,63.61,58.99,52.82,58.47
2024-02-23,1015,52.15,55.01,52.81,53.32
2024-02-24,1015,57.69,57.66,65.77,60.37
2024-02-25,1015,58.63,55.01,58.22,57.29
2024-02-26,1015,52.99,57.26,56.91,55.72
2024-02-27,1015,55.05,60.59,56.86,57.5
2024-02-28,1015,58.92,56.5,59.25,58.22
2024-02-29,1015,59.22,55.87,54.57,56.55
2024-03-01,1015,56.31,63.38,56.29,58.66
2024-03-02,1015,60.2,63.11,65.18,62.83
2024-03-03,1015,54.79,59.97,65.71,60.16
2024-03-04,1015,53.11,58.3,67.3,59.57
2024-03-05,1015,52.2,60.71,66.55,59.82
2024-03-06,1015,52.17,62.56,62.8,59.18
2024-03-07,1015,62.23,61.79,52.17,58.73
2024-03-08,1015,58.61,63.17,58.54,60.11
2024-03-09,1015,64.02,57.92,54.1,58.68
2024-03-10,1015,58.25,57.5,59.65,58.47
2024-03-11,1015,55.44,59.86,62.61,59.3
2024-03-12,1015,57.14,61.14,51.36,56.55
2024-03-13,1015,57.62,56.15,55.11,56.29
2024-03-14,1015,59.02,58.04,53.02,56.69
2024-03-15,1015,52.55,59.99,64.09,58.88
2024-03-16,1015,62.38,56.26,52.14,56.93
2024-03-17,1015,59.57,60.88,51.04,57.16
2024-03-18,1015,61.64,62.38,55.01,59.68
2024-03-19,1015,53.15,57.2,59.54,56.63
2024-03-20,1015,54.66,55.73,53.1,54.5
2024-03-21,1015,52.6,63.56,59.27,58.48
2024-03-22,1015,60.75,58.6,55.85,58.4
2024-03-23,1015,55.57,58.27,56.23,56.69
2024-03-24,1015,54.26,60.69,57.22,57.39
2024-03-25,1015,54.29,59.46,63.16,58.97
2024-03-26,1015,61.38,54.7,62.96,59.68
2024-03-27,1015,54.94,62.06,58.53,58.51
2024-03-28,1015,63.4,61.06,52.67,59.04
2024-03-29,1015,59.7,62.84,54.43,58.99
2024-03-30,1015,61.53,58.37,61.23,60.38
2024-03-31,1015,62.46,55.86,62.32,60.21
2024-04-01,1015,55.99,54.29,64.12,58.13
2024-04-02,1015,56.16,58.86,62.45,59.16
2024-04-03,1015,60.39,60.95,55.28,58.87
2024-04-04,1015,60.58,60.27,51.08,57.31
2024-04-05,1015,62.79,63.34,66.94,64.36
2024-04-06,1015,63.28,54.87,65.07,61.07
2024-04-07,1015,52.3,61.42,52.01,55.24
2024-04-08,1015,60.81,54.22,57.16,57.4
2024-04-09,1015,64.35,60.33,54.0,59.56
2024-04-10,1015,54.71,59.45,57.11,57.09
2024-04-11,1015,56.22,60.38,59.74,58.78
2024-04-12,1015,58.78,55.61,64.36,59.58
2024-04-13,1015,56.24,55.27,58.44,56.65
2024-04-14,1015,64.15,61.26,53.21,59.54
2024-04-15,1015,57.95,58.13,54.99,57.02
2024-04-16,1015,59.3,56.42,64.12,59.95
2024-04-17,1015,60.63,60.79,59.97,60.46
2024-04-18,1015,52.87,60.47,58.34,57.23
2024-04-19,1015,52.11,56.53,52.18,53.61
2024-04-20,1015,64.61,56.71,61.76,61.03
2024-04-21,1015,64.56,56.91,65.02,62.16
2024-04-22,1015,55.81,60.5,64.96,60.42
2024-04-23,1015,55.94,56.83,65.24,59.34
2024-04-24,1015,59.62,56.23,54.1,56.65
2024-04-25,1015,55.63,54.67,59.24,56.51
2024-04-26,1015,54.85,59.81,65.16,59.94
2024-04-27,1015,63.5,56.12,54.61,58.08
2024-04-28,1015,63.56,62.93,50.96,59.15
2024-04-29,1015,56.86,60.11,66.77,61.25
2024-04-30,1015,52.24,57.59,56.0,55.28
2024-05-01,1015,61.62,57.85,55.88,58.45
2024-05-02,1015,54.82,57.12,64.61,58.85
2024-05-03,1015,57.61,55.92,53.22,55.58
2024-05-04,1015,62.69,63.38,51.35,59.14
2024-05-05,1015,58.81,57.25,53.67,56.58
2024-05-06,1015,54.1,63.24,51.94,56.43
2024-05-07,1015,57.29,61.13,61.9,60.11
2024-05-08,1015,58.45,60.17,59.63,59.42
2024-05-09,1015,58.26,58.25,59.6,58.7
2024-05-10,1015,61.16,59.79,61.4,60.78
2024-05-11,1015,64.75,54.48,57.02,58.75
2024-05-12,1015,62.08,58.17,64.19,61.48
2024-05-13,1015,55.06,59.96,64.43,59.82
2024-05-14,1015,64.41,55.26,58.63,59.43
2024-05-15,1015,55.28,54.43,65.53,58.41
2024-05-16,1015,58.56,59.81,62.42,60.26
2024-05-17,1015,56.09,60.84,66.96,61.3
2024-05-18,1015,54.31,55.28,66.75,58.78
2024-05-19,1015,63.9,55.14,62.92,60.65
2024-05-20,1015,56.19,55.57,60.72,57.49
2024-05-21,1015,64.44,57.45,54.6,58.83
2024-05-22,1015,64.75,56.94,57.2,59.63
2024-05-23,1015,56.58,62.62,63.28,60.83
2024-05-24,1015,63.75,58.84,63.0,61.86
2024-05-25,1015,53.13,56.46,60.55,56.71
2024-05-26,1015,57.06,58.47,62.43,59.32
2024-05-27,1015,52.8,59.78,65.36,59.31
2024-05-28,1015,53.46,61.85,66.67,60.66
2024-05-29,1015,57.13,58.89,64.81,60.28
2024-05-30,1015,54.59,57.36,61.42,57.79
2024-05-31,1015,55.48,60.47,52.54,56.16
2024-06-01,1015,64.38,62.74,55.04,60.72
2024-06-02,1015,59.61,54.42,52.21,55.41
2024-06-03,1015,63.55,55.59,56.83,58.66
2024-06-04,1015,61.56,61.6,58.85,60.67
2024-06-05,1015,63.88,56.32,55.69,58.63
2024-06-06,1015,63.62,57.82,59.13,60.19
2024-06-07,1015,61.77,61.99,52.39,58.72
2024-06-08,1015,52.11,54.73,62.01,56.28
2024-06-09,1015,61.32,54.36,62.17,59.28
2024-06-10,1015,59.9,62.38,58.09,60.12
2024-06-11,1015,57.17,58.88,62.41,59.49
2024-06-12,1015,61.78,56.51,67.37,61.89
2024-06-13,1015,56.01,61.35,58.1,58.49
2024-06-14,1015,55.3,55.1,65.32,58.57
2024-06-15,1015,62.43,62.65,51.92,59.0
2024-06-16,1015,61.35,61.03,50.19,57.52
2024-06-17,1015,57.25,62.81,56.39,58.82
2024-06-18,1015,64.3,61.11,64.69,63.37
2024-06-19,1015,53.65,56.96,61.05,57.22
2024-06-20,1015,58.68,59.49,51.43,56.53
2024-06-21,1015,52.49,61.32,60.22,58.01
2024-06-22,1015,62.6,55.05,57.17,58.27
2024-06-23,1015,60.94,54.4,50.21,55.18
2024-06-24,1015,59.97,60.41,66.68,62.35
2024-06-25,1015,51.88,57.54,59.1,56.17
2024-06-26,1015,64.25,62.5,51.96,59.57
2024-06-27,1015,62.48,56.75,62.94,60.72
2024-06-28,1015,54.41,62.53,62.01,59.65
2024-06-29,1015,61.41,62.51,53.98,59.3
2024-06-30,1015,59.59,60.35,57.44,59.13
2024-07-01,1015,60.16,58.84,52.31,57.1
2024-07-02,1015,64.19,61.36,67.12,64.22
2024-07-03,1015,52.38,61.53,56.77,56.89
2024-07-04,1015,55.43,60.37,61.66,59.15
2024-07-05,1015,56.81,58.54,64.25,59.87
2024-07-06,1015,62.72,54.65,53.06,56.81
2024-07-07,1015,52.14,54.68,57.85,54.89
2024-07-08,1015,60.34,56.29,50.37,55.67
2024-07-09,1015,55.93,58.35,61.85,58.71
2024-07-10,1015,58.51,58.61,53.81,56.98
2024-07-11,1015,58.17,58.13,61.67,59.32
2024-07-12,1015,53.98,56.63,64.37,58.33
2024-07-13,1015,61.01,59.83,67.18,62.67
2024-07-14,1015,58.84,61.78,60.86,60.49
2024-07-15,1015,59.81,57.74,62.25,59.93
2024-07-16,1015,57.86,61.16,58.85,59.29
2024-07-17,1015,64.54,56.92,51.67,57.71
2024-07-18,1015,56.33,56.44,61.91,58.23
2024-07-19,1015,61.9,61.33,56.67,59.97
2024-07-20,1015,63.08,62.44,56.11,60.54
2024-07-21,1015,56.56,59.48,61.64,59.23
2024-07-22,1015,63.95,60.3,52.84,59.03
2024-07-23,1015,63.08,57.46,57.51,59.35
2024-07-24,1015,61.12,54.54,59.99,58.55
2024-07-25,1015,60.37,55.64,55.49,57.17
2024-07-26,1015,52.98,59.6,52.64,55.07
2024-07-27,1015,53.22,63.52,52.96,56.57
2024-07-28,1015,64.69,58.2,65.48,62.79
2024-07-29,1015,58.01,54.73,61.0,57.91
2024-07-30,1015,62.14,54.51,64.28,60.31
2024-07-31,1015,52.83,56.53,62.79,57.38
2024-08-01,1015,63.66,54.63,64.36,60.88
2024-08-02,1015,53.35,63.52,53.22,56.7
2024-08-03,1015,56.78,60.1,63.8,60.23
2024-08-04,1015,57.42,61.43,63.83,60.89
2024-08-05,1015,63.73,54.57,63.02,60.44
2024-08-06,1015,63.53,56.96,51.35,57.28
2024-08-07,1015,57.21,60.42,53.75,57.13
2024-08-08,1015,60.14,57.23,61.77,59.71
2024-08-09,1015,54.91,54.16,64.22,57.76
2024-08-10,1015,52.8,59.67,64.54,59.0
2024-08-11,1015,59.42,61.94,50.9,57.42
2024-08-12,1015,59.61,60.28,61.19,60.36
2024-08-13,1015,59.82,54.33,61.25,58.47
2024-08-14,1015,59.55,59.19,54.64,57.79
2024-08-15,1015,57.33,60.09,50.66,56.03
2024-08-16,1015,61.88,57.46,54.06,57.8
2024-08-17,1015,55.0,58.22,55.89,56.37
2024-08-18,1015,56.89,62.29,65.66,61.61
2024-08-19,1015,59.18,60.25,59.88,59.77
2024-08-20,1015,53.24,61.79,63.47,59.5
2024-08-21,1015,55.32,56.95,59.01,57.09
2024-08-22,1015,54.16,56.65,62.52,57.78
2024-08-23,1015,59.13,54.5,51.55,55.06
2024-08-24,1015,62.35,58.63,65.22,62.07
2024-08-25,1015,53.55,61.67,54.08,56.43
2024-08-26,1015,52.8,54.58,51.92,53.1
2024-08-27,1015,59.09,56.14,54.15,56.46
2024-08-28,1015,60.85,58.42,54.24,57.84
2024-08-29,1015,53.5,57.99,55.86,55.78
2024-08-30,1015,63.21,56.04,56.26,58.5
2024-08-31,1015,59.47,60.75,61.59,60.6
2024-09-01,1015,64.3,57.42,65.56,62.43
2024-09-02,1015,52.44,60.29,51.82,54.85
2024-09-03,1015,52.18,60.89,65.26,59.44
2024-09-04,1015,62.92,61.06,56.72,60.23
2024-09-05,1015,63.04,56.53,51.82,57.13
2024-09-06,1015,63.6,57.04,59.02,59.89
2024-09-07,1015,61.52,62.87,62.11,62.17
2024-09-08,1015,58.11,59.88,66.4,61.46
2024-09-09,1015,64.25,55.6,65.28,61.71
2024-09-10,1015,55.61,57.31,50.52,54.48
2024-09-11,1015,53.02,63.57,60.72,59.1
2024-09-12,1015,56.85,60.47,51.92,56.41
2024-09-13,1015,54.6,56.99,67.12,59.57
2024-09-14,1015,58.75,60.48,62.85,60.69
2024-09-15,1015,56.91,61.45,66.02,61.46
2024-09-16,1015,56.94,54.86,63.26,58.35
2024-09-17,1015,57.21,58.52,57.22,57.65
2024-09-18,1015,56.59,59.32,55.4,57.1
2024-09-19,1015,58.16,60.97,59.94,59.69
2024-09-20,1015,58.17,60.47,53.95,57.53
2024-09-21,1015,52.18,58.28,60.62,57.03
2024-09-22,1015,55.44,58.94,51.04,55.14
2024-09-23,1015,53.4,56.59,66.71,58.9
2024-09-24,1015,63.0,61.22,52.17,58.8
2024-09-25,1015,55.84,62.02,58.24,58.7
2024-09-26,1015,54.77,62.52,61.47,59.59
2024-09-27,1015,60.23,61.27,59.83,60.44
2024-09-28,1015,64.7,60.47,66.51,63.89
2024-09-29,1015,63.58,62.68,64.71,63.66
2024-09-30,1015,56.13,61.39,54.15,57.22
2024-10-01,1015,59.63,62.97,61.72,61.44
2024-10-02,1015,62.6,56.64,53.75,57.66
2024-10-03,1015,60.5,58.56,56.69,58.58
2024-10-04,1015,57.69,58.45,59.55,58.56
2024-10-05,1015,60.25,62.48,59.86,60.86
2024-10-06,1015,53.53,59.62,57.03,56.73
2024-10-07,1015,63.23,63.32,52.65,59.73
2024-10-08,1015,55.76,56.68,64.41,58.95
2024-10-09,1015,58.59,58.33,59.57,58.83
2024-10-10,1015,54.44,62.67,63.37,60.16
2024-10-11,1015,55.49,54.92,64.63,58.35
2024-10-12,1015,52.57,61.51,51.34,55.14
2024-10-13,1015,63.66,58.41,65.91,62.66
2024-10-14,1015,64.07,56.06,60.26,60.13
2024-10-15,1015,53.48,58.28,62.38,58.05
2024-10-16,1015,60.94,58.9,50.24,56.69
2024-10-17,1015,53.24,59.72,62.91,58.62
2024-10-18,1015,57.82,61.61,52.88,57.44
2024-10-19,1015,56.11,59.02,67.09,60.74
2024-10-20,1015,59.89,55.46,50.81,55.39
2024-10-21,1015,52.76,61.73,67.65,60.71
2024-10-22,1015,52.14,55.42,55.74,54.43
2024-10-23,1015,56.93,58.83,54.38,56.71
2024-10-24,1015,52.86,63.24,52.35,56.15
2024-10-25,1015,53.6,58.15,63.82,58.52
2024-10-26,1015,52.85,56.39,52.87,54.04
2024-10-27,1015,52.33,59.7,56.15,56.06
2024-10-28,1015,61.5,59.83,56.47,59.27
2024-10-29,1015,61.89,57.1,50.5,56.5
2024-10-30,1015,64.62,54.29,55.45,58.12
2024-10-31,1015,57.06,62.83,51.46,57.12
2024-11-01,1015,62.31,59.0,50.73,57.35
2024-11-02,1015,59.55,62.43,51.45,57.81
2024-11-03,1015,64.58,60.98,54.96,60.17
2024-11-04,1015,60.87,62.21,51.58,58.22
2024-11-05,1015,64.16,58.55,67.0,63.24
2024-11-06,1015,63.59,62.62,64.52,63.58
2024-11-07,1015,53.52,55.42,50.46,53.13
2024-11-08,1015,60.4,57.1,64.05,60.52
2024-11-09,1015,63.26,57.35,62.38,61.0
2024-11-10,1015,62.38,55.64,67.3,61.77
2024-11-11,1015,63.67,63.07,54.14,60.29
2024-11-12,1015,52.35,58.73,64.1,58.39
2024-11-13,1015,58.11,62.84,60.94,60.63
2024-11-14,1015,54.25,56.57,59.46,56.76
2024-11-15,1015,60.97,61.08,52.95,58.33
2024-11-16,1015,51.96,54.71,61.45,56.04
2024-11-17,1015,52.38,55.66,66.95,58.33
2024-11-18,1015,64.0,59.99,62.86,62.28
2024-11-19,1015,53.66,57.97,50.63,54.09
2024-11-20,1015,56.83,62.1,56.71,58.55
2024-11-21,1015,58.4,56.39,66.33,60.37
2024-11-22,1015,59.85,58.31,54.28,57.48
2024-11-23,1015,62.64,63.03,55.48,60.38
2024-11-24,1015,64.02,57.26,57.18,59.49
2024-11-25,1015,59.14,55.82,58.85,57.94
2024-11-26,1015,55.11,54.45,55.98,55.18
2024-11-27,1015,59.7,59.09,63.88,60.89
2024-11-28,1015,58.55,57.65,67.09,61.1
2024-11-29,1015,55.96,59.13,59.79,58.29
2024-11-30,1015,60.02,61.41,51.64,57.69
2024-12-01,1015,53.58,60.54,51.08,55.07
2024-12-02,1015,61.83,60.23,65.41,62.49
2024-12-03,1015,64.49,60.71,60.66,61.95
2024-12-04,1015,55.64,54.25,53.51,54.47
2024-12-05,1015,62.5,60.3,53.02,58.61
2024-12-06,1015,58.45,57.57,65.31,60.44
2024-12-07,1015,55.73,60.9,61.65,59.43
2024-12-08,1015,60.36,60.53,56.51,59.13
2024-12-09,1015,54.47,59.6,50.13,54.73
2024-12-10,1015,54.31,61.25,64.36,59.97
2024-12-11,1015,56.13,60.06,64.05,60.08
2024-12-12,1015,62.16,59.14,60.83,60.71
2024-12-13,1015,54.86,56.65,52.3,54.6
2024-12-14,1015,56.31,63.4,66.41,62.04
2024-12-15,1015,63.35,57.26,50.26,56.96
2024-12-16,1015,53.21,59.22,64.51,58.98
2024-12-17,1015,56.19,62.86,50.9,56.65
2024-12-18,1015,63.38,55.07,57.31,58.59
2024-12-19,1015,54.6,60.23,52.41,55.75
2024-12-20,1015,59.92,58.25,56.08,58.08
2024-12-21,1015,64.17,57.55,65.64,62.45
2024-12-22,1015,56.34,57.74,58.21,57.43
2024-12-23,1015,58.02,59.09,50.57,55.89
2024-12-24,1015,59.04,59.42,62.58,60.35
2024-12-25,1015,61.78,54.35,62.69,59.61
2024-12-26,1015,58.63,58.28,62.24,59.72
2024-12-27,1015,59.79,62.14,56.77,59.57
2024-12-28,1015,59.87,58.12,65.52,61.17
2024-12-29,1015,54.69,58.41,62.36,58.49
2024-12-30,1015,55.93,59.18,50.37,55.16
2024-01-01,1016,68.55,79.42,70.17,72.71
2024-01-02,1016,77.46,79.23,82.39,79.69
2024-01-03,1016,70.34,75.89,79.46,75.23
2024-01-04,1016,79.11,79.75,72.16,77.01
2024-01-05,1016,69.23,76.65,83.44,76.44
2024-01-06,1016,76.72,71.61,75.83,74.72
2024-01-07,1016,72.75,77.22,69.85,73.27
2024-01-08,1016,71.22,68.75,69.43,69.8
2024-01-09,1016,66.56,71.74,75.82,71.37
2024-01-10,1016,77.0,68.44,69.29,71.58
2024-01-11,1016,81.03,72.8,74.87,76.23
2024-01-12,1016,69.3,78.22,82.34,76.62
2024-01-13,1016,77.72,71.83,65.74,71.76
2024-01-14,1016,66.21,74.02,79.62,73.28
2024-01-15,1016,72.55,76.75,64.42,71.24
2024-01-16,1016,68.54,79.44,76.08,74.69
2024-01-17,1016,71.48,69.9,68.42,69.93
2024-01-18,1016,69.81,70.8,67.61,69.41
2024-01-19,1016,77.05,76.0,83.55,78.87
2024-01-20,1016,72.13,72.75,72.44,72.44
2024-01-21,1016,73.68,79.36,71.86,74.97
2024-01-22,1016,70.11,71.24,70.35,70.57
2024-01-23,1016,74.97,72.16,70.05,72.39
2024-01-24,1016,75.78,68.65,77.89,74.11
2024-01-25,1016,78.74,70.36,79.17,76.09
2024-01-26,1016,76.77,74.83,63.81,71.8
2024-01-27,1016,67.71,72.48,76.18,72.12
2024-01-28,1016,65.81,69.55,65.72,67.03
2024-01-29,1016,71.95,71.76,81.16,74.96
2024-01-30,1016,66.0,68.49,71.0,68.5
2024-01-31,1016,78.77,70.27,80.51,76.52
2024-02-01,1016,74.29,73.61,65.99,71.3
2024-02-02,1016,79.74,78.12,64.91,74.26
2024-02-03,1016,78.93,78.58,74.89,77.47
2024-02-04,1016,78.65,79.37,67.57,75.2
2024-02-05,1016,65.86,78.17,74.08,72.7
2024-02-06,1016,71.0,70.97,80.3,74.09
2024-02-07,1016,70.6,68.34,64.55,67.83
2024-02-08,1016,72.46,78.16,74.36,74.99
2024-02-09,1016,78.77,75.18,65.19,73.05
2024-02-10,1016,78.62,79.25,76.51,78.13
2024-02-11,1016,74.51,77.3,74.2,75.34
2024-02-12,1016,68.59,69.5,78.52,72.2
2024-02-13,1016,75.84,78.23,78.74,77.6
2024-02-14,1016,68.29,71.14,71.92,70.45
2024-02-15,1016,68.12,71.82,63.57,67.84
2024-02-16,1016,79.45,78.08,72.41,76.65
2024-02-17,1016,66.27,76.36,77.59,73.41
2024-02-18,1016,67.92,78.47,77.11,74.5
2024-02-19,1016,70.22,69.21,67.06,68.83
2024-02-20,1016,72.87,79.1,82.56,78.18
2024-02-21,1016,70.94,76.44,66.0,71.13
2024-02-22,1016,71.14,76.72,66.43,71.43
2024-02-23,1016,67.82,76.76,78.99,74.52
2024-02-24,1016,76.39,77.52,84.66,79.52
2024-02-25,1016,76.71,75.15,65.82,72.56
2024-02-26,1016,78.48,75.63,72.91,75.67
2024-02-27,1016,72.23,74.1,83.84,76.72
2024-02-28,1016,71.37,80.09,82.33,77.93
2024-02-29,1016,73.76,70.31,75.51,73.19
2024-03-01,1016,80.67,77.67,69.22,75.85
2024-03-02,1016,70.03,69.43,74.26,71.24
2024-03-03,1016,66.33,72.37,69.55,69.42
2024-03-04,1016,70.25,75.87,82.81,76.31
2024-03-05,1016,67.74,78.96,66.53,71.08
2024-03-06,1016,70.42,74.89,85.14,76.82
2024-03-07,1016,74.77,75.74,81.46,77.32
2024-03-08,1016,76.29,77.19,66.1,73.19
2024-03-09,1016,79.25,73.19,84.96,79.13
2024-03-10,1016,71.54,79.38,69.49,73.47
2024-03-11,1016,73.87,78.52,69.9,74.1
2024-03-12,1016,66.55,77.32,68.82,70.9
2024-03-13,1016,76.89,73.02,64.0,71.3
2024-03-14,1016,69.8,74.23,63.75,69.26
2024-03-15,1016,73.81,70.8,80.44,75.02
2024-03-16,1016,69.79,73.38,67.75,70.31
2024-03-17,1016,65.62,68.66,73.63,69.3
2024-03-18,1016,72.03,76.11,84.35,77.5
2024-03-19,1016,77.66,79.28,67.9,74.95
2024-03-20,1016,71.78,72.06,84.34,76.06
2024-03-21,1016,78.3,71.95,67.06,72.44
2024-03-22,1016,78.85,73.76,81.28,77.96
2024-03-23,1016,68.76,72.91,82.24,74.64
2024-03-24,1016,69.98,68.74,65.58,68.1
2024-03-25,1016,76.05,76.64,70.82,74.5
2024-03-26,1016,80.84,72.13,67.21,73.39
2024-03-27,1016,76.75,79.31,82.78,79.61
2024-03-28,1016,77.57,79.22,70.64,75.81
2024-03-29,1016,71.22,74.04,83.28,76.18
2024-03-30,1016,70.66,72.52,83.47,75.55
2024-03-31,1016,73.27,68.45,78.67,73.46
2024-04-01,1016,75.27,74.04,84.17,77.83
2024-04-02,1016,72.05,76.81,78.17,75.68
2024-04-03,1016,68.45,70.31,79.36,72.71
2024-04-04,1016,69.39,75.22,79.18,74.6
2024-04-05,1016,78.84,69.45,78.96,75.75
2024-04-06,1016,74.27,71.02,81.43,75.57
2024-04-07,1016,73.87,75.33,79.39,76.2
2024-04-08,1016,80.93,74.26,80.07,78.42
2024-04-09,1016,70.69,69.37,85.16,75.07
2024-04-10,1016,70.0,76.09,67.82,71.3
2024-04-11,1016,79.98,78.32,78.25,78.85
2024-04-12,1016,79.4,69.78,66.6,71.93
2024-04-13,1016,68.99,75.17,71.43,71.86
2024-04-14,1016,71.68,77.06,65.42,71.39
2024-04-15,1016,71.99,71.09,63.81,68.96
2024-04-16,1016,76.49,79.59,75.72,77.27
2024-04-17,1016,80.62,76.43,77.95,78.33
2024-04-18,1016,77.02,71.69,76.49,75.07
2024-04-19,1016,78.55,69.79,74.49,74.28
2024-04-20,1016,73.16,80.18,72.23,75.19
2024-04-21,1016,69.22,69.58,64.25,67.68
2024-04-22,1016,72.33,70.53,80.6,74.49
2024-04-23,1016,74.96,68.66,84.59,76.07
2024-04-24,1016,70.0,76.98,73.95,73.64
2024-04-25,1016,77.21,71.15,66.2,71.52
2024-04-26,1016,69.91,71.61,81.71,74.41
2024-04-27,1016,80.96,78.33,64.51,74.6
2024-04-28,1016,80.87,80.04,68.37,76.43
2024-04-29,1016,69.18,70.56,63.38,67.71
2024-04-30,1016,80.11,69.85,67.68,72.55
2024-05-01,1016,75.35,74.43,76.32,75.37
2024-05-02,1016,81.57,69.38,74.7,75.22
2024-05-03,1016,74.73,75.19,82.12,77.35
2024-05-04,1016,65.54,77.71,68.91,70.72
2024-05-05,1016,65.53,70.17,85.09,73.6
2024-05-06,1016,67.3,72.02,63.97,67.76
2024-05-07,1016,73.84,70.0,72.71,72.18
2024-05-08,1016,71.87,71.92,68.48,70.76
2024-05-09,1016,75.66,70.22,69.5,71.79
2024-05-10,1016,72.89,72.25,80.64,75.26
2024-05-11,1016,67.26,77.51,71.33,72.03
2024-05-12,1016,71.48,72.31,85.26,76.35
2024-05-13,1016,75.65,74.69,66.57,72.3
2024-05-14,1016,72.75,69.82,67.92,70.16
2024-05-15,1016,70.84,73.74,66.84,70.47
2024-05-16,1016,79.89,70.69,79.99,76.86
2024-05-17,1016,70.12,76.6,81.95,76.22
2024-05-18,1016,76.49,70.65,77.39,74.84
2024-05-19,1016,73.75,69.68,77.59,73.67
2024-05-20,1016,71.13,74.18,65.17,70.16
2024-05-21,1016,67.03,78.11,70.32,71.82
2024-05-22,1016,77.34,76.92,75.43,76.56
2024-05-23,1016,71.61,70.05,70.65,70.77
2024-05-24,1016,70.79,71.1,81.68,74.52
2024-05-25,1016,65.8,76.59,80.6,74.33
2024-05-26,1016,74.97,72.83,79.84,75.88
2024-05-27,1016,73.81,71.28,76.64,73.91
2024-05-28,1016,71.57,69.09,85.14,75.27
2024-05-29,1016,67.05,72.39,66.11,68.52
2024-05-30,1016,73.55,70.55,65.96,70.02
2024-05-31,1016,76.71,71.96,72.09,73.59
2024-06-01,1016,72.27,79.26,77.43,76.32
2024-06-02,1016,80.15,68.52,70.41,73.03
2024-06-03,1016,74.06,70.75,81.7,75.5
2024-06-04,1016,68.49,70.21,84.37,74.36
2024-06-05,1016,80.95,71.07,63.26,71.76
2024-06-06,1016,73.16,69.06,73.25,71.82
2024-06-07,1016,68.99,72.28,71.0,70.76
2024-06-08,1016,80.6,75.16,84.99,80.25
2024-06-09,1016,72.63,79.73,76.69,76.35
2024-06-10,1016,68.72,72.36,68.2,69.76
2024-06-11,1016,79.75,71.85,65.05,72.22
2024-06-12,1016,81.58,70.05,65.35,72.33
2024-06-13,1016,70.17,71.92,72.59,71.56
2024-06-14,1016,66.04,71.12,81.14,72.77
2024-06-15,1016,81.27,76.57,69.2,75.68
2024-06-16,1016,67.81,71.79,76.05,71.88
2024-06-17,1016,71.04,73.89,77.49,74.14
2024-06-18,1016,74.94,72.96,79.09,75.66
2024-06-19,1016,72.32,78.9,75.9,75.71
2024-06-20,1016,72.88,73.31,76.5,74.23
2024-06-21,1016,76.31,75.95,84.27,78.84
2024-06-22,1016,80.41,74.17,79.37,77.98
2024-06-23,1016,74.94,70.66,73.33,72.98
2024-06-24,1016,65.85,75.54,70.51,70.63
2024-06-25,1016,66.77,68.37,83.15,72.76
2024-06-26,1016,81.24,78.15,65.53,74.97
2024-06-27,1016,76.77,77.37,73.32,75.82
2024-06-28,1016,75.94,75.56,64.7,72.07
2024-06-29,1016,67.84,71.83,80.23,73.3
2024-06-30,1016,72.99,75.09,73.22,73.77
2024-07-01,1016,76.16,69.66,71.87,72.56
2024-07-02,1016,74.99,70.15,65.42,70.19
2024-07-03,1016,67.21,79.23,68.16,71.53
2024-07-04,1016,68.13,69.41,80.91,72.82
2024-07-05,1016,80.89,72.74,66.85,73.49
2024-07-06,1016,73.51,71.79,74.63,73.31
2024-07-07,1016,76.96,70.77,65.71,71.15
2024-07-08,1016,66.75,74.59,70.41,70.58
2024-07-09,1016,81.35,77.34,64.41,74.37
2024-07-10,1016,76.72,74.24,73.9,74.95
2024-07-11,1016,80.82,72.1,64.54,72.49
2024-07-12,1016,74.94,77.58,81.15,77.89
2024-07-13,1016,68.25,70.09,75.92,71.42
2024-07-14,1016,73.5,75.48,63.84,70.94
2024-07-15,1016,68.51,76.08,75.31,73.3
2024-07-16,1016,72.11,75.65,65.74,71.17
2024-07-17,1016,75.53,74.09,67.06,72.23
2024-07-18,1016,78.76,75.6,71.43,75.26
2024-07-19,1016,79.88,78.05,75.94,77.96
2024-07-20,1016,72.98,75.98,69.98,72.98
2024-07-21,1016,70.75,78.2,73.99,74.31
2024-07-22,1016,76.79,78.61,81.12,78.84
2024-07-23,1016,66.89,72.43,82.18,73.83
2024-07-24,1016,77.81,75.15,63.84,72.27
2024-07-25,1016,69.87,78.99,68.39,72.42
2024-07-26,1016,79.03,73.29,80.89,77.74
2024-07-27,1016,78.54,73.36,81.0,77.63
2024-07-28,1016,76.84,79.01,68.13,74.66
2024-07-29,1016,71.61,69.6,66.12,69.11
2024-07-30,1016,71.6,78.17,64.93,71.57
2024-07-31,1016,79.06,72.76,79.73,77.18
2024-08-01,1016,74.03,77.42,64.88,72.11
2024-08-02,1016,75.32,76.59,83.59,78.5
2024-08-03,1016,78.85,69.78,76.99,75.21
2024-08-04,1016,79.24,77.82,74.35,77.14
2024-08-05,1016,81.18,70.73,76.04,75.98
2024-08-06,1016,77.83,71.92,85.09,78.28
2024-08-07,1016,65.95,79.69,67.01,70.88
2024-08-08,1016,72.15,75.97,77.88,75.33
2024-08-09,1016,78.27,73.6,66.82,72.9
2024-08-10,1016,67.41,72.82,75.18,71.8
2024-08-11,1016,81.58,79.79,81.6,80.99
2024-08-12,1016,78.98,68.99,67.71,71.89
2024-08-13,1016,78.98,77.56,79.97,78.84
2024-08-14,1016,77.27,72.55,77.99,75.94
2024-08-15,1016,81.24,68.85,65.22,71.77
2024-08-16,1016,70.11,77.92,73.69,73.91
2024-08-17,1016,71.27,72.53,79.99,74.6
2024-08-18,1016,67.71,70.86,70.96,69.84
2024-08-19,1016,78.89,70.61,75.67,75.06
2024-08-20,1016,75.5,78.95,67.41,73.95
2024-08-21,1016,71.8,70.26,65.74,69.27
2024-08-22,1016,81.65,73.15,67.86,74.22
2024-08-23,1016,73.43,74.06,73.24,73.58
2024-08-24,1016,80.13,77.73,70.55,76.14
2024-08-25,1016,70.79,74.95,64.16,69.97
2024-08-26,1016,69.92,69.63,68.85,69.47
2024-08-27,1016,69.07,78.69,80.97,76.24
2024-08-28,1016,75.48,74.29,71.46,73.74
2024-08-29,1016,79.89,75.39,83.62,79.63
2024-08-30,1016,75.96,76.3,77.5,76.59
2024-08-31,1016,81.35,68.87,73.55,74.59
2024-09-01,1016,78.13,77.19,83.3,79.54
2024-09-02,1016,79.94,80.14,84.73,81.6
2024-09-03,1016,65.74,78.13,81.87,75.25
2024-09-04,1016,75.81,72.09,73.17,73.69
2024-09-05,1016,69.18,75.19,71.17,71.85
2024-09-06,1016,80.45,69.54,68.05,72.68
2024-09-07,1016,68.07,74.31,77.66,73.35
2024-09-08,1016,78.58,74.51,63.92,72.34
2024-09-09,1016,68.62,78.16,78.2,74.99
2024-09-10,1016,71.76,71.12,77.87,73.58
2024-09-11,1016,70.97,73.06,69.62,71.22
2024-09-12,1016,72.56,73.06,71.26,72.29
2024-09-13,1016,69.74,72.15,75.33,72.41
2024-09-14,1016,80.79,78.16,85.07,81.34
2024-09-15,1016,75.14,69.87,79.23,74.75
2024-09-16,1016,76.69,73.61,74.8,75.03
2024-09-17,1016,79.68,78.32,80.64,79.55
2024-09-18,1016,69.85,78.88,67.52,72.08
2024-09-19,1016,75.82,73.27,78.25,75.78
2024-09-20,1016,75.92,70.76,78.59,75.09
2024-09-21,1016,71.91,71.93,74.62,72.82
2024-09-22,1016,78.97,76.85,73.8,76.54
2024-09-23,1016,71.23,78.41,71.69,73.78
2024-09-24,1016,69.84,69.06,76.81,71.9
2024-09-25,1016,74.29,77.82,79.86,77.32
2024-09-26,1016,71.14,79.42,64.34,71.63
2024-09-27,1016,75.39,68.43,79.16,74.33
2024-09-28,1016,72.28,74.5,66.73,71.17
2024-09-29,1016,76.95,75.32,73.83,75.37
2024-09-30,1016,70.37,69.49,83.11,74.32
2024-10-01,1016,72.94,77.32,76.15,75.47
2024-10-02,1016,70.35,69.97,65.09,68.47
2024-10-03,1016,76.8,79.21,70.9,75.64
2024-10-04,1016,81.36,72.04,84.44,79.28
2024-10-05,1016,75.7,78.04,63.77,72.5
2024-10-06,1016,75.05,75.49,83.32,77.95
2024-10-07,1016,68.78,68.42,80.44,72.55
2024-10-08,1016,72.09,68.56,68.36,69.67
2024-10-09,1016,67.05,69.77,78.77,71.86
2024-10-10,1016,78.64,69.86,83.76,77.42
2024-10-11,1016,70.91,70.56,74.87,72.11
2024-10-12,1016,76.15,72.66,63.75,70.85
2024-10-13,1016,66.56,73.67,77.28,72.5
2024-10-14,1016,74.08,70.8,66.28,70.39
2024-10-15,1016,69.35,77.1,79.53,75.33
2024-10-16,1016,76.6,72.44,72.65,73.9
2024-10-17,1016,73.02,76.09,75.15,74.75
2024-10-18,1016,68.61,73.2,74.98,72.26
2024-10-19,1016,72.33,79.91,65.53,72.59
2024-10-20,1016,69.09,75.76,64.01,69.62
2024-10-21,1016,76.52,78.74,80.92,78.73
2024-10-22,1016,65.85,72.02,81.09,72.99
2024-10-23,1016,72.52,70.68,71.89,71.7
2024-10-24,1016,80.67,75.01,81.91,79.2
2024-10-25,1016,73.48,68.35,76.8,72.88
2024-10-26,1016,72.62,77.07,84.56,78.08
2024-10-27,1016,79.27,72.3,66.3,72.62
2024-10-28,1016,67.96,72.24,73.48,71.23
2024-10-29,1016,72.32,79.4,66.73,72.82
2024-10-30,1016,73.69,70.54,74.0,72.74
2024-10-31,1016,79.47,75.1,82.45,79.01
2024-11-01,1016,77.75,73.38,64.77,71.97
2024-11-02,1016,68.5,70.09,69.66,69.42
2024-11-03,1016,69.58,69.8,78.71,72.7
2024-11-04,1016,69.17,79.56,71.71,73.48
2024-11-05,1016,68.92,70.87,65.03,68.27
2024-11-06,1016,80.95,78.45,82.0,80.47
2024-11-07,1016,68.76,72.94,77.41,73.04
2024-11-08,1016,79.07,73.96,79.11,77.38
2024-11-09,1016,80.5,74.54,77.46,77.5
2024-11-10,1016,72.2,74.59,63.56,70.12
2024-11-11,1016,80.52,69.37,73.36,74.42
2024-11-12,1016,76.82,75.33,69.38,73.84
2024-11-13,1016,78.2,72.18,78.01,76.13
2024-11-14,1016,74.43,77.86,67.83,73.37
2024-11-15,1016,66.6,75.51,67.34,69.82
2024-11-16,1016,74.09,69.93,64.32,69.45
2024-11-17,1016,76.28,75.95,66.35,72.86
2024-11-18,1016,72.95,77.85,70.54,73.78
2024-11-19,1016,68.82,71.82,78.87,73.17
2024-11-20,1016,68.36,72.51,65.93,68.93
2024-11-21,1016,76.61,68.33,64.46,69.8
2024-11-22,1016,79.91,80.14,72.42,77.49
2024-11-23,1016,76.4,69.93,69.81,72.05
2024-11-24,1016,68.77,69.41,72.29,70.16
2024-11-25,1016,77.6,69.67,80.76,76.01
2024-11-26,1016,74.96,79.7,75.92,76.86
2024-11-27,1016,71.82,74.02,67.52,71.12
2024-11-28,1016,77.51,75.39,64.88,72.59
2024-11-29,1016,70.52,68.87,77.22,72.2
2024-11-30,1016,65.93,68.79,84.28,73.0
2024-12-01,1016,77.06,70.96,78.76,75.59
2024-12-02,1016,69.26,68.61,64.11,67.33
2024-12-03,1016,70.23,74.19,80.68,75.03
2024-12-04,1016,65.55,75.08,65.91,68.85
2024-12-05,1016,76.37,76.01,76.87,76.42
2024-12-06,1016,79.46,68.48,67.17,71.7
2024-12-07,1016,71.21,76.09,75.54,74.28
2024-12-08,1016,78.66,80.12,63.79,74.19
2024-12-09,1016,65.52,75.63,65.86,69.0
2024-12-10,1016,71.26,74.18,71.13,72.19
2024-12-11,1016,75.74,78.47,68.12,74.11
2024-12-12,1016,74.58,72.67,77.44,74.9
2024-12-13,1016,74.06,68.57,74.44,72.36
2024-12-14,1016,67.21,80.1,76.64,74.65
2024-12-15,1016,74.72,78.81,74.73,76.09
2024-12-16,1016,71.7,71.73,78.85,74.09
2024-12-17,1016,71.39,78.47,79.58,76.48
2024-12-18,1016,66.58,68.92,65.97,67.16
2024-12-19,1016,76.16,75.47,77.56,76.4
2024-12-20,1016,68.74,75.72,76.05,73.5
2024-12-21,1016,66.32,76.09,79.62,74.01
2024-12-22,1016,66.33,79.74,65.58,70.55
2024-12-23,1016,72.34,69.48,79.72,73.85
2024-12-24,1016,75.63,68.83,71.74,72.07
2024-12-25,1016,75.89,69.88,82.31,76.03
2024-12-26,1016,80.64,79.53,75.42,78.53
2024-12-27,1016,77.05,74.72,83.91,78.56
2024-12-28,1016,70.52,77.91,65.34,71.26
2024-12-29,1016,66.55,73.21,74.57,71.44
2024-12-30,1016,81.03,79.96,74.98,78.66
2024-01-01,1017,30.19,26.47,27.07,27.91
2024-01-02,1017,24.6,28.53,27.96,27.03
2024-01-03,1017,29.09,25.28,26.09,26.82
2024-01-04,1017,25.58,27.64,27.77,27.0
2024-01-05,1017,26.73,26.06,23.52,25.44
2024-01-06,1017,25.46,29.37,25.03,26.62
2024-01-07,1017,24.85,27.82,25.96,26.21
2024-01-08,1017,26.72,28.18,29.67,28.19
2024-01-09,1017,29.83,25.44,23.46,26.24
2024-01-10,1017,25.84,26.4,28.93,27.06
2024-01-11,1017,29.51,28.25,26.33,28.03
2024-01-12,1017,26.99,26.01,23.68,25.56
2024-01-13,1017,27.99,28.22,24.57,26.93
2024-01-14,1017,24.18,26.77,27.42,26.12
2024-01-15,1017,28.54,26.35,29.27,28.05
2024-01-16,1017,27.47,28.25,23.78,26.5
2024-01-17,1017,29.36,27.92,26.87,28.05
2024-01-18,1017,27.67,26.67,24.97,26.44
2024-01-19,1017,26.21,27.53,24.73,26.16
2024-01-20,1017,27.07,28.54,27.34,27.65
2024-01-21,1017,29.29,29.61,28.54,29.15
2024-01-22,1017,29.48,29.45,28.08,29.0
2024-01-23,1017,25.89,29.01,28.26,27.72
2024-01-24,1017,29.34,28.48,25.08,27.63
2024-01-25,1017,27.52,29.39,30.04,28.98
2024-01-26,1017,26.0,28.09,26.9,27.0
2024-01-27,1017,26.05,28.35,27.42,27.27
2024-01-28,1017,29.57,26.84,25.71,27.37
2024-01-29,1017,27.46,25.91,30.08,27.82
2024-01-30,1017,24.92,29.56,27.09,27.19
2024-01-31,1017,28.48,28.9,24.17,27.18
2024-02-01,1017,28.91,29.47,30.77,29.72
2024-02-02,1017,26.37,25.8,24.15,25.44
2024-02-03,1017,27.6,28.0,27.22,27.61
2024-02-04,1017,27.72,25.55,27.4,26.89
2024-02-05,1017,27.75,25.73,24.5,25.99
2024-02-06,1017,26.01,26.96,31.3,28.09
2024-02-07,1017,26.23,29.0,31.51,28.91
2024-02-08,1017,25.04,28.6,24.53,26.06
2024-02-09,1017,26.31,25.59,30.4,27.43
2024-02-10,1017,27.86,28.08,29.51,28.48
2024-02-11,1017,27.98,28.35,26.2,27.51
2024-02-12,1017,27.48,26.85,27.79,27.37
2024-02-13,1017,24.61,27.78,28.08,26.82
2024-02-14,1017,29.0,26.5,30.52,28.67
2024-02-15,1017,28.83,27.96,27.67,28.15
2024-02-16,1017,25.1,26.53,28.4,26.68
2024-02-17,1017,26.65,29.0,25.39,27.01
2024-02-18,1017,25.72,27.42,31.14,28.09
2024-02-19,1017,26.75,25.47,27.49,26.57
2024-02-20,1017,28.71,26.93,28.62,28.09
2024-02-21,1017,29.14,28.87,25.68,27.9
2024-02-22,1017,30.01,29.31,26.3,28.54
2024-02-23,1017,25.74,28.91,25.55,26.73
2024-02-24,1017,27.23,28.97,27.69,27.96
2024-02-25,1017,27.57,27.83,28.09,27.83
2024-02-26,1017,29.66,27.51,29.26,28.81
2024-02-27,1017,28.24,28.43,25.49,27.39
2024-02-28,1017,25.95,29.21,28.45,27.87
2024-02-29,1017,26.59,28.95,27.31,27.62
2024-03-01,1017,28.15,29.65,24.55,27.45
2024-03-02,1017,29.23,27.88,31.07,29.39
2024-03-03,1017,24.99,27.9,27.61,26.83
2024-03-04,1017,27.57,25.48,30.54,27.86
2024-03-05,1017,24.26,25.47,27.87,25.87
2024-03-06,1017,26.25,25.85,28.9,27.0
2024-03-07,1017,26.99,28.19,27.41,27.53
2024-03-08,1017,28.31,27.97,30.37,28.88
2024-03-09,1017,25.21,28.86,25.1,26.39
2024-03-10,1017,29.73,27.85,29.72,29.1
2024-03-11,1017,25.54,26.42,23.76,25.24
2024-03-12,1017,28.24,28.28,30.55,29.02
2024-03-13,1017,28.46,28.56,24.87,27.3
2024-03-14,1017,26.42,27.45,28.41,27.43
2024-03-15,1017,28.76,27.6,25.15,27.17
2024-03-16,1017,24.92,27.49,23.77,25.39
2024-03-17,1017,29.25,28.47,27.15,28.29
2024-03-18,1017,28.72,27.35,30.74,28.94
2024-03-19,1017,25.46,28.2,29.42,27.69
2024-03-20,1017,24.23,26.41,26.0,25.55
2024-03-21,1017,24.8,29.44,24.84,26.36
2024-03-22,1017,29.36,28.56,26.25,28.06
2024-03-23,1017,26.47,26.92,25.3,26.23
2024-03-24,1017,25.86,26.33,23.49,25.23
2024-03-25,1017,25.84,28.34,26.73,26.97
2024-03-26,1017,25.75,27.01,26.49,26.42
2024-03-27,1017,25.99,29.06,29.66,28.24
2024-03-28,1017,27.23,26.44,23.95,25.87
2024-03-29,1017,24.51,25.65,25.51,25.22
2024-03-30,1017,24.88,26.26,25.5,25.55
2024-03-31,1017,24.6,28.35,26.52,26.49
2024-04-01,1017,25.53,26.29,31.46,27.76
2024-04-02,1017,27.89,26.39,24.2,26.16
2024-04-03,1017,26.85,28.04,27.91,27.6
2024-04-04,1017,28.84,26.83,23.41,26.36
2024-04-05,1017,26.62,29.59,24.51,26.91
2024-04-06,1017,27.04,28.76,26.15,27.32
2024-04-07,1017,26.98,28.72,24.18,26.63
2024-04-08,1017,25.86,27.9,30.77,28.18
2024-04-09,1017,28.86,26.4,30.16,28.47
2024-04-10,1017,26.28,26.34,25.23,25.95
2024-04-11,1017,28.2,27.81,28.68,28.23
2024-04-12,1017,24.95,27.77,25.61,26.11
2024-04-13,1017,28.94,29.18,29.46,29.19
2024-04-14,1017,29.72,27.18,31.09,29.33
2024-04-15,1017,29.76,28.17,23.41,27.11
2024-04-16,1017,29.51,26.09,26.63,27.41
2024-04-17,1017,29.28,28.89,30.82,29.66
2024-04-18,1017,24.67,29.37,27.26,27.1
2024-04-19,1017,26.29,28.82,29.4,28.17
2024-04-20,1017,29.67,26.21,28.52,28.13
2024-04-21,1017,24.22,27.75,28.53,26.83
2024-04-22,1017,29.31,25.71,25.12,26.71
2024-04-23,1017,25.7,29.64,26.27,27.2
2024-04-24,1017,28.27,26.33,28.52,27.71
2024-04-25,1017,29.34,28.51,24.61,27.49
2024-04-26,1017,24.71,27.31,25.49,25.84
2024-04-27,1017,25.12,25.8,25.56,25.49
2024-04-28,1017,24.28,27.03,25.46,25.59
2024-04-29,1017,29.99,26.23,28.18,28.13
2024-04-30,1017,26.62,28.28,25.84,26.91
2024-05-01,1017,29.9,28.42,26.42,28.25
2024-05-02,1017,24.79,28.17,25.74,26.23
2024-05-03,1017,26.76,28.24,29.66,28.22
2024-05-04,1017,28.84,26.67,24.78,26.76
2024-05-05,1017,30.03,28.04,31.46,29.84
2024-05-06,1017,25.04,25.44,23.61,24.7
2024-05-07,1017,27.26,26.7,26.11,26.69
2024-05-08,1017,28.8,27.82,30.88,29.17
2024-05-09,1017,27.64,29.54,23.56,26.91
2024-05-10,1017,24.49,27.81,29.95,27.42
2024-05-11,1017,28.35,25.53,30.08,27.99
2024-05-12,1017,25.83,28.05,31.38,28.42
2024-05-13,1017,26.39,28.94,27.19,27.51
2024-05-14,1017,25.74,27.03,26.08,26.28
2024-05-15,1017,28.75,27.19,27.5,27.81
2024-05-16,1017,27.77,29.23,24.99,27.33
2024-05-17,1017,25.77,28.2,30.96,28.31
2024-05-18,1017,24.46,29.1,28.76,27.44
2024-05-19,1017,24.87,25.48,29.55,26.63
2024-05-20,1017,26.56,27.38,24.74,26.23
2024-05-21,1017,28.27,25.62,27.91,27.27
2024-05-22,1017,26.54,25.71,24.77,25.67
2024-05-23,1017,28.69,25.59,30.43,28.24
2024-05-24,1017,26.03,28.88,24.85,26.59
2024-05-25,1017,29.84,26.62,30.9,29.12
2024-05-26,1017,29.63,29.32,27.43,28.79
2024-05-27,1017,26.13,27.1,29.27,27.5
2024-05-28,1017,24.61,27.56,24.35,25.51
2024-05-29,1017,29.23,26.11,30.0,28.45
2024-05-30,1017,25.58,26.26,27.17,26.34
2024-05-31,1017,29.92,25.94,28.06,27.97
2024-06-01,1017,29.3,28.87,25.89,28.02
2024-06-02,1017,27.16,26.82,26.75,26.91
2024-06-03,1017,27.9,27.74,27.15,27.6
2024-06-04,1017,25.22,25.77,28.47,26.49
2024-06-05,1017,26.31,28.65,28.41,27.79
2024-06-06,1017,27.98,29.16,28.66,28.6
2024-06-07,1017,28.5,29.2,29.71,29.14
2024-06-08,1017,29.63,27.99,30.51,29.38
2024-06-09,1017,29.29,26.03,28.79,28.04
2024-06-10,1017,26.61,27.77,27.62,27.33
2024-06-11,1017,24.77,26.42,25.37,25.52
2024-06-12,1017,28.78,25.57,27.34,27.23
2024-06-13,1017,28.44,29.08,23.72,27.08
2024-06-14,1017,29.15,27.49,27.79,28.14
2024-06-15,1017,25.81,25.35,23.89,25.02
2024-06-16,1017,29.41,29.48,31.11,30.0
2024-06-17,1017,25.91,25.93,28.61,26.82
2024-06-18,1017,28.26,27.74,30.45,28.82
2024-06-19,1017,26.83,27.3,31.2,28.44
2024-06-20,1017,28.13,27.17,25.67,26.99
2024-06-21,1017,26.24,29.09,27.5,27.61
2024-06-22,1017,24.8,29.24,26.7,26.91
2024-06-23,1017,29.22,26.39,23.97,26.53
2024-06-24,1017,26.05,27.21,30.09,27.78
2024-06-25,1017,29.27,27.43,30.16,28.95
2024-06-26,1017,25.17,29.29,30.73,28.4
2024-06-27,1017,29.11,27.09,27.08,27.76
2024-06-28,1017,25.5,26.65,29.83,27.33
2024-06-29,1017,30.2,26.95,25.38,27.51
2024-06-30,1017,24.59,27.98,23.64,25.4
2024-07-01,1017,26.02,27.32,30.98,28.11
2024-07-02,1017,28.15,25.29,25.53,26.32
2024-07-03,1017,30.1,25.95,25.79,27.28
2024-07-04,1017,25.69,27.21,28.63,27.18
2024-07-05,1017,28.45,27.28,27.93,27.89
2024-07-06,1017,27.54,29.32,27.55,28.14
2024-07-07,1017,27.32,27.59,29.0,27.97
2024-07-08,1017,28.87,28.24,27.31,28.14
2024-07-09,1017,24.81,28.87,25.09,26.26
2024-07-10,1017,24.27,25.97,26.45,25.56
2024-07-11,1017,28.78,28.65,30.08,29.17
2024-07-12,1017,29.41,27.57,27.22,28.07
2024-07-13,1017,28.93,27.15,24.39,26.82
2024-07-14,1017,29.54,29.62,26.28,28.48
2024-07-15,1017,29.14,26.18,30.95,28.76
2024-07-16,1017,27.51,28.3,28.44,28.08
2024-07-17,1017,27.73,28.04,30.94,28.9
2024-07-18,1017,24.21,25.72,30.41,26.78
2024-07-19,1017,25.56,27.9,28.09,27.18
2024-07-20,1017,28.78,29.37,23.78,27.31
2024-07-21,1017,29.02,28.74,29.27,29.01
2024-07-22,1017,24.81,27.97,30.11,27.63
2024-07-23,1017,28.97,28.34,23.84,27.05
2024-07-24,1017,25.36,25.39,30.84,27.2
2024-07-25,1017,28.88,25.47,25.69,26.68
2024-07-26,1017,24.23,26.7,25.11,25.35
2024-07-27,1017,26.62,25.6,28.27,26.83
2024-07-28,1017,25.91,29.58,26.96,27.48
2024-07-29,1017,27.3,29.38,29.4,28.69
2024-07-30,1017,25.07,27.47,29.34,27.29
2024-07-31,1017,24.77,26.95,30.9,27.54
2024-08-01,1017,26.12,25.84,27.24,26.4
2024-08-02,1017,27.2,26.0,28.97,27.39
2024-08-03,1017,29.3,28.91,27.23,28.48
2024-08-04,1017,28.25,25.34,24.35,25.98
2024-08-05,1017,26.82,27.66,29.71,28.06
2024-08-06,1017,26.84,26.92,26.08,26.61
2024-08-07,1017,24.29,29.47,29.73,27.83
2024-08-08,1017,26.03,28.01,28.42,27.49
2024-08-09,1017,25.44,25.49,27.6,26.18
2024-08-10,1017,29.88,25.89,23.36,26.38
2024-08-11,1017,28.44,27.81,27.42,27.89
2024-08-12,1017,26.44,27.95,24.72,26.37
2024-08-13,1017,25.79,27.47,31.27,28.18
2024-08-14,1017,26.87,28.07,25.09,26.68
2024-08-15,1017,29.47,26.71,30.17,28.78
2024-08-16,1017,29.67,25.67,31.11,28.82
2024-08-17,1017,27.42,28.59,23.4,26.47
2024-08-18,1017,28.89,25.96,26.79,27.21
2024-08-19,1017,26.84,28.81,25.81,27.15
2024-08-20,1017,24.36,27.86,29.47,27.23
2024-08-21,1017,28.55,25.52,27.74,27.27
2024-08-22,1017,24.24,28.84,29.21,27.43
2024-08-23,1017,28.8,29.52,31.0,29.77
2024-08-24,1017,28.21,28.83,29.83,28.96
2024-08-25,1017,25.77,28.86,30.02,28.22
2024-08-26,1017,29.16,26.64,23.75,26.52
2024-08-27,1017,28.94,26.87,23.87,26.56
2024-08-28,1017,28.18,27.13,24.36,26.56
2024-08-29,1017,25.52,28.85,31.42,28.6
2024-08-30,1017,26.09,25.35,24.92,25.45
2024-08-31,1017,29.5,26.09,27.64,27.74
2024-09-01,1017,26.14,29.1,27.0,27.41
2024-09-02,1017,24.87,28.0,27.88,26.92
2024-09-03,1017,25.08,25.62,25.77,25.49
2024-09-04,1017,28.23,27.94,28.67,28.28
2024-09-05,1017,26.77,25.68,23.96,25.47
2024-09-06,1017,26.57,26.55,25.94,26.35
2024-09-07,1017,25.39,28.33,24.36,26.03
2024-09-08,1017,29.86,28.92,28.95,29.24
2024-09-09,1017,25.23,26.37,25.36,25.65
2024-09-10,1017,24.33,26.94,25.37,25.55
2024-09-11,1017,27.29,27.13,26.37,26.93
2024-09-12,1017,29.96,27.1,25.93,27.66
2024-09-13,1017,28.04,25.34,29.51,27.63
2024-09-14,1017,25.12,27.56,29.47,27.38
2024-09-15,1017,25.34,25.55,28.65,26.51
2024-09-16,1017,28.8,26.14,31.39,28.78
2024-09-17,1017,27.54,27.7,26.99,27.41
2024-09-18,1017,27.95,26.17,27.69,27.27
2024-09-19,1017,26.54,29.44,29.61,28.53
2024-09-20,1017,26.73,28.66,30.1,28.5
2024-09-21,1017,24.74,25.37,27.86,25.99
2024-09-22,1017,28.57,27.45,29.9,28.64
2024-09-23,1017,26.02,26.42,28.29,26.91
2024-09-24,1017,27.32,26.26,28.49,27.36
2024-09-25,1017,24.83,28.97,24.24,26.01
2024-09-26,1017,26.98,27.77,27.52,27.42
2024-09-27,1017,30.11,27.36,24.04,27.17
2024-09-28,1017,28.85,25.4,29.61,27.95
2024-09-29,1017,25.62,26.26,27.39,26.42
2024-09-30,1017,26.39,26.68,27.14,26.74
2024-10-01,1017,28.44,29.14,25.63,27.74
2024-10-02,1017,25.27,25.44,28.44,26.38
2024-10-03,1017,30.09,26.55,30.78,29.14
2024-10-04,1017,27.2,25.61,29.38,27.4
2024-10-05,1017,28.55,27.22,29.55,28.44
2024-10-06,1017,25.24,27.33,31.03,27.87
2024-10-07,1017,24.24,28.39,28.31,26.98
2024-10-08,1017,25.05,26.41,31.54,27.67
2024-10-09,1017,28.55,28.26,25.21,27.34
2024-10-10,1017,25.29,28.17,27.4,26.95
2024-10-11,1017,29.89,27.5,27.96,28.45
2024-10-12,1017,29.95,25.73,30.32,28.67
2024-10-13,1017,29.33,26.46,26.71,27.5
2024-10-14,1017,28.73,25.75,30.87,28.45
2024-10-15,1017,24.87,26.45,26.67,26.0
2024-10-16,1017,29.53,25.3,29.71,28.18
2024-10-17,1017,25.42,27.93,27.77,27.04
2024-10-18,1017,24.57,25.55,23.45,24.52
2024-10-19,1017,26.08,26.77,24.43,25.76
2024-10-20,1017,28.25,28.52,28.16,28.31
2024-10-21,1017,25.69,29.23,29.65,28.19
2024-10-22,1017,27.47,26.71,24.13,26.1
2024-10-23,1017,29.4,27.92,26.58,27.97
2024-10-24,1017,26.65,27.36,28.95,27.65
2024-10-25,1017,24.3,25.81,30.37,26.83
2024-10-26,1017,27.69,29.24,30.85,29.26
2024-10-27,1017,28.58,25.71,30.71,28.33
2024-10-28,1017,27.85,28.68,27.88,28.14
2024-10-29,1017,26.48,26.67,31.51,28.22
2024-10-30,1017,27.34,28.65,29.54,28.51
2024-10-31,1017,26.94,28.37,29.91,28.41
2024-11-01,1017,30.02,25.41,26.1,27.18
2024-11-02,1017,29.6,26.52,25.46,27.19
2024-11-03,1017,28.14,28.87,29.87,28.96
2024-11-04,1017,24.65,26.61,23.64,24.97
2024-11-05,1017,27.53,26.58,27.34,27.15
2024-11-06,1017,28.09,28.22,30.17,28.83
2024-11-07,1017,28.32,25.51,24.25,26.03
2024-11-08,1017,26.31,25.9,24.95,25.72
2024-11-09,1017,26.88,25.93,28.93,27.25
2024-11-10,1017,28.91,26.32,29.04,28.09
2024-11-11,1017,25.57,25.67,25.51,25.58
2024-11-12,1017,26.18,27.08,30.79,28.02
2024-11-13,1017,29.06,29.14,31.0,29.73
2024-11-14,1017,26.81,27.51,31.02,28.45
2024-11-15,1017,28.77,27.78,30.05,28.87
2024-11-16,1017,25.66,29.23,24.25,26.38
2024-11-17,1017,24.32,26.3,26.08,25.57
2024-11-18,1017,26.81,26.16,30.39,27.79
2024-11-19,1017,27.98,29.27,30.49,29.25
2024-11-20,1017,29.24,28.69,30.78,29.57
2024-11-21,1017,26.6,28.05,26.84,27.16
2024-11-22,1017,26.32,28.75,28.56,27.88
2024-11-23,1017,30.02,28.16,24.97,27.72
2024-11-24,1017,24.55,27.58,27.9,26.68
2024-11-25,1017,29.88,26.52,24.62,27.01
2024-11-26,1017,28.27,26.28,27.87,27.47
2024-11-27,1017,26.78,27.83,31.12,28.58
2024-11-28,1017,29.21,26.94,28.24,28.13
2024-11-29,1017,25.12,27.78,27.84,26.91
2024-11-30,1017,30.04,28.4,27.3,28.58
2024-12-01,1017,24.98,27.67,24.83,25.83
2024-12-02,1017,26.34,27.17,26.81,26.77
2024-12-03,1017,27.9,25.54,30.25,27.9
2024-12-04,1017,26.44,27.97,23.98,26.13
2024-12-05,1017,27.05,29.24,28.08,28.12
2024-12-06,1017,26.91,27.75,30.22,28.29
2024-12-07,1017,27.74,28.45,24.0,26.73
2024-12-08,1017,29.03,27.5,25.6,27.38
2024-12-09,1017,30.12,26.86,28.69,28.56
2024-12-10,1017,24.4,26.54,30.83,27.26
2024-12-11,1017,25.45,29.65,29.09,28.06
2024-12-12,1017,29.64,27.66,28.95,28.75
2024-12-13,1017,29.48,26.05,29.42,28.32
2024-12-14,1017,30.1,26.82,24.22,27.05
2024-12-15,1017,27.08,26.46,27.24,26.93
2024-12-16,1017,24.26,27.98,27.96,26.73
2024-12-17,1017,29.51,26.48,30.19,28.73
2024-12-18,1017,26.43,27.49,29.37,27.76
2024-12-19,1017,28.3,26.9,24.14,26.45
2024-12-20,1017,27.15,28.64,29.32,28.37
2024-12-21,1017,24.29,27.01,29.64,26.98
2024-12-22,1017,30.06,27.93,24.54,27.51
2024-12-23,1017,27.81,28.87,28.53,28.4
2024-12-24,1017,29.31,26.43,30.52,28.75
2024-12-25,1017,30.13,29.44,28.07,29.21
2024-12-26,1017,26.68,26.07,27.63,26.79
2024-12-27,1017,28.23,25.78,23.85,25.95
2024-12-28,1017,26.1,26.4,26.13,26.21
2024-12-29,1017,29.63,26.25,28.98,28.29
2024-12-30,1017,26.11,29.38,26.87,27.45
2024-01-01,1018,92.51,108.69,96.85,99.35
2024-01-02,1018,96.86,94.93,105.21,99.0
2024-01-03,1018,89.51,109.38,91.51,96.8
2024-01-04,1018,93.2,95.24,90.97,93.14
2024-01-05,1018,104.42,100.26,102.7,102.46
2024-01-06,1018,93.17,99.28,88.51,93.65
2024-01-07,1018,104.84,104.43,103.14,104.14
2024-01-08,1018,99.4,97.45,89.33,95.39
2024-01-09,1018,101.07,96.78,111.85,103.23
2024-01-10,1018,108.18,107.61,116.66,110.82
2024-01-11,1018,94.48,103.58,107.79,101.95
2024-01-12,1018,108.33,100.27,92.91,100.5
2024-01-13,1018,110.97,105.58,86.49,101.01
2024-01-14,1018,91.63,99.65,96.63,95.97
2024-01-15,1018,103.11,106.37,97.64,102.37
2024-01-16,1018,99.16,103.34,101.34,101.28
2024-01-17,1018,99.86,97.32,115.11,104.1
2024-01-18,1018,106.02,94.66,88.38,96.35
2024-01-19,1018,98.76,95.98,112.35,102.36
2024-01-20,1018,90.92,103.03,89.87,94.61
2024-01-21,1018,101.52,95.86,110.29,102.56
2024-01-22,1018,99.88,108.42,95.38,101.23
2024-01-23,1018,91.23,104.78,92.12,96.04
2024-01-24,1018,96.79,97.98,108.75,101.17
2024-01-25,1018,105.55,104.72,107.47,105.91
2024-01-26,1018,96.07,105.47,93.29,98.28
2024-01-27,1018,96.07,106.04,95.83,99.31
2024-01-28,1018,104.26,95.27,94.34,97.96
2024-01-29,1018,93.49,95.12,88.59,92.4
2024-01-30,1018,90.31,96.88,107.44,98.21
2024-01-31,1018,106.9,95.53,98.42,100.28
2024-02-01,1018,102.82,104.95,115.3,107.69
2024-02-02,1018,104.31,109.03,107.56,106.97
2024-02-03,1018,91.52,96.17,116.25,101.31
2024-02-04,1018,110.71,101.51,111.79,108.0
2024-02-05,1018,103.12,109.63,87.38,100.04
2024-02-06,1018,98.16,99.48,113.7,103.78
2024-02-07,1018,107.64,94.22,88.95,96.94
2024-02-08,1018,101.11,107.66,101.51,103.43
2024-02-09,1018,95.94,108.63,93.95,99.51
2024-02-10,1018,90.49,94.02,101.43,95.31
2024-02-11,1018,95.98,101.18,98.33,98.5
2024-02-12,1018,105.23,104.4,98.31,102.65
2024-02-13,1018,109.26,101.04,92.28,100.86
2024-02-14,1018,105.96,98.51,95.32,99.93
2024-02-15,1018,101.32,105.02,98.39,101.58
2024-02-16,1018,109.51,101.93,111.16,107.53
2024-02-17,1018,109.67,101.27,96.01,102.32
2024-02-18,1018,100.5,106.79,91.9,99.73
2024-02-19,1018,94.88,100.57,115.68,103.71
2024-02-20,1018,105.5,105.2,104.35,105.02
2024-02-21,1018,95.01,109.65,94.45,99.7
2024-02-22,1018,100.78,93.77,90.26,94.94
2024-02-23,1018,92.63,100.99,94.03,95.88
2024-02-24,1018,97.45,94.18,115.88,102.5
2024-02-25,1018,98.5,107.44,97.21,101.05
2024-02-26,1018,98.33,103.82,100.74,100.96
2024-02-27,1018,91.89,100.97,103.98,98.95
2024-02-28,1018,105.8,95.56,106.22,102.53
2024-02-29,1018,102.31,98.51,91.29,97.37
2024-03-01,1018,93.75,108.9,113.65,105.43
2024-03-02,1018,107.0,97.41,102.28,102.23
2024-03-03,1018,103.1,109.57,97.45,103.37
2024-03-04,1018,108.96,107.47,91.76,102.73
2024-03-05,1018,91.5,104.03,98.07,97.87
2024-03-06,1018,90.54,98.19,100.36,96.36
2024-03-07,1018,91.3,106.45,114.08,103.94
2024-03-08,1018,103.94,108.93,95.44,102.77
2024-03-09,1018,110.73,95.64,115.98,107.45
2024-03-10,1018,99.61,102.04,110.83,104.16
2024-03-11,1018,98.68,106.3,115.21,106.73
2024-03-12,1018,108.71,104.04,110.71,107.82
2024-03-13,1018,105.38,109.1,112.63,109.04
2024-03-14,1018,94.7,102.47,107.93,101.7
2024-03-15,1018,96.31,105.95,113.05,105.1
2024-03-16,1018,97.69,100.03,97.77,98.5
2024-03-17,1018,89.82,100.56,93.15,94.51
2024-03-18,1018,93.97,100.78,94.78,96.51
2024-03-19,1018,101.59,103.94,114.32,106.62
2024-03-20,1018,95.68,99.97,105.97,100.54
2024-03-21,1018,91.06,108.06,115.24,104.79
2024-03-22,1018,92.53,104.9,92.51,96.65
2024-03-23,1018,96.66,108.34,86.72,97.24
2024-03-24,1018,105.02,103.95,106.71,105.23
2024-03-25,1018,101.03,105.21,105.7,103.98
2024-03-26,1018,90.71,95.36,96.77,94.28
2024-03-27,1018,93.36,106.09,112.87,104.11
2024-03-28,1018,110.67,102.13,116.63,109.81
2024-03-29,1018,100.47,93.8,115.94,103.4
2024-03-30,1018,110.68,95.72,107.04,104.48
2024-03-31,1018,106.78,99.56,86.53,97.62
2024-04-01,1018,104.63,96.59,111.98,104.4
2024-04-02,1018,96.02,103.89,89.4,96.44
2024-04-03,1018,109.12,94.62,111.59,105.11
2024-04-04,1018,93.88,95.09,102.19,97.05
2024-04-05,1018,99.67,99.7,96.66,98.68
2024-04-06,1018,89.79,106.02,94.02,96.61
2024-04-07,1018,96.17,94.95,89.8,93.64
2024-04-08,1018,92.37,105.49,95.12,97.66
2024-04-09,1018,93.2,109.44,91.7,98.11
2024-04-10,1018,97.69,108.89,112.03,106.2
2024-04-11,1018,99.58,95.01,109.64,101.41
2024-04-12,1018,100.16,108.47,91.54,100.06
2024-04-13,1018,92.42,107.21,115.86,105.16
2024-04-14,1018,98.09,106.65,86.63,97.12
2024-04-15,1018,98.43,98.79,112.89,103.37
2024-04-16,1018,95.45,108.25,108.77,104.16
2024-04-17,1018,89.95,104.94,108.67,101.19
2024-04-18,1018,103.4,96.33,115.16,104.96
2024-04-19,1018,93.54,104.21,100.84,99.53
2024-04-20,1018,104.06,96.3,102.88,101.08
2024-04-21,1018,90.48,109.49,91.1,97.02
2024-04-22,1018,95.94,96.31,91.73,94.66
2024-04-23,1018,99.76,95.11,113.25,102.71
2024-04-24,1018,98.46,99.36,102.34,100.05
2024-04-25,1018,109.4,98.59,103.94,103.98
2024-04-26,1018,91.65,96.49,110.73,99.62
2024-04-27,1018,111.04,101.92,92.03,101.66
2024-04-28,1018,97.22,105.18,110.0,104.13
2024-04-29,1018,96.44,101.81,107.23,101.83
2024-04-30,1018,103.93,104.07,101.35,103.12
2024-05-01,1018,109.05,105.38,95.9,103.44
2024-05-02,1018,109.35,96.33,102.0,102.56
2024-05-03,1018,104.69,94.69,106.5,101.96
2024-05-04,1018,94.2,105.59,114.54,104.78
2024-05-05,1018,109.9,96.72,114.76,107.13
2024-05-06,1018,99.41,98.73,94.91,97.68
2024-05-07,1018,100.13,94.86,110.76,101.92
2024-05-08,1018,107.79,98.58,86.45,97.61
2024-05-09,1018,91.76,104.83,86.93,94.51
2024-05-10,1018,91.51,109.09,113.55,104.72
2024-05-11,1018,96.62,99.47,100.97,99.02
2024-05-12,1018,99.1,108.82,114.84,107.59
2024-05-13,1018,92.44,97.05,113.76,101.08
2024-05-14,1018,102.1,108.61,96.83,102.51
2024-05-15,1018,99.67,100.21,94.47,98.12
2024-05-16,1018,98.37,93.92,99.92,97.4
2024-05-17,1018,98.15,95.04,115.49,102.89
2024-05-18,1018,93.0,104.62,88.72,95.45
2024-05-19,1018,110.59,104.78,89.35,101.57
2024-05-20,1018,94.17,100.69,116.07,103.64
2024-05-21,1018,108.59,103.49,108.98,107.02
2024-05-22,1018,95.61,103.01,94.91,97.84
2024-05-23,1018,97.26,102.9,103.34,101.17
2024-05-24,1018,99.2,106.62,95.92,100.58
2024-05-25,1018,108.64,104.08,89.37,100.7
2024-05-26,1018,106.2,101.0,109.4,105.53
2024-05-27,1018,109.03,107.9,100.17,105.7
2024-05-28,1018,91.64,102.33,106.18,100.05
2024-05-29,1018,91.47,103.21,112.37,102.35
2024-05-30,1018,111.57,104.2,111.15,108.97
2024-05-31,1018,107.71,101.87,97.49,102.36
2024-06-01,1018,103.42,99.0,99.38,100.6
2024-06-02,1018,106.41,95.35,93.8,98.52
2024-06-03,1018,94.38,106.41,113.88,104.89
2024-06-04,1018,105.14,108.91,114.13,109.39
2024-06-05,1018,90.46,103.44,107.96,100.62
2024-06-06,1018,99.48,109.65,86.33,98.49
2024-06-07,1018,89.93,106.14,87.93,94.67
2024-06-08,1018,95.01,107.1,115.29,105.8
2024-06-09,1018,103.37,100.18,110.77,104.77
2024-06-10,1018,104.03,99.77,90.46,98.09
2024-06-11,1018,104.46,100.12,113.62,106.07
2024-06-12,1018,109.67,107.09,101.89,106.22
2024-06-13,1018,103.82,97.61,99.56,100.33
2024-06-14,1018,102.51,107.47,87.1,99.03
2024-06-15,1018,104.24,96.21,88.04,96.16
2024-06-16,1018,90.15,99.1,106.53,98.59
2024-06-17,1018,101.33,108.91,95.07,101.77
2024-06-18,1018,109.41,94.59,103.57,102.52
2024-06-19,1018,104.97,99.6,98.86,101.14
2024-06-20,1018,105.88,106.74,99.01,103.88
2024-06-21,1018,109.94,104.87,105.72,106.84
2024-06-22,1018,92.13,101.32,91.17,94.87
2024-06-23,1018,101.11,94.02,88.08,94.4
2024-06-24,1018,111.48,99.02,95.21,101.9
2024-06-25,1018,103.93,96.28,114.32,104.84
2024-06-26,1018,100.22,100.87,96.94,99.34
2024-06-27,1018,98.64,100.38,100.6,99.87
2024-06-28,1018,91.66,103.46,91.61,95.58
2024-06-29,1018,94.27,99.3,94.23,95.93
2024-06-30,1018,89.97,109.13,96.72,98.61
2024-07-01,1018,95.6,105.59,111.68,104.29
2024-07-02,1018,89.83,96.95,110.08,98.95
2024-07-03,1018,108.48,109.01,100.77,106.09
2024-07-04,1018,94.24,101.78,106.11,100.71
2024-07-05,1018,98.67,101.95,115.34,105.32
2024-07-06,1018,106.32,98.91,111.18,105.47
2024-07-07,1018,91.47,94.81,106.38,97.55
2024-07-08,1018,100.9,98.22,108.28,102.47
2024-07-09,1018,103.74,96.14,106.74,102.21
2024-07-10,1018,109.95,99.27,104.96,104.73
2024-07-11,1018,99.5,103.13,98.73,100.45
2024-07-12,1018,90.03,98.23,111.05,99.77
2024-07-13,1018,109.22,96.66,93.06,99.65
2024-07-14,1018,94.34,94.39,89.07,92.6
2024-07-15,1018,100.76,100.83,104.11,101.9
2024-07-16,1018,104.88,108.48,92.82,102.06
2024-07-17,1018,89.69,97.19,104.77,97.22
2024-07-18,1018,94.55,104.39,94.43,97.79
2024-07-19,1018,104.38,94.89,92.58,97.28
2024-07-20,1018,94.0,103.29,108.62,101.97
2024-07-21,1018,90.54,109.01,91.44,97.0
2024-07-22,1018,104.95,96.97,95.94,99.29
2024-07-23,1018,103.06,105.21,86.65,98.31
2024-07-24,1018,92.51,99.07,105.77,99.12
2024-07-25,1018,91.32,106.12,91.07,96.17
2024-07-26,1018,103.04,103.25,100.92,102.4
2024-07-27,1018,110.99,97.05,92.85,100.3
2024-07-28,1018,101.63,95.23,97.42,98.09
2024-07-29,1018,110.62,104.53,86.55,100.57
2024-07-30,1018,105.33,101.05,116.6,107.66
2024-07-31,1018,107.34,104.88,93.74,101.99
2024-08-01,1018,99.44,96.34,93.12,96.3
2024-08-02,1018,109.85,104.57,107.33,107.25
2024-08-03,1018,111.3,99.68,108.02,106.33
2024-08-04,1018,108.53,108.09,86.48,101.03
2024-08-05,1018,99.51,101.48,94.11,98.37
2024-08-06,1018,108.44,96.31,97.51,100.75
2024-08-07,1018,91.11,107.18,104.54,100.94
2024-08-08,1018,101.56,108.22,112.16,107.31
2024-08-09,1018,107.71,101.05,92.78,100.51
2024-08-10,1018,95.66,98.97,107.22,100.62
2024-08-11,1018,92.52,105.54,96.33,98.13
2024-08-12,1018,106.15,96.14,89.32,97.2
2024-08-13,1018,92.69,99.47,112.83,101.66
2024-08-14,1018,91.14,97.61,93.41,94.05
2024-08-15,1018,102.39,95.42,113.41,103.74
2024-08-16,1018,111.42,103.63,114.62,109.89
2024-08-17,1018,100.9,101.69,93.22,98.6
2024-08-18,1018,104.79,100.85,107.31,104.32
2024-08-19,1018,96.84,109.39,88.3,98.18
2024-08-20,1018,107.73,106.26,110.7,108.23
2024-08-21,1018,94.15,93.84,92.95,93.65
2024-08-22,1018,94.25,95.26,106.0,98.5
2024-08-23,1018,104.8,102.54,110.15,105.83
2024-08-24,1018,98.68,107.4,115.86,107.31
2024-08-25,1018,107.07,102.09,98.78,102.65
2024-08-26,1018,97.16,109.55,105.71,104.14
2024-08-27,1018,103.94,107.09,95.07,102.03
2024-08-28,1018,103.27,96.17,94.76,98.07
2024-08-29,1018,111.09,108.93,93.24,104.42
2024-08-30,1018,98.27,106.99,114.22,106.49
2024-08-31,1018,94.3,99.11,110.83,101.41
2024-09-01,1018,102.39,97.61,93.26,97.75
2024-09-02,1018,108.29,105.91,88.58,100.93
2024-09-03,1018,91.72,100.58,100.82,97.71
2024-09-04,1018,92.79,97.1,95.02,94.97
2024-09-05,1018,105.64,97.35,111.77,104.92
2024-09-06,1018,98.58,104.95,102.06,101.86
2024-09-07,1018,90.84,108.68,87.18,95.57
2024-09-08,1018,100.66,94.61,93.59,96.29
2024-09-09,1018,101.19,99.17,88.14,96.17
2024-09-10,1018,90.59,104.24,101.11,98.65
2024-09-11,1018,104.98,94.46,112.7,104.05
2024-09-12,1018,106.34,101.95,95.66,101.32
2024-09-13,1018,104.17,99.37,108.07,103.87
2024-09-14,1018,107.08,103.68,99.07,103.28
2024-09-15,1018,106.78,105.79,93.82,102.13
2024-09-16,1018,100.06,93.71,97.98,97.25
2024-09-17,1018,99.63,109.57,108.15,105.78
2024-09-18,1018,90.34,108.98,114.59,104.64
2024-09-19,1018,94.01,96.41,102.15,97.52
2024-09-20,1018,101.54,93.71,108.99,101.41
2024-09-21,1018,97.3,98.93,86.68,94.3
2024-09-22,1018,98.81,95.0,107.62,100.48
2024-09-23,1018,110.6,105.37,115.9,110.62
2024-09-24,1018,95.02,94.6,115.94,101.85
2024-09-25,1018,106.53,99.53,86.89,97.65
2024-09-26,1018,100.4,100.87,104.15,101.81
2024-09-27,1018,92.95,106.43,96.45,98.61
2024-09-28,1018,110.23,108.29,90.5,103.01
2024-09-29,1018,110.83,96.92,92.33,100.03
2024-09-30,1018,104.95,95.39,101.12,100.49
2024-10-01,1018,92.33,96.22,112.64,100.4
2024-10-02,1018,97.7,102.08,116.08,105.29
2024-10-03,1018,93.22,95.4,110.19,99.6
2024-10-04,1018,92.9,97.34,114.08,101.44
2024-10-05,1018,95.75,108.69,114.18,106.21
2024-10-06,1018,93.15,96.92,100.33,96.8
2024-10-07,1018,102.22,96.2,87.0,95.14
2024-10-08,1018,104.77,103.98,113.66,107.47
2024-10-09,1018,103.45,104.4,102.2,103.35
2024-10-10,1018,92.69,104.22,93.79,96.9
2024-10-11,1018,100.03,103.15,87.21,96.8
2024-10-12,1018,98.87,96.53,88.76,94.72
2024-10-13,1018,94.49,99.6,104.38,99.49
2024-10-14,1018,108.65,96.98,105.72,103.78
2024-10-15,1018,102.41,96.94,98.25,99.2
2024-10-16,1018,99.07,108.58,101.68,103.11
2024-10-17,1018,93.92,96.97,109.43,100.11
2024-10-18,1018,96.57,99.9,111.57,102.68
2024-10-19,1018,111.63,106.11,106.62,108.12
2024-10-20,1018,102.17,99.3,97.01,99.49
2024-10-21,1018,106.17,99.9,90.91,98.99
2024-10-22,1018,107.27,96.77,98.24,100.76
2024-10-23,1018,95.04,97.69,103.71,98.81
2024-10-24,1018,103.42,95.04,104.79,101.08
2024-10-25,1018,90.87,103.81,99.46,98.05
2024-10-26,1018,102.91,93.67,90.13,95.57
2024-10-27,1018,102.25,105.74,108.88,105.62
2024-10-28,1018,97.07,106.93,93.56,99.19
2024-10-29,1018,109.78,100.05,92.79,100.87
2024-10-30,1018,110.44,99.4,106.57,105.47
2024-10-31,1018,109.4,106.23,112.17,109.27
2024-11-01,1018,103.31,107.55,107.17,106.01
2024-11-02,1018,91.4,104.73,98.78,98.3
2024-11-03,1018,109.5,107.94,110.35,109.26
2024-11-04,1018,91.73,108.06,113.16,104.32
2024-11-05,1018,101.72,100.7,115.81,106.08
2024-11-06,1018,97.7,103.77,108.26,103.24
2024-11-07,1018,96.07,103.89,113.99,104.65
2024-11-08,1018,92.04,108.43,106.51,102.33
2024-11-09,1018,99.68,106.3,91.22,99.07
2024-11-10,1018,96.03,99.46,88.7,94.73
2024-11-11,1018,107.14,96.39,96.88,100.14
2024-11-12,1018,103.02,107.49,111.27,107.26
2024-11-13,1018,92.85,109.17,106.83,102.95
2024-11-14,1018,100.22,96.8,110.8,102.61
2024-11-15,1018,99.7,97.59,104.27,100.52
2024-11-16,1018,100.64,107.07,90.85,99.52
2024-11-17,1018,105.07,93.73,106.74,101.85
2024-11-18,1018,105.55,103.83,113.58,107.65
2024-11-19,1018,105.16,98.68,87.44,97.09
2024-11-20,1018,96.86,108.76,110.84,105.49
2024-11-21,1018,99.06,97.12,103.38,99.85
2024-11-22,1018,100.66,95.61,99.13,98.47
2024-11-23,1018,109.19,94.39,115.93,106.5
2024-11-24,1018,101.61,104.84,92.02,99.49
2024-11-25,1018,92.48,95.49,95.58,94.52
2024-11-26,1018,104.52,96.9,106.64,102.69
2024-11-27,1018,92.03,102.75,98.31,97.7
2024-11-28,1018,110.13,105.49,90.4,102.01
2024-11-29,1018,111.21,109.32,96.05,105.53
2024-11-30,1018,100.07,96.89,106.44,101.13
2024-12-01,1018,97.94,104.8,106.66,103.13
2024-12-02,1018,99.66,95.31,91.87,95.61
2024-12-03,1018,105.26,99.4,89.17,97.94
2024-12-04,1018,99.47,97.45,90.94,95.95
2024-12-05,1018,93.57,102.67,115.62,103.95
2024-12-06,1018,105.37,106.82,104.31,105.5
2024-12-07,1018,107.91,108.89,101.59,106.13
2024-12-08,1018,106.82,106.8,87.15,100.26
2024-12-09,1018,105.01,105.02,87.58,99.2
2024-12-10,1018,110.23,97.15,103.96,103.78
2024-12-11,1018,103.19,93.73,108.37,101.76
2024-12-12,1018,106.47,100.43,116.59,107.83
2024-12-13,1018,110.23,108.18,111.13,109.85
2024-12-14,1018,96.71,97.5,101.93,98.71
2024-12-15,1018,109.98,102.48,102.36,104.94
2024-12-16,1018,109.08,98.58,105.89,104.52
2024-12-17,1018,101.11,96.37,94.87,97.45
2024-12-18,1018,99.02,96.74,89.0,94.92
2024-12-19,1018,92.16,104.38,92.64,96.39
2024-12-20,1018,110.18,97.14,99.11,102.14
2024-12-21,1018,103.76,98.57,89.69,97.34
2024-12-22,1018,99.47,103.6,104.87,102.65
2024-12-23,1018,95.16,99.57,99.79,98.17
2024-12-24,1018,103.55,96.89,94.01,98.15
2024-12-25,1018,99.69,98.87,114.05,104.2
2024-12-26,1018,104.78,104.64,114.82,108.08
2024-12-27,1018,97.26,99.78,87.26,94.77
2024-12-28,1018,105.0,105.29,112.02,107.44
2024-12-29,1018,96.13,105.54,96.78,99.48
2024-12-30,1018,96.42,101.53,109.95,102.63
2024-01-01,1019,88.56,94.08,96.66,93.1
2024-01-02,1019,99.64,96.0,110.14,101.93
2024-01-03,1019,98.54,93.74,94.56,95.61
2024-01-04,1019,95.67,95.37,87.76,92.93
2024-01-05,1019,88.28,91.4,101.43,93.7
2024-01-06,1019,87.33,91.19,84.07,87.53
2024-01-07,1019,94.1,101.76,102.57,99.48
2024-01-08,1019,86.72,93.63,83.12,87.82
2024-01-09,1019,97.28,94.3,89.72,93.77
2024-01-10,1019,98.63,104.46,98.82,100.64
2024-01-11,1019,103.43,90.06,108.97,100.82
2024-01-12,1019,95.13,104.82,91.45,97.13
2024-01-13,1019,98.23,90.75,104.88,97.95
2024-01-14,1019,87.78,98.04,85.39,90.4
2024-01-15,1019,96.97,102.91,105.92,101.93
2024-01-16,1019,85.63,95.51,89.49,90.21
2024-01-17,1019,99.45,100.74,105.09,101.76
2024-01-18,1019,100.13,97.89,99.97,99.33
2024-01-19,1019,105.36,93.87,95.32,98.18
2024-01-20,1019,89.93,97.96,109.34,99.08
2024-01-21,1019,97.53,94.9,109.09,100.51
2024-01-22,1019,96.87,101.51,98.99,99.12
2024-01-23,1019,105.51,101.82,83.23,96.85
2024-01-24,1019,96.56,89.55,105.31,97.14
2024-01-25,1019,85.81,101.74,83.23,90.26
2024-01-26,1019,88.84,96.84,90.83,92.17
2024-01-27,1019,97.58,92.79,94.47,94.95
2024-01-28,1019,92.55,101.05,93.39,95.66
2024-01-29,1019,85.51,98.6,110.33,98.15
2024-01-30,1019,97.02,103.49,82.75,94.42
2024-01-31,1019,104.58,100.35,111.45,105.46
2024-02-01,1019,100.11,100.28,105.68,102.02
2024-02-02,1019,86.39,94.99,102.13,94.5
2024-02-03,1019,90.17,89.52,97.37,92.35
2024-02-04,1019,101.48,96.17,87.56,95.07
2024-02-05,1019,93.72,103.54,98.3,98.52
2024-02-06,1019,88.28,98.59,99.52,95.46
2024-02-07,1019,91.69,90.87,91.17,91.24
2024-02-08,1019,99.43,101.53,92.05,97.67
2024-02-09,1019,90.95,98.42,92.51,93.96
2024-02-10,1019,92.81,100.32,101.72,98.28
2024-02-11,1019,89.74,100.81,92.69,94.41
2024-02-12,1019,103.95,91.54,84.15,93.21
2024-02-13,1019,100.17,101.18,107.47,102.94
2024-02-14,1019,101.46,103.91,88.19,97.85
2024-02-15,1019,100.04,103.01,83.45,95.5
2024-02-16,1019,89.12,89.76,90.13,89.67
2024-02-17,1019,105.12,96.29,109.85,103.75
2024-02-18,1019,88.71,104.8,92.29,95.27
2024-02-19,1019,91.58,103.18,98.12,97.63
2024-02-20,1019,96.43,102.39,92.0,96.94
2024-02-21,1019,100.96,99.63,88.15,96.25
2024-02-22,1019,87.49,98.45,111.52,99.15
2024-02-23,1019,86.34,91.52,97.52,91.79
2024-02-24,1019,92.74,97.8,98.67,96.4
2024-02-25,1019,102.35,89.75,110.06,100.72
2024-02-26,1019,105.12,96.94,84.41,95.49
2024-02-27,1019,87.35,95.94,92.15,91.81
2024-02-28,1019,100.06,95.68,99.69,98.48
2024-02-29,1019,99.88,90.45,106.58,98.97
2024-03-01,1019,98.36,98.59,82.92,93.29
2024-03-02,1019,97.34,103.86,102.25,101.15
2024-03-03,1019,100.91,97.98,86.27,95.05
2024-03-04,1019,101.56,93.19,90.08,94.94
2024-03-05,1019,92.28,102.17,87.27,93.91
2024-03-06,1019,87.35,102.64,99.43,96.47
2024-03-07,1019,102.63,90.93,101.33,98.3
2024-03-08,1019,100.93,91.99,91.74,94.89
2024-03-09,1019,91.44,89.72,107.61,96.26
2024-03-10,1019,92.89,95.82,93.58,94.1
2024-03-11,1019,106.23,103.91,109.79,106.64
2024-03-12,1019,90.2,90.13,85.45,88.59
2024-03-13,1019,106.7,96.13,97.85,100.23
2024-03-14,1019,105.41,97.58,90.61,97.87
2024-03-15,1019,95.81,98.38,104.37,99.52
2024-03-16,1019,105.98,98.17,102.44,102.2
2024-03-17,1019,106.69,99.94,94.92,100.52
2024-03-18,1019,87.86,101.73,99.01,96.2
2024-03-19,1019,96.98,101.27,111.36,103.2
2024-03-20,1019,90.76,102.38,87.49,93.54
2024-03-21,1019,103.8,91.04,86.58,93.81
2024-03-22,1019,104.28,95.86,98.48,99.54
2024-03-23,1019,88.34,95.73,99.76,94.61
2024-03-24,1019,106.44,91.23,83.08,93.58
2024-03-25,1019,93.02,95.49,109.27,99.26
2024-03-26,1019,85.79,92.46,91.83,90.03
2024-03-27,1019,92.2,95.21,92.16,93.19
2024-03-28,1019,88.44,93.83,86.33,89.53
2024-03-29,1019,87.63,96.21,83.21,89.02
2024-03-30,1019,100.43,96.7,109.01,102.05
2024-03-31,1019,100.33,97.45,88.08,95.29
2024-04-01,1019,94.72,98.83,86.01,93.19
2024-04-02,1019,92.69,92.81,108.58,98.03
2024-04-03,1019,94.2,99.84,99.3,97.78
2024-04-04,1019,102.53,94.34,103.2,100.02
2024-04-05,1019,102.38,93.18,90.77,95.44
2024-04-06,1019,90.12,96.86,94.27,93.75
2024-04-07,1019,86.98,95.1,97.84,93.31
2024-04-08,1019,97.2,93.18,104.84,98.41
2024-04-09,1019,101.27,93.71,96.94,97.31
2024-04-10,1019,92.88,104.81,92.98,96.89
2024-04-11,1019,99.11,98.15,99.15,98.8
2024-04-12,1019,86.55,103.12,99.64,96.44
2024-04-13,1019,104.05,91.23,103.58,99.62
2024-04-14,1019,98.9,91.9,97.56,96.12
2024-04-15,1019,101.24,90.62,97.59,96.48
2024-04-16,1019,105.84,97.45,87.88,97.06
2024-04-17,1019,93.49,92.35,83.46,89.77
2024-04-18,1019,88.5,98.71,110.3,99.17
2024-04-19,1019,102.72,92.61,87.12,94.15
2024-04-20,1019,103.65,92.96,96.54,97.72
2024-04-21,1019,95.18,92.86,111.31,99.78
2024-04-22,1019,90.14,97.35,90.0,92.5
2024-04-23,1019,85.53,98.22,93.85,92.53
2024-04-24,1019,86.4,103.13,86.25,91.93
2024-04-25,1019,103.08,101.83,92.47,99.13
2024-04-26,1019,104.81,90.24,106.26,100.44
2024-04-27,1019,89.58,100.28,102.33,97.4
2024-04-28,1019,99.14,101.43,89.54,96.7
2024-04-29,1019,94.65,100.26,102.71,99.21
2024-04-30,1019,99.62,95.07,110.08,101.59
2024-05-01,1019,101.5,103.45,95.32,100.09
2024-05-02,1019,92.39,99.52,109.74,100.55
2024-05-03,1019,104.66,90.92,96.95,97.51
2024-05-04,1019,96.47,89.75,85.64,90.62
2024-05-05,1019,88.67,101.36,104.43,98.15
2024-05-06,1019,89.71,102.3,103.57,98.53
2024-05-07,1019,103.95,97.45,91.62,97.67
2024-05-08,1019,92.64,101.34,85.26,93.08
2024-05-09,1019,96.12,102.75,85.08,94.65
2024-05-10,1019,104.6,102.29,109.77,105.55
2024-05-11,1019,89.43,94.06,97.04,93.51
2024-05-12,1019,90.32,91.35,96.62,92.76
2024-05-13,1019,97.77,100.88,84.41,94.35
2024-05-14,1019,92.43,99.92,83.88,92.08
2024-05-15,1019,97.9,103.28,98.75,99.98
2024-05-16,1019,85.87,89.7,108.44,94.67
2024-05-17,1019,88.99,99.84,110.21,99.68
2024-05-18,1019,92.97,94.1,88.44,91.84
2024-05-19,1019,91.53,104.88,92.1,96.17
2024-05-20,1019,93.37,95.05,106.68,98.37
2024-05-21,1019,94.52,100.25,83.82,92.86
2024-05-22,1019,90.71,99.53,91.01,93.75
2024-05-23,1019,90.12,93.5,87.53,90.38
2024-05-24,1019,99.85,91.94,100.49,97.43
2024-05-25,1019,95.95,100.75,83.9,93.53
2024-05-26,1019,87.37,102.14,93.59,94.37
2024-05-27,1019,87.0,97.47,83.12,89.2
2024-05-28,1019,95.28,92.41,93.09,93.59
2024-05-29,1019,89.73,98.94,90.71,93.13
2024-05-30,1019,94.52,99.82,94.67,96.34
2024-05-31,1019,97.03,102.99,106.71,102.24
2024-06-01,1019,97.57,94.88,98.3,96.92
2024-06-02,1019,99.87,99.92,85.74,95.18
2024-06-03,1019,94.2,101.21,86.2,93.87
2024-06-04,1019,96.17,93.5,94.46,94.71
2024-06-05,1019,87.5,98.32,107.73,97.85
2024-06-06,1019,100.62,102.65,86.59,96.62
2024-06-07,1019,87.75,99.43,110.75,99.31
2024-06-08,1019,94.76,103.31,88.54,95.54
2024-06-09,1019,93.41,94.3,102.12,96.61
2024-06-10,1019,91.87,101.54,91.66,95.02
2024-06-11,1019,102.39,99.0,88.16,96.52
2024-06-12,1019,97.79,97.88,90.54,95.4
2024-06-13,1019,86.4,95.84,99.86,94.03
2024-06-14,1019,89.97,90.32,99.14,93.14
2024-06-15,1019,92.59,94.49,106.45,97.84
2024-06-16,1019,102.2,102.25,101.98,102.14
2024-06-17,1019,101.33,100.31,84.52,95.39
2024-06-18,1019,105.66,101.38,106.79,104.61
2024-06-19,1019,99.96,100.42,102.24,100.87
2024-06-20,1019,86.32,103.48,87.24,92.35
2024-06-21,1019,92.1,102.26,92.24,95.53
2024-06-22,1019,99.48,99.88,96.88,98.75
2024-06-23,1019,101.16,104.3,95.63,100.36
2024-06-24,1019,106.54,90.22,93.01,96.59
2024-06-25,1019,105.08,95.08,109.28,103.15
2024-06-26,1019,96.62,94.2,95.65,95.49
2024-06-27,1019,91.66,92.26,92.35,92.09
2024-06-28,1019,100.7,104.7,93.55,99.65
2024-06-29,1019,93.86,100.66,88.9,94.47
2024-06-30,1019,102.97,99.05,110.46,104.16
2024-07-01,1019,86.38,95.56,97.77,93.24
2024-07-02,1019,88.14,90.09,107.35,95.19
2024-07-03,1019,90.03,90.76,108.13,96.31
2024-07-04,1019,91.96,95.0,97.2,94.72
2024-07-05,1019,105.8,90.91,105.83,100.85
2024-07-06,1019,100.62,103.8,103.43,102.62
2024-07-07,1019,92.33,101.12,105.42,99.62
2024-07-08,1019,101.71,102.06,92.39,98.72
2024-07-09,1019,90.48,100.5,88.0,92.99
2024-07-10,1019,104.89,89.91,106.64,100.48
2024-07-11,1019,103.5,102.96,104.96,103.81
2024-07-12,1019,91.97,93.13,104.19,96.43
2024-07-13,1019,104.26,100.33,108.07,104.22
2024-07-14,1019,91.52,89.51,90.85,90.63
2024-07-15,1019,97.58,95.31,83.91,92.27
2024-07-16,1019,103.31,96.91,110.79,103.67
2024-07-17,1019,94.98,89.41,103.28,95.89
2024-07-18,1019,98.17,104.79,107.44,103.47
2024-07-19,1019,88.67,101.74,105.47,98.63
2024-07-20,1019,97.91,91.06,97.18,95.38
2024-07-21,1019,102.33,89.81,103.78,98.64
2024-07-22,1019,92.69,99.41,109.26,100.45
2024-07-23,1019,88.81,97.08,98.31,94.73
2024-07-24,1019,97.59,103.12,91.93,97.55
2024-07-25,1019,92.54,91.91,97.21,93.89
2024-07-26,1019,106.28,97.16,107.52,103.65
2024-07-27,1019,102.45,101.93,93.92,99.43
2024-07-28,1019,102.35,102.55,84.83,96.58
2024-07-29,1019,98.14,92.26,106.41,98.94
2024-07-30,1019,102.89,90.71,100.25,97.95
2024-07-31,1019,91.81,92.56,108.7,97.69
2024-08-01,1019,91.89,98.18,100.52,96.86
2024-08-02,1019,88.29,95.44,95.1,92.94
2024-08-03,1019,87.55,104.08,94.68,95.44
2024-08-04,1019,90.1,90.92,86.89,89.3
2024-08-05,1019,94.45,99.06,100.89,98.13
2024-08-06,1019,103.06,104.34,93.05,100.15
2024-08-07,1019,102.93,91.87,92.06,95.62
2024-08-08,1019,97.43,90.95,94.85,94.41
2024-08-09,1019,98.1,98.25,85.81,94.05
2024-08-10,1019,95.91,100.73,95.99,97.54
2024-08-11,1019,88.95,101.03,87.41,92.46
2024-08-12,1019,90.35,90.54,98.97,93.29
2024-08-13,1019,101.58,94.48,96.79,97.62
2024-08-14,1019,106.77,91.8,103.22,100.6
2024-08-15,1019,87.45,93.71,86.41,89.19
2024-08-16,1019,104.92,93.93,86.24,95.03
2024-08-17,1019,103.54,95.35,109.22,102.7
2024-08-18,1019,101.2,93.62,83.35,92.72
2024-08-19,1019,104.72,104.18,103.99,104.3
2024-08-20,1019,87.05,101.82,98.85,95.91
2024-08-21,1019,94.22,91.61,105.73,97.19
2024-08-22,1019,94.83,92.73,87.54,91.7
2024-08-23,1019,94.12,97.01,98.58,96.57
2024-08-24,1019,91.72,95.4,97.15,94.76
2024-08-25,1019,93.71,93.8,111.66,99.72
2024-08-26,1019,89.2,102.41,109.2,100.27
2024-08-27,1019,90.81,91.54,91.76,91.37
2024-08-28,1019,93.44,95.75,103.25,97.48
2024-08-29,1019,95.94,96.33,84.31,92.19
2024-08-30,1019,90.49,103.0,87.61,93.7
2024-08-31,1019,106.55,99.21,92.88,99.55
2024-09-01,1019,89.89,99.43,99.55,96.29
2024-09-02,1019,101.61,98.46,107.1,102.39
2024-09-03,1019,88.01,93.89,101.69,94.53
2024-09-04,1019,102.54,99.89,92.72,98.38
2024-09-05,1019,99.33,97.06,95.75,97.38
2024-09-06,1019,86.26,103.03,106.6,98.63
2024-09-07,1019,99.91,90.58,94.91,95.13
2024-09-08,1019,86.06,99.14,102.18,95.79
2024-09-09,1019,87.64,94.23,96.12,92.66
2024-09-10,1019,100.67,100.44,95.51,98.87
2024-09-11,1019,102.24,104.64,93.4,100.09
2024-09-12,1019,94.27,96.59,95.41,95.42
2024-09-13,1019,103.99,97.93,108.91,103.61
2024-09-14,1019,94.29,97.21,104.23,98.58
2024-09-15,1019,100.5,97.46,89.37,95.78
2024-09-16,1019,100.25,89.4,99.66,96.44
2024-09-17,1019,104.48,96.2,92.54,97.74
2024-09-18,1019,86.94,101.84,106.08,98.29
2024-09-19,1019,88.0,102.59,108.13,99.57
2024-09-20,1019,91.0,92.86,83.18,89.01
2024-09-21,1019,85.74,90.99,91.7,89.48
2024-09-22,1019,104.44,93.84,92.21,96.83
2024-09-23,1019,87.06,93.94,107.61,96.2
2024-09-24,1019,87.72,96.44,89.24,91.13
2024-09-25,1019,102.9,89.91,91.79,94.87
2024-09-26,1019,87.17,93.65,91.42,90.75
2024-09-27,1019,101.96,91.56,87.16,93.56
2024-09-28,1019,88.77,102.6,92.15,94.51
2024-09-29,1019,92.37,98.02,93.89,94.76
2024-09-30,1019,92.06,100.21,92.68,94.98
2024-10-01,1019,101.55,100.82,83.21,95.19
2024-10-02,1019,104.47,97.22,96.94,99.54
2024-10-03,1019,99.44,96.76,104.22,100.14
2024-10-04,1019,97.37,102.43,102.28,100.69
2024-10-05,1019,94.2,91.5,100.93,95.54
2024-10-06,1019,97.4,91.15,83.35,90.63
2024-10-07,1019,98.31,102.71,84.92,95.31
2024-10-08,1019,96.23,93.6,104.07,97.97
2024-10-09,1019,102.4,93.75,90.98,95.71
2024-10-10,1019,90.48,97.51,102.55,96.85
2024-10-11,1019,86.37,94.08,102.2,94.22
2024-10-12,1019,104.26,99.84,97.1,100.4
2024-10-13,1019,97.75,91.77,96.6,95.37
2024-10-14,1019,87.73,91.01,110.65,96.46
2024-10-15,1019,102.33,99.55,85.97,95.95
2024-10-16,1019,98.21,98.37,109.47,102.02
2024-10-17,1019,104.52,101.81,92.26,99.53
2024-10-18,1019,100.21,95.37,107.28,100.95
2024-10-19,1019,95.23,102.46,83.27,93.65
2024-10-20,1019,101.12,95.83,108.46,101.8
2024-10-21,1019,99.03,92.22,90.86,94.04
2024-10-22,1019,89.18,96.81,85.25,90.41
2024-10-23,1019,98.65,94.64,106.0,99.76
2024-10-24,1019,106.5,90.39,99.4,98.76
2024-10-25,1019,101.28,89.86,83.18,91.44
2024-10-26,1019,106.41,94.56,91.04,97.34
2024-10-27,1019,93.38,100.99,107.8,100.72
2024-10-28,1019,101.84,100.84,96.42,99.7
2024-10-29,1019,99.99,104.27,99.49,101.25
2024-10-30,1019,102.45,102.63,100.95,102.01
2024-10-31,1019,90.61,92.71,98.76,94.03
2024-11-01,1019,98.39,101.32,85.92,95.21
2024-11-02,1019,91.33,92.44,88.35,90.71
2024-11-03,1019,100.18,100.28,98.07,99.51
2024-11-04,1019,105.94,95.4,108.14,103.16
2024-11-05,1019,87.75,99.97,86.54,91.42
2024-11-06,1019,100.0,103.75,99.85,101.2
2024-11-07,1019,100.16,96.16,107.53,101.28
2024-11-08,1019,94.72,101.97,110.35,102.35
2024-11-09,1019,100.56,103.27,96.95,100.26
2024-11-10,1019,97.23,95.85,88.0,93.69
2024-11-11,1019,106.69,103.64,102.47,104.27
2024-11-12,1019,98.77,90.3,103.17,97.41
2024-11-13,1019,96.89,101.62,110.06,102.86
2024-11-14,1019,91.24,102.99,85.43,93.22
2024-11-15,1019,89.21,91.82,98.75,93.26
2024-11-16,1019,103.45,101.92,99.44,101.6
2024-11-17,1019,93.32,93.45,86.93,91.23
2024-11-18,1019,101.05,98.65,109.17,102.96
2024-11-19,1019,96.9,89.38,105.51,97.26
2024-11-20,1019,93.22,95.19,95.12,94.51
2024-11-21,1019,96.27,91.69,105.25,97.74
2024-11-22,1019,90.5,94.91,83.59,89.67
2024-11-23,1019,92.11,101.8,107.13,100.35
2024-11-24,1019,99.03,101.86,110.64,103.84
2024-11-25,1019,101.16,102.24,84.38,95.93
2024-11-26,1019,87.07,96.96,87.17,90.4
2024-11-27,1019,103.47,95.23,82.95,93.88
2024-11-28,1019,100.3,95.3,98.18,97.93
2024-11-29,1019,98.79,96.19,106.1,100.36
2024-11-30,1019,95.92,100.28,85.1,93.77
2024-12-01,1019,96.22,103.98,99.21,99.8
2024-12-02,1019,88.33,98.35,96.95,94.54
2024-12-03,1019,92.58,97.71,99.13,96.47
2024-12-04,1019,92.68,103.48,95.7,97.29
2024-12-05,1019,86.92,101.5,97.49,95.3
2024-12-06,1019,104.15,95.46,106.2,101.94
2024-12-07,1019,87.67,89.67,85.35,87.56
2024-12-08,1019,98.95,94.28,104.02,99.08
2024-12-09,1019,94.19,95.31,86.38,91.96
2024-12-10,1019,100.88,92.78,108.14,100.6
2024-12-11,1019,92.78,89.49,97.63,93.3
2024-12-12,1019,90.5,101.54,83.63,91.89
2024-12-13,1019,100.19,89.94,99.63,96.59
2024-12-14,1019,96.15,103.52,86.25,95.31
2024-12-15,1019,93.48,99.05,111.63,101.39
2024-12-16,1019,96.24,103.42,85.25,94.97
2024-12-17,1019,91.78,104.81,103.94,100.18
2024-12-18,1019,95.94,102.92,90.32,96.39
2024-12-19,1019,96.98,93.89,86.85,92.57
2024-12-20,1019,99.04,103.21,109.82,104.02
2024-12-21,1019,104.32,98.18,86.26,96.25
2024-12-22,1019,105.46,99.6,108.07,104.38
2024-12-23,1019,100.83,92.39,94.45,95.89
2024-12-24,1019,103.11,93.32,104.41,100.28
2024-12-25,1019,94.74,98.01,86.51,93.09
2024-12-26,1019,97.41,97.89,97.45,97.58
2024-12-27,1019,93.17,94.83,98.73,95.58
2024-12-28,1019,90.41,92.83,101.17,94.8
2024-12-29,1019,104.44,102.94,107.69,105.02
2024-12-30,1019,87.76,93.65,88.97,90.13
2024-01-01,1020,87.24,85.36,84.52,85.71
2024-01-02,1020,83.34,77.78,74.03,78.38
2024-01-03,1020,88.94,83.8,86.69,86.48
2024-01-04,1020,80.26,85.04,79.43,81.58
2024-01-05,1020,84.4,87.85,94.56,88.94
2024-01-06,1020,75.39,81.76,72.45,76.53
2024-01-07,1020,83.84,84.67,85.28,84.6
2024-01-08,1020,82.44,82.2,94.36,86.33
2024-01-09,1020,84.81,77.39,78.73,80.31
2024-01-10,1020,81.39,84.05,86.56,84.0
2024-01-11,1020,79.57,85.05,88.06,84.23
2024-01-12,1020,88.12,79.56,86.65,84.78
2024-01-13,1020,88.1,84.84,86.24,86.39
2024-01-14,1020,80.31,85.41,85.25,83.66
2024-01-15,1020,81.02,85.45,88.35,84.94
2024-01-16,1020,77.76,79.1,89.27,82.04
2024-01-17,1020,84.6,88.45,94.66,89.24
2024-01-18,1020,85.97,85.74,91.29,87.67
2024-01-19,1020,79.99,81.81,86.28,82.69
2024-01-20,1020,80.71,80.53,94.27,85.17
2024-01-21,1020,85.41,78.11,79.85,81.12
2024-01-22,1020,82.95,80.66,81.4,81.67
2024-01-23,1020,78.15,80.26,76.21,78.21
2024-01-24,1020,82.04,88.49,92.33,87.62
2024-01-25,1020,83.54,76.92,87.53,82.66
2024-01-26,1020,89.52,81.24,81.36,84.04
2024-01-27,1020,89.25,81.45,74.1,81.6
2024-01-28,1020,75.05,83.16,86.57,81.59
2024-01-29,1020,74.54,82.01,78.8,78.45
2024-01-30,1020,77.85,88.15,94.27,86.76
2024-01-31,1020,82.62,81.01,89.9,84.51
2024-02-01,1020,81.31,77.82,87.09,82.07
2024-02-02,1020,80.43,87.31,73.38,80.37
2024-02-03,1020,73.56,77.0,79.8,76.79
2024-02-04,1020,80.89,77.62,74.38,77.63
2024-02-05,1020,73.95,84.62,84.34,80.97
2024-02-06,1020,86.5,82.21,72.36,80.36
2024-02-07,1020,76.93,83.78,79.98,80.23
2024-02-08,1020,81.24,85.44,85.14,83.94
2024-02-09,1020,77.97,81.41,76.78,78.72
2024-02-10,1020,85.2,85.93,73.05,81.39
2024-02-11,1020,75.94,87.72,84.95,82.87
2024-02-12,1020,86.0,82.04,87.79,85.28
2024-02-13,1020,77.23,77.61,73.94,76.26
2024-02-14,1020,79.42,80.15,91.36,83.64
2024-02-15,1020,85.8,86.95,72.42,81.72
2024-02-16,1020,80.85,85.21,74.16,80.07
2024-02-17,1020,76.62,82.06,71.24,76.64
2024-02-18,1020,84.18,79.37,76.86,80.14
2024-02-19,1020,82.95,84.02,72.3,79.76
2024-02-20,1020,83.15,87.84,74.15,81.71
2024-02-21,1020,78.07,75.95,88.13,80.72
2024-02-22,1020,73.47,84.34,79.3,79.04
2024-02-23,1020,85.97,80.23,77.0,81.07
2024-02-24,1020,85.42,84.17,75.61,81.73
2024-02-25,1020,81.82,82.48,84.04,82.78
2024-02-26,1020,87.96,82.43,85.41,85.27
2024-02-27,1020,80.49,83.92,92.58,85.66
2024-02-28,1020,76.7,80.05,76.94,77.9
2024-02-29,1020,83.99,78.93,91.31,84.74
2024-03-01,1020,79.0,86.15,88.23,84.46
2024-03-02,1020,87.0,79.79,89.04,85.28
2024-03-03,1020,76.3,77.47,75.96,76.58
2024-03-04,1020,83.3,83.47,85.83,84.2
2024-03-05,1020,76.62,83.49,71.92,77.34
2024-03-06,1020,81.26,85.73,80.49,82.49
2024-03-07,1020,73.95,78.23,76.82,76.33
2024-03-08,1020,81.54,85.88,85.7,84.37
2024-03-09,1020,90.06,86.24,79.89,85.4
2024-03-10,1020,84.85,83.93,88.7,85.83
2024-03-11,1020,78.23,83.09,70.43,77.25
2024-03-12,1020,75.43,76.59,90.63,80.88
2024-03-13,1020,87.05,84.41,78.23,83.23
2024-03-14,1020,87.58,82.45,83.74,84.59
2024-03-15,1020,73.66,77.87,70.72,74.08
2024-03-16,1020,76.27,77.71,73.58,75.85
2024-03-17,1020,83.05,79.99,80.68,81.24
2024-03-18,1020,86.13,83.93,84.5,84.85
2024-03-19,1020,76.55,82.98,71.71,77.08
2024-03-20,1020,89.11,87.79,70.25,82.38
2024-03-21,1020,87.82,88.32,91.24,89.13
2024-03-22,1020,73.77,76.37,85.1,78.41
2024-03-23,1020,85.36,76.79,92.37,84.84
2024-03-24,1020,88.78,78.34,79.38,82.17
2024-03-25,1020,81.58,87.98,75.12,81.56
2024-03-26,1020,84.5,76.65,84.51,81.89
2024-03-27,1020,78.52,79.25,89.46,82.41
2024-03-28,1020,72.74,75.94,70.7,73.13
2024-03-29,1020,83.46,88.73,78.73,83.64
2024-03-30,1020,88.71,84.96,89.5,87.72
2024-03-31,1020,74.48,87.03,75.17,78.89
2024-04-01,1020,82.31,78.32,85.67,82.1
2024-04-02,1020,72.94,76.4,78.0,75.78
2024-04-03,1020,81.0,75.98,71.93,76.3
2024-04-04,1020,85.03,86.09,90.98,87.37
2024-04-05,1020,89.6,85.91,72.87,82.79
2024-04-06,1020,80.42,86.77,82.23,83.14
2024-04-07,1020,73.3,78.32,92.05,81.22
2024-04-08,1020,83.71,80.84,75.34,79.96
2024-04-09,1020,81.16,88.87,79.46,83.16
2024-04-10,1020,76.66,76.99,94.08,82.58
2024-04-11,1020,81.49,83.9,89.15,84.85
2024-04-12,1020,89.48,76.17,87.56,84.4
2024-04-13,1020,86.95,81.24,92.62,86.94
2024-04-14,1020,74.93,78.07,81.77,78.26
2024-04-15,1020,89.48,84.4,77.15,83.68
2024-04-16,1020,80.63,83.66,76.55,80.28
2024-04-17,1020,82.6,83.96,75.09,80.55
2024-04-18,1020,84.15,82.3,92.45,86.3
2024-04-19,1020,76.77,76.68,74.06,75.84
2024-04-20,1020,88.73,77.99,80.49,82.4
2024-04-21,1020,83.21,87.85,93.44,88.17
2024-04-22,1020,84.26,78.65,88.03,83.65
2024-04-23,1020,77.17,83.3,87.04,82.5
2024-04-24,1020,83.09,83.81,77.54,81.48
2024-04-25,1020,83.07,80.2,77.29,80.19
2024-04-26,1020,90.11,85.8,91.02,88.98
2024-04-27,1020,76.15,85.24,80.39,80.59
2024-04-28,1020,74.42,78.02,90.03,80.82
2024-04-29,1020,89.28,84.41,72.8,82.16
2024-04-30,1020,83.21,85.66,76.76,81.88
2024-05-01,1020,76.21,88.53,73.31,79.35
2024-05-02,1020,73.77,82.12,82.8,79.56
2024-05-03,1020,80.54,77.23,85.77,81.18
2024-05-04,1020,90.51,79.3,73.46,81.09
2024-05-05,1020,73.61,77.13,72.21,74.32
2024-05-06,1020,83.11,84.47,82.47,83.35
2024-05-07,1020,89.09,82.14,89.51,86.91
2024-05-08,1020,87.83,77.16,83.93,82.97
2024-05-09,1020,83.16,81.65,76.42,80.41
2024-05-10,1020,86.92,76.16,75.71,79.6
2024-05-11,1020,78.23,76.29,74.27,76.26
2024-05-12,1020,76.14,85.87,80.16,80.72
2024-05-13,1020,80.54,87.96,77.37,81.96
2024-05-14,1020,82.34,83.44,76.11,80.63
2024-05-15,1020,72.58,83.53,89.69,81.93
2024-05-16,1020,87.07,88.6,71.87,82.51
2024-05-17,1020,89.5,84.29,91.97,88.59
2024-05-18,1020,73.64,82.67,73.18,76.5
2024-05-19,1020,77.79,82.18,79.47,79.81
2024-05-20,1020,77.16,87.06,90.02,84.75
2024-05-21,1020,80.77,85.35,79.54,81.89
2024-05-22,1020,75.32,80.89,77.33,77.85
2024-05-23,1020,85.23,82.49,92.69,86.8
2024-05-24,1020,84.63,88.27,79.16,84.02
2024-05-25,1020,77.26,82.35,90.67,83.43
2024-05-26,1020,77.38,77.07,92.87,82.44
2024-05-27,1020,76.92,87.67,70.02,78.2
2024-05-28,1020,81.66,75.78,75.39,77.61
2024-05-29,1020,79.6,86.15,90.68,85.48
2024-05-30,1020,83.31,79.22,76.29,79.61
2024-05-31,1020,72.55,80.18,82.11,78.28
2024-06-01,1020,84.47,84.0,86.42,84.96
2024-06-02,1020,83.62,76.61,77.27,79.17
2024-06-03,1020,81.26,85.2,81.67,82.71
2024-06-04,1020,81.97,75.79,77.65,78.47
2024-06-05,1020,77.04,82.9,71.93,77.29
2024-06-06,1020,79.39,86.17,86.33,83.96
2024-06-07,1020,86.34,85.57,74.56,82.16
2024-06-08,1020,75.85,75.9,74.28,75.34
2024-06-09,1020,78.64,83.76,88.25,83.55
2024-06-10,1020,73.61,83.61,78.78,78.67
2024-06-11,1020,83.9,83.28,80.41,82.53
2024-06-12,1020,88.38,85.88,94.23,89.5
2024-06-13,1020,82.22,78.85,70.83,77.3
2024-06-14,1020,77.23,88.3,75.87,80.47
2024-06-15,1020,87.06,85.16,73.18,81.8
2024-06-16,1020,77.42,88.67,83.33,83.14
2024-06-17,1020,78.24,79.55,78.07,78.62
2024-06-18,1020,79.37,76.15,90.4,81.97
2024-06-19,1020,82.95,85.03,90.06,86.01
2024-06-20,1020,80.87,77.08,90.88,82.94
2024-06-21,1020,89.43,83.11,70.12,80.89
2024-06-22,1020,81.54,78.44,77.32,79.1
2024-06-23,1020,83.81,86.59,78.4,82.93
2024-06-24,1020,85.4,82.85,79.45,82.57
2024-06-25,1020,78.77,84.95,73.08,78.93
2024-06-26,1020,77.85,76.3,87.55,80.57
2024-06-27,1020,77.05,76.83,92.58,82.15
2024-06-28,1020,73.55,85.76,73.12,77.48
2024-06-29,1020,89.76,76.23,77.19,81.06
2024-06-30,1020,83.21,82.79,73.23,79.74
2024-07-01,1020,78.17,85.92,71.49,78.53
2024-07-02,1020,88.88,85.57,76.96,83.8
2024-07-03,1020,74.57,84.16,91.0,83.24
2024-07-04,1020,82.7,78.62,85.09,82.14
2024-07-05,1020,82.33,87.1,86.9,85.44
2024-07-06,1020,88.5,80.71,91.04,86.75
2024-07-07,1020,77.16,83.22,71.93,77.44
2024-07-08,1020,78.53,78.82,70.05,75.8
2024-07-09,1020,87.12,76.28,92.92,85.44
2024-07-10,1020,74.39,85.54,84.29,81.41
2024-07-11,1020,83.4,76.09,82.36,80.62
2024-07-12,1020,90.41,79.17,77.94,82.51
2024-07-13,1020,89.33,88.58,93.34,90.42
2024-07-14,1020,79.26,88.24,88.78,85.43
2024-07-15,1020,76.34,86.0,85.58,82.64
2024-07-16,1020,75.01,86.57,89.6,83.73
2024-07-17,1020,88.87,80.24,80.26,83.12
2024-07-18,1020,90.47,83.65,92.87,89.0
2024-07-19,1020,81.59,80.0,94.11,85.23
2024-07-20,1020,86.06,81.9,70.41,79.46
2024-07-21,1020,90.22,76.28,82.63,83.04
2024-07-22,1020,83.51,78.79,88.48,83.59
2024-07-23,1020,81.39,75.76,91.29,82.81
2024-07-24,1020,83.53,88.57,91.12,87.74
2024-07-25,1020,83.79,86.58,78.92,83.1
2024-07-26,1020,75.22,83.23,72.52,76.99
2024-07-27,1020,80.49,76.34,82.32,79.72
2024-07-28,1020,83.88,86.75,77.7,82.78
2024-07-29,1020,84.11,83.02,75.64,80.92
2024-07-30,1020,77.46,85.67,76.03,79.72
2024-07-31,1020,84.99,78.89,84.12,82.67
2024-08-01,1020,73.55,77.92,74.53,75.33
2024-08-02,1020,90.22,86.0,91.24,89.15
2024-08-03,1020,82.58,88.62,86.3,85.83
2024-08-04,1020,75.22,80.52,87.61,81.12
2024-08-05,1020,89.5,87.45,92.53,89.83
2024-08-06,1020,79.09,87.19,74.59,80.29
2024-08-07,1020,73.18,88.17,90.0,83.78
2024-08-08,1020,86.01,80.24,88.8,85.02
2024-08-09,1020,89.93,81.95,80.31,84.06
2024-08-10,1020,90.43,83.0,78.48,83.97
2024-08-11,1020,85.61,78.82,84.96,83.13
2024-08-12,1020,72.53,79.92,90.66,81.04
2024-08-13,1020,87.91,81.57,78.85,82.78
2024-08-14,1020,79.1,85.95,92.31,85.79
2024-08-15,1020,83.73,87.31,72.55,81.2
2024-08-16,1020,77.94,78.01,91.42,82.46
2024-08-17,1020,83.02,77.57,83.46,81.35
2024-08-18,1020,72.48,88.03,75.78,78.76
2024-08-19,1020,78.34,79.47,92.92,83.58
2024-08-20,1020,77.13,77.09,73.85,76.02
2024-08-21,1020,73.21,81.74,88.41,81.12
2024-08-22,1020,85.55,80.54,82.24,82.78
2024-08-23,1020,80.14,82.91,92.8,85.28
2024-08-24,1020,86.66,77.26,82.9,82.27
2024-08-25,1020,77.79,83.66,75.44,78.96
2024-08-26,1020,82.95,83.68,80.31,82.31
2024-08-27,1020,78.44,82.31,76.1,78.95
2024-08-28,1020,77.33,77.03,69.98,74.78
2024-08-29,1020,72.68,80.47,93.74,82.3
2024-08-30,1020,75.07,76.71,70.27,74.02
2024-08-31,1020,80.77,80.94,88.02,83.24
2024-09-01,1020,90.48,81.59,83.6,85.22
2024-09-02,1020,77.28,77.99,88.61,81.29
2024-09-03,1020,84.12,83.18,71.72,79.67
2024-09-04,1020,84.04,79.27,93.36,85.56
2024-09-05,1020,90.33,85.57,80.23,85.38
2024-09-06,1020,74.04,84.73,74.38,77.72
2024-09-07,1020,78.0,87.45,71.04,78.83
2024-09-08,1020,87.94,80.43,74.5,80.96
2024-09-09,1020,83.26,76.18,80.19,79.88
2024-09-10,1020,75.51,88.32,76.56,80.13
2024-09-11,1020,80.12,82.2,82.35,81.56
2024-09-12,1020,81.79,82.09,75.14,79.67
2024-09-13,1020,88.53,84.77,73.93,82.41
2024-09-14,1020,73.15,82.28,79.76,78.4
2024-09-15,1020,90.26,85.27,77.38,84.3
2024-09-16,1020,83.51,87.55,83.73,84.93
2024-09-17,1020,81.94,84.9,90.05,85.63
2024-09-18,1020,87.3,85.98,90.85,88.04
2024-09-19,1020,82.67,81.83,90.91,85.14
2024-09-20,1020,88.42,76.52,75.59,80.18
2024-09-21,1020,82.6,88.32,75.61,82.18
2024-09-22,1020,76.9,82.31,71.74,76.98
2024-09-23,1020,75.35,87.08,79.51,80.65
2024-09-24,1020,75.98,82.4,84.84,81.07
2024-09-25,1020,83.75,76.21,81.87,80.61
2024-09-26,1020,88.21,84.62,71.07,81.3
2024-09-27,1020,74.74,77.23,83.3,78.42
2024-09-28,1020,74.92,82.47,78.32,78.57
2024-09-29,1020,88.49,83.1,86.96,86.18
2024-09-30,1020,78.08,80.72,77.78,78.86
2024-10-01,1020,82.94,87.76,91.87,87.52
2024-10-02,1020,85.45,83.77,88.11,85.78
2024-10-03,1020,79.87,86.73,89.63,85.41
2024-10-04,1020,85.45,82.99,83.74,84.06
2024-10-05,1020,76.78,83.06,90.45,83.43
2024-10-06,1020,74.34,78.81,93.33,82.16
2024-10-07,1020,72.69,76.42,86.5,78.54
2024-10-08,1020,74.45,80.38,90.04,81.62
2024-10-09,1020,74.65,77.97,81.78,78.13
2024-10-10,1020,84.37,83.5,73.68,80.52
2024-10-11,1020,75.8,84.9,93.81,84.84
2024-10-12,1020,76.51,78.66,72.92,76.03
2024-10-13,1020,84.71,87.92,73.58,82.07
2024-10-14,1020,76.65,77.62,82.0,78.76
2024-10-15,1020,74.79,86.59,90.35,83.91
2024-10-16,1020,90.38,84.38,94.24,89.67
2024-10-17,1020,76.93,88.7,76.24,80.62
2024-10-18,1020,79.28,79.19,85.65,81.37
2024-10-19,1020,72.87,83.5,73.0,76.46
2024-10-20,1020,78.12,77.89,84.24,80.08
2024-10-21,1020,83.7,85.49,88.25,85.81
2024-10-22,1020,86.72,78.29,73.74,79.58
2024-10-23,1020,85.31,79.12,78.0,80.81
2024-10-24,1020,83.15,77.15,74.4,78.23
2024-10-25,1020,90.36,87.25,85.61,87.74
2024-10-26,1020,79.13,78.03,86.11,81.09
2024-10-27,1020,87.41,77.45,73.17,79.34
2024-10-28,1020,77.01,82.37,77.44,78.94
2024-10-29,1020,90.2,82.23,88.35,86.93
2024-10-30,1020,76.78,82.47,86.8,82.02
2024-10-31,1020,72.78,80.06,73.69,75.51
2024-11-01,1020,79.59,85.12,90.12,84.94
2024-11-02,1020,77.36,81.26,78.99,79.2
2024-11-03,1020,88.99,76.14,80.85,81.99
2024-11-04,1020,78.89,77.67,93.79,83.45
2024-11-05,1020,88.39,76.08,87.89,84.12
2024-11-06,1020,79.96,87.26,83.67,83.63
2024-11-07,1020,73.14,78.55,71.93,74.54
2024-11-08,1020,80.08,78.1,91.12,83.1
2024-11-09,1020,81.31,79.11,81.71,80.71
2024-11-10,1020,73.93,85.08,88.33,82.45
2024-11-11,1020,82.22,82.37,81.73,82.11
2024-11-12,1020,75.76,77.03,75.97,76.25
2024-11-13,1020,76.27,85.43,90.2,83.97
2024-11-14,1020,87.74,83.96,77.23,82.98
2024-11-15,1020,83.07,88.82,77.43,83.11
2024-11-16,1020,82.24,81.8,89.32,84.45
2024-11-17,1020,86.23,81.96,72.58,80.26
2024-11-18,1020,88.67,81.3,83.82,84.6
2024-11-19,1020,78.55,84.38,94.3,85.74
2024-11-20,1020,82.91,76.62,76.08,78.54
2024-11-21,1020,84.75,82.32,93.02,86.7
2024-11-22,1020,78.42,78.85,94.51,83.93
2024-11-23,1020,79.52,78.43,72.92,76.96
2024-11-24,1020,89.92,81.25,76.09,82.42
2024-11-25,1020,73.76,86.65,80.47,80.29
2024-11-26,1020,73.56,80.59,82.48,78.88
2024-11-27,1020,86.62,77.26,71.56,78.48
2024-11-28,1020,86.2,77.61,70.75,78.19
2024-11-29,1020,86.11,78.42,84.4,82.98
2024-11-30,1020,82.01,79.89,75.55,79.15
2024-12-01,1020,80.52,77.55,87.96,82.01
2024-12-02,1020,79.36,82.72,72.39,78.16
2024-12-03,1020,88.6,87.87,88.09,88.19
2024-12-04,1020,85.93,88.02,73.9,82.62
2024-12-05,1020,78.91,81.09,93.49,84.5
2024-12-06,1020,89.68,82.01,91.31,87.67
2024-12-07,1020,75.85,88.65,74.32,79.61
2024-12-08,1020,80.3,79.04,93.82,84.39
2024-12-09,1020,74.94,86.6,83.38,81.64
2024-12-10,1020,75.99,80.3,88.18,81.49
2024-12-11,1020,73.78,83.39,93.0,83.39
2024-12-12,1020,85.43,79.9,86.25,83.86
2024-12-13,1020,88.55,84.68,76.44,83.22
2024-12-14,1020,83.05,86.14,81.09,83.43
2024-12-15,1020,75.37,86.04,87.28,82.9
2024-12-16,1020,88.28,84.93,82.6,85.27
2024-12-17,1020,80.11,87.01,89.32,85.48
2024-12-18,1020,86.01,76.19,75.05,79.08
2024-12-19,1020,73.56,82.35,70.68,75.53
2024-12-20,1020,86.01,88.18,75.58,83.26
2024-12-21,1020,81.39,83.08,70.87,78.45
2024-12-22,1020,86.45,83.24,76.67,82.12
2024-12-23,1020,89.71,87.19,71.6,82.83
2024-12-24,1020,76.66,88.05,88.64,84.45
2024-12-25,1020,86.93,81.33,85.85,84.7
2024-12-26,1020,84.68,81.68,75.79,80.72
2024-12-27,1020,85.59,79.48,88.14,84.4
2024-12-28,1020,85.94,84.44,76.66,82.35
2024-12-29,1020,87.63,76.73,72.82,79.06
2024-12-30,1020,86.76,79.0,83.4,83.05
2024-01-01,1021,66.66,69.18,69.63,68.49
2024-01-02,1021,70.45,68.1,67.76,68.77
2024-01-03,1021,79.28,74.13,69.28,74.23
2024-01-04,1021,73.81,69.56,67.46,70.28
2024-01-05,1021,73.69,75.88,79.28,76.28
2024-01-06,1021,71.7,72.78,79.16,74.55
2024-01-07,1021,68.83,78.15,81.22,76.07
2024-01-08,1021,64.35,70.37,77.47,70.73
2024-01-09,1021,77.58,73.88,83.17,78.21
2024-01-10,1021,68.79,76.94,67.21,70.98
2024-01-11,1021,76.2,69.49,63.14,69.61
2024-01-12,1021,66.66,68.28,81.16,72.03
2024-01-13,1021,67.74,77.79,63.51,69.68
2024-01-14,1021,69.86,70.14,76.39,72.13
2024-01-15,1021,77.08,69.84,76.6,74.51
2024-01-16,1021,73.61,68.6,63.32,68.51
2024-01-17,1021,77.99,72.9,77.94,76.28
2024-01-18,1021,67.65,70.37,73.58,70.53
2024-01-19,1021,72.1,66.78,62.38,67.09
2024-01-20,1021,71.58,68.97,74.54,71.7
2024-01-21,1021,74.05,75.63,67.89,72.52
2024-01-22,1021,75.9,77.31,71.27,74.83
2024-01-23,1021,67.82,66.74,75.8,70.12
2024-01-24,1021,75.35,74.45,63.25,71.02
2024-01-25,1021,65.02,71.55,77.52,71.36
2024-01-26,1021,66.43,75.83,82.46,74.91
2024-01-27,1021,73.48,77.51,76.67,75.89
2024-01-28,1021,76.84,69.01,62.25,69.37
2024-01-29,1021,64.52,78.1,76.15,72.92
2024-01-30,1021,70.08,69.68,65.65,68.47
2024-01-31,1021,71.36,71.22,65.31,69.3
2024-02-01,1021,77.63,67.27,69.93,71.61
2024-02-02,1021,68.82,68.04,73.22,70.03
2024-02-03,1021,67.81,75.08,62.31,68.4
2024-02-04,1021,67.48,75.99,81.91,75.13
2024-02-05,1021,70.84,73.26,81.58,75.23
2024-02-06,1021,67.93,75.82,66.06,69.94
2024-02-07,1021,72.92,67.75,70.52,70.4
2024-02-08,1021,76.36,73.61,67.12,72.36
2024-02-09,1021,66.38,76.32,82.81,75.17
2024-02-10,1021,73.51,70.7,76.36,73.52
2024-02-11,1021,73.69,69.21,77.43,73.44
2024-02-12,1021,70.08,66.87,82.74,73.23
2024-02-13,1021,67.94,75.39,73.99,72.44
2024-02-14,1021,71.71,74.36,61.98,69.35
2024-02-15,1021,75.94,72.96,81.24,76.71
2024-02-16,1021,69.92,73.92,68.59,70.81
2024-02-17,1021,65.6,67.95,62.59,65.38
2024-02-18,1021,65.33,73.1,74.34,70.92
2024-02-19,1021,73.71,68.02,63.58,68.44
2024-02-20,1021,66.41,69.67,77.97,71.35
2024-02-21,1021,67.18,74.03,78.42,73.21
2024-02-22,1021,73.02,74.54,72.21,73.26
2024-02-23,1021,72.33,73.62,83.19,76.38
2024-02-24,1021,64.37,71.32,82.05,72.58
2024-02-25,1021,65.17,73.32,72.87,70.45
2024-02-26,1021,73.71,69.4,70.01,71.04
2024-02-27,1021,77.86,68.65,67.41,71.31
2024-02-28,1021,68.62,78.32,63.7,70.21
2024-02-29,1021,73.71,75.38,78.01,75.7
2024-03-01,1021,73.89,72.73,69.9,72.17
2024-03-02,1021,67.5,70.33,71.22,69.68
2024-03-03,1021,77.94,73.64,71.37,74.32
2024-03-04,1021,69.68,73.74,77.53,73.65
2024-03-05,1021,65.51,78.19,63.52,69.07
2024-03-06,1021,77.63,70.86,78.37,75.62
2024-03-07,1021,77.31,66.89,81.87,75.36
2024-03-08,1021,76.49,76.92,66.07,73.16
2024-03-09,1021,65.57,75.19,64.61,68.46
2024-03-10,1021,78.26,75.6,79.61,77.82
2024-03-11,1021,71.75,78.2,63.9,71.28
2024-03-12,1021,73.09,75.15,79.93,76.06
2024-03-13,1021,66.97,66.92,64.52,66.14
2024-03-14,1021,71.42,75.52,72.24,73.06
2024-03-15,1021,76.22,75.53,68.34,73.36
2024-03-16,1021,76.81,75.4,74.9,75.7
2024-03-17,1021,64.63,67.26,65.72,65.87
2024-03-18,1021,69.54,71.89,74.58,72.0
2024-03-19,1021,67.99,76.12,81.62,75.24
2024-03-20,1021,78.17,77.45,62.76,72.79
2024-03-21,1021,68.64,77.34,66.37,70.78
2024-03-22,1021,67.99,78.02,66.68,70.9
2024-03-23,1021,65.71,67.86,68.69,67.42
2024-03-24,1021,77.89,73.0,70.21,73.7
2024-03-25,1021,75.38,77.23,82.63,78.41
2024-03-26,1021,73.91,68.63,62.81,68.45
2024-03-27,1021,72.93,73.17,78.08,74.73
2024-03-28,1021,71.32,77.14,72.96,73.81
2024-03-29,1021,79.25,76.88,74.36,76.83
2024-03-30,1021,76.16,73.47,70.39,73.34
2024-03-31,1021,64.19,67.77,63.71,65.22
2024-04-01,1021,76.65,70.8,62.03,69.83
2024-04-02,1021,69.4,77.88,63.86,70.38
2024-04-03,1021,71.82,75.61,80.44,75.96
2024-04-04,1021,73.52,76.73,71.01,73.75
2024-04-05,1021,79.13,66.9,66.88,70.97
2024-04-06,1021,68.98,69.5,75.76,71.41
2024-04-07,1021,70.34,70.85,69.2,70.13
2024-04-08,1021,76.56,71.53,74.4,74.16
2024-04-09,1021,77.87,70.57,69.27,72.57
2024-04-10,1021,75.89,74.64,63.95,71.49
2024-04-11,1021,67.6,76.06,70.56,71.41
2024-04-12,1021,72.42,68.2,73.32,71.31
2024-04-13,1021,74.48,76.91,65.25,72.21
2024-04-14,1021,77.29,72.68,80.41,76.79
2024-04-15,1021,68.81,77.97,79.08,75.29
2024-04-16,1021,76.27,78.22,67.72,74.07
2024-04-17,1021,79.02,75.38,69.19,74.53
2024-04-18,1021,73.3,77.39,78.32,76.34
2024-04-19,1021,73.28,76.59,79.95,76.61
2024-04-20,1021,73.14,72.16,72.32,72.54
2024-04-21,1021,68.91,72.1,66.02,69.01
2024-04-22,1021,65.69,68.91,73.14,69.25
2024-04-23,1021,77.6,76.55,69.22,74.46
2024-04-24,1021,64.24,73.46,74.65,70.78
2024-04-25,1021,69.5,71.81,76.26,72.52
2024-04-26,1021,74.47,76.67,63.5,71.55
2024-04-27,1021,66.66,74.04,80.92,73.87
2024-04-28,1021,65.48,74.44,71.54,70.49
2024-04-29,1021,73.1,71.65,73.81,72.85
2024-04-30,1021,69.8,75.27,77.02,74.03
2024-05-01,1021,68.85,75.82,72.46,72.38
2024-05-02,1021,65.94,68.8,78.16,70.97
2024-05-03,1021,68.51,76.78,77.38,74.22
2024-05-04,1021,73.07,68.0,77.12,72.73
2024-05-05,1021,75.57,73.12,73.82,74.17
2024-05-06,1021,67.29,75.65,67.56,70.17
2024-05-07,1021,67.19,74.33,81.82,74.45
2024-05-08,1021,79.41,76.71,73.79,76.64
2024-05-09,1021,77.26,76.63,80.06,77.98
2024-05-10,1021,68.79,66.77,78.28,71.28
2024-05-11,1021,77.29,67.33,81.83,75.48
2024-05-12,1021,71.08,67.91,76.32,71.77
2024-05-13,1021,74.86,78.09,66.89,73.28
2024-05-14,1021,70.63,70.0,71.36,70.66
2024-05-15,1021,70.93,74.06,75.52,73.5
2024-05-16,1021,78.94,71.28,66.37,72.2
2024-05-17,1021,64.02,69.93,79.6,71.18
2024-05-18,1021,78.68,67.77,75.04,73.83
2024-05-19,1021,67.24,74.01,62.27,67.84
2024-05-20,1021,76.51,70.74,64.66,70.64
2024-05-21,1021,79.33,78.21,70.58,76.04
2024-05-22,1021,76.49,72.66,69.6,72.92
2024-05-23,1021,66.77,76.09,62.05,68.3
2024-05-24,1021,67.44,66.76,73.83,69.34
2024-05-25,1021,68.31,67.75,72.64,69.57
2024-05-26,1021,71.14,73.57,73.1,72.6
2024-05-27,1021,66.09,74.77,73.15,71.34
2024-05-28,1021,69.02,73.32,63.27,68.54
2024-05-29,1021,76.63,76.99,78.14,77.25
2024-05-30,1021,69.3,77.69,81.55,76.18
2024-05-31,1021,77.64,70.48,64.99,71.04
2024-06-01,1021,69.88,76.1,68.07,71.35
2024-06-02,1021,76.84,78.19,73.2,76.08
2024-06-03,1021,71.69,71.45,75.03,72.72
2024-06-04,1021,74.49,75.38,76.33,75.4
2024-06-05,1021,76.36,67.08,83.25,75.56
2024-06-06,1021,79.25,73.84,62.88,71.99
2024-06-07,1021,69.72,72.06,78.51,73.43
2024-06-08,1021,68.64,72.99,67.06,69.56
2024-06-09,1021,69.29,67.32,69.13,68.58
2024-06-10,1021,79.18,75.39,70.98,75.18
2024-06-11,1021,73.84,72.64,76.4,74.29
2024-06-12,1021,68.49,75.98,65.38,69.95
2024-06-13,1021,72.59,67.47,65.48,68.51
2024-06-14,1021,69.31,76.32,66.56,70.73
2024-06-15,1021,74.8,70.15,74.77,73.24
2024-06-16,1021,72.21,68.43,62.17,67.6
2024-06-17,1021,68.28,78.02,77.5,74.6
2024-06-18,1021,75.15,75.59,63.11,71.28
2024-06-19,1021,64.95,71.52,75.06,70.51
2024-06-20,1021,74.03,73.45,80.55,76.01
2024-06-21,1021,73.36,74.83,80.37,76.19
2024-06-22,1021,71.81,69.9,80.74,74.15
2024-06-23,1021,66.07,70.38,70.9,69.12
2024-06-24,1021,68.37,74.69,63.34,68.8
2024-06-25,1021,76.04,77.08,68.99,74.04
2024-06-26,1021,69.07,78.16,80.71,75.98
2024-06-27,1021,67.51,72.7,76.52,72.24
2024-06-28,1021,73.3,78.21,62.21,71.24
2024-06-29,1021,65.95,70.62,80.9,72.49
2024-06-30,1021,78.28,67.81,71.95,72.68
2024-07-01,1021,68.04,73.26,77.07,72.79
2024-07-02,1021,67.91,76.39,71.44,71.91
2024-07-03,1021,69.89,68.82,73.74,70.82
2024-07-04,1021,77.9,69.17,65.15,70.74
2024-07-05,1021,70.76,69.29,70.9,70.32
2024-07-06,1021,71.79,75.87,68.46,72.04
2024-07-07,1021,78.74,72.78,65.42,72.31
2024-07-08,1021,64.27,72.83,68.99,68.7
2024-07-09,1021,76.49,70.39,66.51,71.13
2024-07-10,1021,73.89,74.82,83.22,77.31
2024-07-11,1021,64.86,74.46,75.96,71.76
2024-07-12,1021,78.9,73.12,75.78,75.93
2024-07-13,1021,72.8,73.27,82.18,76.08
2024-07-14,1021,78.68,75.28,62.06,72.01
2024-07-15,1021,73.13,74.87,66.22,71.41
2024-07-16,1021,73.96,77.42,79.34,76.91
2024-07-17,1021,79.04,68.32,82.95,76.77
2024-07-18,1021,76.18,75.9,77.64,76.57
2024-07-19,1021,74.99,72.47,74.61,74.02
2024-07-20,1021,72.17,66.83,76.61,71.87
2024-07-21,1021,67.18,67.0,72.16,68.78
2024-07-22,1021,67.16,77.72,61.73,68.87
2024-07-23,1021,66.57,72.21,83.17,73.98
2024-07-24,1021,71.13,72.16,79.11,74.13
2024-07-25,1021,68.84,70.19,83.32,74.12
2024-07-26,1021,70.62,75.11,67.89,71.21
2024-07-27,1021,76.65,69.7,76.74,74.36
2024-07-28,1021,70.42,73.11,64.95,69.49
2024-07-29,1021,69.3,71.84,71.68,70.94
2024-07-30,1021,77.36,68.62,76.14,74.04
2024-07-31,1021,64.88,76.36,72.34,71.19
2024-08-01,1021,70.33,70.37,69.54,70.08
2024-08-02,1021,70.51,75.56,78.92,75.0
2024-08-03,1021,71.53,68.28,67.41,69.07
2024-08-04,1021,67.9,71.16,74.28,71.11
2024-08-05,1021,74.65,76.77,80.66,77.36
2024-08-06,1021,67.83,72.56,69.46,69.95
2024-08-07,1021,79.39,70.75,70.77,73.64
2024-08-08,1021,70.43,67.92,82.73,73.69
2024-08-09,1021,79.11,71.46,77.29,75.95
2024-08-10,1021,64.05,68.19,70.9,67.71
2024-08-11,1021,72.17,73.94,63.83,69.98
2024-08-12,1021,74.33,67.03,73.41,71.59
2024-08-13,1021,70.42,70.52,81.53,74.16
2024-08-14,1021,78.16,70.56,73.21,73.98
2024-08-15,1021,76.99,74.09,62.97,71.35
2024-08-16,1021,68.38,73.95,74.67,72.33
2024-08-17,1021,73.05,75.75,72.33,73.71
2024-08-18,1021,75.54,77.67,68.87,74.03
2024-08-19,1021,74.06,73.14,62.53,69.91
2024-08-20,1021,78.3,73.06,71.5,74.29
2024-08-21,1021,74.29,73.87,69.75,72.64
2024-08-22,1021,70.66,72.31,79.55,74.17
2024-08-23,1021,71.2,69.49,63.64,68.11
2024-08-24,1021,64.03,69.28,78.79,70.7
2024-08-25,1021,78.97,73.95,62.96,71.96
2024-08-26,1021,72.45,67.52,66.53,68.83
2024-08-27,1021,70.85,69.63,64.56,68.35
2024-08-28,1021,64.6,78.23,66.17,69.67
2024-08-29,1021,73.16,72.34,76.16,73.89
2024-08-30,1021,75.6,67.02,73.42,72.01
2024-08-31,1021,76.45,68.38,82.01,75.61
2024-09-01,1021,63.92,75.89,80.82,73.54
2024-09-02,1021,78.41,72.2,79.01,76.54
2024-09-03,1021,68.93,68.58,77.89,71.8
2024-09-04,1021,77.62,69.3,68.89,71.94
2024-09-05,1021,77.35,70.98,74.31,74.21
2024-09-06,1021,66.6,67.26,71.85,68.57
2024-09-07,1021,65.27,72.36,79.04,72.22
2024-09-08,1021,77.99,77.37,68.72,74.69
2024-09-09,1021,78.86,72.63,82.54,78.01
2024-09-10,1021,76.29,75.82,77.58,76.56
2024-09-11,1021,73.98,72.05,71.81,72.61
2024-09-12,1021,70.32,68.44,63.97,67.58
2024-09-13,1021,65.51,71.9,67.37,68.26
2024-09-14,1021,65.92,76.02,78.17,73.37
2024-09-15,1021,73.55,75.01,71.97,73.51
2024-09-16,1021,69.75,69.27,70.54,69.85
2024-09-17,1021,68.61,76.38,80.83,75.27
2024-09-18,1021,73.6,67.4,76.69,72.56
2024-09-19,1021,66.61,67.06,75.52,69.73
2024-09-20,1021,69.99,68.76,72.71,70.49
2024-09-21,1021,67.85,69.22,79.37,72.15
2024-09-22,1021,65.79,69.33,74.17,69.76
2024-09-23,1021,77.1,67.23,79.51,74.61
2024-09-24,1021,70.47,72.95,66.71,70.04
2024-09-25,1021,77.66,77.63,72.18,75.82
2024-09-26,1021,70.48,67.21,77.32,71.67
2024-09-27,1021,64.16,77.54,67.14,69.61
2024-09-28,1021,71.29,67.64,73.66,70.86
2024-09-29,1021,77.41,70.09,76.42,74.64
2024-09-30,1021,72.09,67.53,69.21,69.61
2024-10-01,1021,74.36,67.33,72.2,71.3
2024-10-02,1021,77.78,74.06,82.51,78.12
2024-10-03,1021,73.51,75.38,81.28,76.72
2024-10-04,1021,72.47,73.68,71.34,72.5
2024-10-05,1021,79.42,75.86,77.92,77.73
2024-10-06,1021,66.53,69.33,61.79,65.88
2024-10-07,1021,68.12,67.79,68.96,68.29
2024-10-08,1021,68.04,70.67,81.4,73.37
2024-10-09,1021,73.81,70.64,79.44,74.63
2024-10-10,1021,64.92,75.46,71.37,70.58
2024-10-11,1021,66.34,75.99,79.69,74.01
2024-10-12,1021,78.71,73.97,78.98,77.22
2024-10-13,1021,77.72,70.65,77.46,75.28
2024-10-14,1021,76.19,68.03,77.49,73.9
2024-10-15,1021,76.6,72.93,76.33,75.29
2024-10-16,1021,65.46,73.66,61.79,66.97
2024-10-17,1021,67.94,71.3,80.16,73.13
2024-10-18,1021,76.24,73.44,74.39,74.69
2024-10-19,1021,72.3,70.43,63.71,68.81
2024-10-20,1021,73.64,67.96,74.06,71.89
2024-10-21,1021,73.82,78.17,62.32,71.44
2024-10-22,1021,75.46,71.21,74.95,73.87
2024-10-23,1021,75.37,77.23,65.65,72.75
2024-10-24,1021,75.57,77.86,64.86,72.76
2024-10-25,1021,70.03,75.47,76.04,73.85
2024-10-26,1021,72.49,71.94,81.64,75.36
2024-10-27,1021,71.48,73.99,69.48,71.65
2024-10-28,1021,74.4,74.26,69.57,72.74
2024-10-29,1021,68.45,76.58,74.89,73.31
2024-10-30,1021,74.13,74.93,79.54,76.2
2024-10-31,1021,70.38,76.71,66.45,71.18
2024-11-01,1021,69.01,78.15,63.92,70.36
2024-11-02,1021,67.29,73.45,72.65,71.13
2024-11-03,1021,67.56,68.86,77.88,71.43
2024-11-04,1021,79.29,76.99,72.48,76.25
2024-11-05,1021,73.58,70.14,73.93,72.55
2024-11-06,1021,68.31,77.79,83.01,76.37
2024-11-07,1021,77.92,67.19,76.22,73.78
2024-11-08,1021,78.4,72.52,70.67,73.86
2024-11-09,1021,64.82,77.44,63.45,68.57
2024-11-10,1021,76.23,75.15,62.5,71.29
2024-11-11,1021,65.13,67.64,79.83,70.87
2024-11-12,1021,66.47,76.99,83.16,75.54
2024-11-13,1021,68.0,76.39,69.18,71.19
2024-11-14,1021,72.47,76.68,71.89,73.68
2024-11-15,1021,66.62,72.01,72.49,70.37
2024-11-16,1021,72.84,77.04,72.84,74.24
2024-11-17,1021,77.68,67.38,64.21,69.76
2024-11-18,1021,72.33,66.96,72.87,70.72
2024-11-19,1021,77.07,74.68,71.95,74.57
2024-11-20,1021,69.28,70.86,81.58,73.91
2024-11-21,1021,79.75,76.81,76.98,77.85
2024-11-22,1021,77.81,69.52,72.29,73.21
2024-11-23,1021,72.97,69.57,68.01,70.18
2024-11-24,1021,70.54,72.53,63.79,68.95
2024-11-25,1021,72.0,70.9,73.97,72.29
2024-11-26,1021,68.51,67.56,65.34,67.14
2024-11-27,1021,70.48,75.29,67.58,71.12
2024-11-28,1021,68.55,75.95,65.08,69.86
2024-11-29,1021,67.56,77.21,62.75,69.17
2024-11-30,1021,64.88,75.23,71.85,70.65
2024-12-01,1021,68.98,72.35,67.32,69.55
2024-12-02,1021,79.2,71.84,61.93,70.99
2024-12-03,1021,64.05,71.07,63.02,66.05
2024-12-04,1021,78.3,71.48,79.86,76.55
2024-12-05,1021,64.83,76.46,80.85,74.05
2024-12-06,1021,72.79,69.8,75.65,72.75
2024-12-07,1021,71.43,74.28,61.95,69.22
2024-12-08,1021,66.35,71.73,82.63,73.57
2024-12-09,1021,69.41,68.17,62.42,66.67
2024-12-10,1021,79.12,76.16,69.28,74.85
2024-12-11,1021,74.14,71.65,76.7,74.16
2024-12-12,1021,71.84,75.91,62.2,69.98
2024-12-13,1021,68.14,67.79,65.84,67.26
2024-12-14,1021,78.63,68.62,66.09,71.11
2024-12-15,1021,74.1,71.63,79.31,75.01
2024-12-16,1021,68.95,74.9,75.9,73.25
2024-12-17,1021,73.63,77.67,64.54,71.95
2024-12-18,1021,72.21,77.89,74.83,74.98
2024-12-19,1021,67.81,74.79,81.74,74.78
2024-12-20,1021,68.88,72.73,74.09,71.9
2024-12-21,1021,75.93,75.2,79.91,77.01
2024-12-22,1021,77.54,74.46,82.49,78.16
2024-12-23,1021,75.06,77.5,79.59,77.38
2024-12-24,1021,75.28,76.02,78.04,76.45
2024-12-25,1021,74.35,72.28,82.57,76.4
2024-12-26,1021,79.69,67.81,67.66,71.72
2024-12-27,1021,69.35,77.09,74.26,73.57
2024-12-28,1021,65.04,73.18,65.42,67.88
2024-12-29,1021,64.77,70.22,75.06,70.02
2024-12-30,1021,78.34,70.79,68.96,72.7
2024-01-01,1022,91.83,97.13,116.14,101.7
2024-01-02,1022,102.54,96.42,107.72,102.23
2024-01-03,1022,108.65,99.5,90.34,99.5
2024-01-04,1022,105.47,109.1,102.03,105.53
2024-01-05,1022,97.25,95.59,103.45,98.76
2024-01-06,1022,94.1,100.2,107.73,100.68
2024-01-07,1022,112.39,105.94,102.79,107.04
2024-01-08,1022,90.63,95.49,106.94,97.69
2024-01-09,1022,96.78,96.3,115.14,102.74
2024-01-10,1022,104.18,102.72,104.69,103.86
2024-01-11,1022,107.61,97.77,99.18,101.52
2024-01-12,1022,96.69,97.31,87.64,93.88
2024-01-13,1022,93.56,100.11,87.64,93.77
2024-01-14,1022,99.34,110.3,107.86,105.83
2024-01-15,1022,108.94,109.65,94.26,104.28
2024-01-16,1022,96.95,101.95,90.0,96.3
2024-01-17,1022,102.69,104.41,115.14,107.41
2024-01-18,1022,91.42,108.66,101.71,100.6
2024-01-19,1022,101.07,99.51,87.94,96.17
2024-01-20,1022,97.58,107.37,100.73,101.89
2024-01-21,1022,95.83,107.77,112.08,105.23
2024-01-22,1022,90.98,99.98,109.45,100.14
2024-01-23,1022,101.5,102.97,107.76,104.08
2024-01-24,1022,109.11,97.82,104.5,103.81
2024-01-25,1022,99.99,109.89,110.62,106.83
2024-01-26,1022,100.06,102.79,96.02,99.62
2024-01-27,1022,108.12,101.27,89.19,99.53
2024-01-28,1022,109.68,106.95,91.47,102.7
2024-01-29,1022,102.87,102.59,94.0,99.82
2024-01-30,1022,90.5,106.93,103.18,100.2
2024-01-31,1022,105.02,100.92,101.59,102.51
2024-02-01,1022,103.11,107.36,95.04,101.84
2024-02-02,1022,110.52,96.44,94.28,100.41
2024-02-03,1022,104.85,104.65,98.77,102.76
2024-02-04,1022,93.79,97.96,102.74,98.16
2024-02-05,1022,110.81,109.19,94.07,104.69
2024-02-06,1022,110.97,100.69,100.82,104.16
2024-02-07,1022,92.77,101.34,106.37,100.16
2024-02-08,1022,92.76,99.16,109.53,100.48
2024-02-09,1022,91.03,104.71,103.84,99.86
2024-02-10,1022,112.02,104.5,100.8,105.77
2024-02-11,1022,99.41,102.81,102.5,101.57
2024-02-12,1022,91.35,109.18,93.67,98.07
2024-02-13,1022,112.05,102.94,100.76,105.25
2024-02-14,1022,108.5,96.94,111.67,105.7
2024-02-15,1022,104.88,101.39,106.71,104.33
2024-02-16,1022,95.87,97.35,112.84,102.02
2024-02-17,1022,108.68,105.91,115.06,109.88
2024-02-18,1022,105.99,97.57,97.05,100.2
2024-02-19,1022,101.19,102.24,100.24,101.22
2024-02-20,1022,97.23,103.46,91.57,97.42
2024-02-21,1022,112.49,100.1,91.73,101.44
2024-02-22,1022,104.59,102.3,110.6,105.83
2024-02-23,1022,107.74,108.05,105.38,107.06
2024-02-24,1022,103.48,109.01,105.44,105.98
2024-02-25,1022,109.96,96.18,101.55,102.56
2024-02-26,1022,104.76,102.45,94.89,100.7
2024-02-27,1022,109.4,98.69,106.57,104.89
2024-02-28,1022,108.37,94.21,105.27,102.62
2024-02-29,1022,104.26,96.91,108.03,103.07
2024-03-01,1022,97.58,101.93,106.09,101.87
2024-03-02,1022,97.36,102.16,108.16,102.56
2024-03-03,1022,102.75,98.99,93.43,98.39
2024-03-04,1022,91.17,103.73,92.41,95.77
2024-03-05,1022,104.27,108.1,106.45,106.27
2024-03-06,1022,90.75,96.18,89.92,92.28
2024-03-07,1022,102.06,96.05,115.72,104.61
2024-03-08,1022,91.03,108.12,111.69,103.61
2024-03-09,1022,107.82,95.01,89.34,97.39
2024-03-10,1022,91.45,95.81,115.58,100.95
2024-03-11,1022,107.85,94.83,87.68,96.79
2024-03-12,1022,109.87,99.25,98.87,102.66
2024-03-13,1022,97.76,96.59,109.95,101.43
2024-03-14,1022,107.87,103.76,102.03,104.55
2024-03-15,1022,104.68,108.38,105.85,106.3
2024-03-16,1022,102.04,96.99,97.31,98.78
2024-03-17,1022,99.22,106.61,87.18,97.67
2024-03-18,1022,98.56,99.75,92.31,96.87
2024-03-19,1022,99.93,105.18,100.93,102.01
2024-03-20,1022,94.35,98.71,89.44,94.17
2024-03-21,1022,91.99,103.57,116.5,104.02
2024-03-22,1022,95.51,98.74,109.61,101.29
2024-03-23,1022,92.8,109.47,112.95,105.07
2024-03-24,1022,102.14,98.82,95.7,98.89
2024-03-25,1022,108.77,96.04,113.92,106.24
2024-03-26,1022,109.7,103.97,113.07,108.91
2024-03-27,1022,96.63,100.52,104.44,100.53
2024-03-28,1022,93.4,94.29,113.14,100.28
2024-03-29,1022,108.11,109.65,109.98,109.25
2024-03-30,1022,107.18,109.02,117.67,111.29
2024-03-31,1022,91.13,98.85,98.41,96.13
2024-04-01,1022,97.01,109.41,96.42,100.95
2024-04-02,1022,106.86,101.9,116.08,108.28
2024-04-03,1022,107.09,100.2,111.78,106.36
2024-04-04,1022,111.02,95.72,87.13,97.96
2024-04-05,1022,109.51,109.28,101.82,106.87
2024-04-06,1022,95.17,99.05,90.11,94.78
2024-04-07,1022,111.02,106.28,109.21,108.84
2024-04-08,1022,111.4,109.44,88.2,103.01
2024-04-09,1022,96.72,110.42,95.95,101.03
2024-04-10,1022,97.35,109.3,100.52,102.39
2024-04-11,1022,91.9,106.56,110.6,103.02
2024-04-12,1022,103.12,105.56,115.39,108.02
2024-04-13,1022,90.63,106.1,116.64,104.46
2024-04-14,1022,101.77,106.1,87.03,98.3
2024-04-15,1022,102.27,96.18,107.64,102.03
2024-04-16,1022,92.19,103.82,96.77,97.59
2024-04-17,1022,112.56,98.39,88.9,99.95
2024-04-18,1022,94.1,103.95,105.19,101.08
2024-04-19,1022,102.02,98.56,113.78,104.79
2024-04-20,1022,93.61,96.08,114.0,101.23
2024-04-21,1022,99.71,104.59,115.51,106.6
2024-04-22,1022,109.11,101.57,97.76,102.81
2024-04-23,1022,92.2,106.75,93.26,97.4
2024-04-24,1022,102.37,95.28,102.61,100.09
2024-04-25,1022,93.84,101.46,115.39,103.56
2024-04-26,1022,107.78,95.66,104.86,102.77
2024-04-27,1022,94.64,106.96,91.97,97.86
2024-04-28,1022,91.17,101.74,110.53,101.15
2024-04-29,1022,106.29,103.89,108.97,106.38
2024-04-30,1022,100.88,104.17,89.84,98.3
2024-05-01,1022,95.12,95.69,105.34,98.72
2024-05-02,1022,104.0,102.36,102.17,102.84
2024-05-03,1022,103.98,98.54,113.76,105.43
2024-05-04,1022,98.72,104.06,98.07,100.28
2024-05-05,1022,99.22,107.79,94.69,100.57
2024-05-06,1022,112.07,95.22,89.16,98.82
2024-05-07,1022,99.31,107.77,93.11,100.06
2024-05-08,1022,110.46,110.11,101.9,107.49
2024-05-09,1022,97.25,97.88,116.63,103.92
2024-05-10,1022,108.94,103.99,92.18,101.7
2024-05-11,1022,110.97,109.46,96.56,105.66
2024-05-12,1022,104.81,99.65,102.85,102.44
2024-05-13,1022,93.22,98.93,116.98,103.04
2024-05-14,1022,95.31,101.4,100.51,99.07
2024-05-15,1022,102.11,95.36,111.63,103.03
2024-05-16,1022,104.65,97.99,95.15,99.26
2024-05-17,1022,94.82,103.39,93.16,97.12
2024-05-18,1022,104.6,102.8,109.16,105.52
2024-05-19,1022,105.4,96.05,94.57,98.67
2024-05-20,1022,104.17,97.19,105.37,102.24
2024-05-21,1022,95.62,105.29,105.77,102.23
2024-05-22,1022,101.08,106.51,92.86,100.15
2024-05-23,1022,100.93,100.5,109.92,103.78
2024-05-24,1022,93.53,106.11,101.18,100.27
2024-05-25,1022,90.66,101.65,97.01,96.44
2024-05-26,1022,108.67,102.38,111.79,107.61
2024-05-27,1022,98.93,96.98,89.24,95.05
2024-05-28,1022,106.25,109.26,91.98,102.5
2024-05-29,1022,96.54,109.25,114.29,106.69
2024-05-30,1022,112.07,109.84,99.97,107.29
2024-05-31,1022,96.68,109.51,111.41,105.87
2024-06-01,1022,105.87,98.91,88.16,97.65
2024-06-02,1022,107.26,108.35,97.89,104.5
2024-06-03,1022,97.38,106.35,103.04,102.26
2024-06-04,1022,94.85,96.87,98.44,96.72
2024-06-05,1022,94.21,110.19,91.48,98.63
2024-06-06,1022,99.24,99.23,98.74,99.07
2024-06-07,1022,103.22,104.5,112.94,106.89
2024-06-08,1022,91.85,109.91,116.1,105.95
2024-06-09,1022,95.72,106.56,113.96,105.41
2024-06-10,1022,94.42,100.03,109.21,101.22
2024-06-11,1022,107.34,99.65,89.34,98.78
2024-06-12,1022,98.43,105.75,112.09,105.42
2024-06-13,1022,100.79,108.06,104.3,104.38
2024-06-14,1022,98.47,102.04,98.21,99.57
2024-06-15,1022,97.65,98.37,97.87,97.96
2024-06-16,1022,107.82,107.97,113.38,109.72
2024-06-17,1022,100.4,100.48,98.73,99.87
2024-06-18,1022,103.96,100.43,96.56,100.32
2024-06-19,1022,103.61,110.12,112.58,108.77
2024-06-20,1022,105.25,106.07,101.26,104.19
2024-06-21,1022,95.79,109.57,106.32,103.89
2024-06-22,1022,106.22,105.76,105.34,105.77
2024-06-23,1022,98.19,109.52,101.72,103.14
2024-06-24,1022,93.01,100.12,105.68,99.6
2024-06-25,1022,103.82,99.01,96.56,99.8
2024-06-26,1022,90.17,94.61,97.99,94.26
2024-06-27,1022,109.43,98.66,102.46,103.52
2024-06-28,1022,106.85,96.22,87.8,96.96
2024-06-29,1022,99.9,98.9,96.81,98.54
2024-06-30,1022,101.72,103.55,107.46,104.24
2024-07-01,1022,107.24,101.52,98.41,102.39
2024-07-02,1022,93.18,103.06,108.0,101.41
2024-07-03,1022,101.79,104.74,92.48,99.67
2024-07-04,1022,96.02,102.24,112.61,103.62
2024-07-05,1022,91.08,104.36,99.91,98.45
2024-07-06,1022,108.28,94.37,110.89,104.51
2024-07-07,1022,100.15,103.53,91.1,98.26
2024-07-08,1022,91.0,104.94,116.23,104.06
2024-07-09,1022,91.33,94.91,91.85,92.7
2024-07-10,1022,109.07,105.72,105.6,106.8
2024-07-11,1022,100.32,108.33,103.95,104.2
2024-07-12,1022,107.03,94.38,115.08,105.5
2024-07-13,1022,103.7,103.64,101.57,102.97
2024-07-14,1022,107.68,96.06,88.54,97.43
2024-07-15,1022,105.1,102.26,110.11,105.82
2024-07-16,1022,110.09,109.5,115.31,111.63
2024-07-17,1022,110.65,105.87,116.3,110.94
2024-07-18,1022,102.59,96.0,93.61,97.4
2024-07-19,1022,112.21,96.1,99.67,102.66
2024-07-20,1022,104.34,105.01,87.05,98.8
2024-07-21,1022,109.55,99.3,98.28,102.38
2024-07-22,1022,90.4,96.11,108.05,98.19
2024-07-23,1022,95.96,102.69,116.95,105.2
2024-07-24,1022,98.71,110.01,109.08,105.93
2024-07-25,1022,102.68,100.01,94.38,99.02
2024-07-26,1022,96.44,109.43,93.07,99.65
2024-07-27,1022,110.81,107.8,108.66,109.09
2024-07-28,1022,111.35,94.55,111.4,105.77
2024-07-29,1022,95.31,95.15,117.47,102.64
2024-07-30,1022,106.18,103.29,111.93,107.13
2024-07-31,1022,100.43,104.57,117.05,107.35
2024-08-01,1022,109.13,103.7,114.45,109.09
2024-08-02,1022,107.66,96.37,96.4,100.14
2024-08-03,1022,111.26,109.87,102.44,107.86
2024-08-04,1022,100.37,97.28,109.94,102.53
2024-08-05,1022,108.83,104.22,94.26,102.44
2024-08-06,1022,96.05,108.06,115.55,106.55
2024-08-07,1022,95.45,96.09,88.79,93.44
2024-08-08,1022,110.96,98.14,98.23,102.44
2024-08-09,1022,105.49,101.25,93.04,99.93
2024-08-10,1022,96.66,100.0,101.08,99.25
2024-08-11,1022,103.46,103.93,98.47,101.95
2024-08-12,1022,103.18,95.35,102.09,100.21
2024-08-13,1022,94.32,105.7,89.48,96.5
2024-08-14,1022,104.95,109.19,94.62,102.92
2024-08-15,1022,111.71,110.08,92.78,104.86
2024-08-16,1022,95.18,95.55,91.81,94.18
2024-08-17,1022,107.89,99.61,116.75,108.08
2024-08-18,1022,105.87,108.71,111.43,108.67
2024-08-19,1022,90.38,102.51,101.61,98.17
2024-08-20,1022,106.49,105.65,95.09,102.41
2024-08-21,1022,92.82,107.04,108.31,102.72
2024-08-22,1022,110.67,96.35,113.72,106.91
2024-08-23,1022,96.53,97.14,102.07,98.58
2024-08-24,1022,103.86,108.78,106.35,106.33
2024-08-25,1022,94.3,102.74,111.47,102.84
2024-08-26,1022,96.08,96.95,95.43,96.15
2024-08-27,1022,94.89,96.09,98.19,96.39
2024-08-28,1022,111.83,106.47,105.4,107.9
2024-08-29,1022,103.5,103.0,112.99,106.5
2024-08-30,1022,99.62,110.04,111.44,107.03
2024-08-31,1022,100.7,100.15,97.65,99.5
2024-09-01,1022,104.86,103.57,91.43,99.95
2024-09-02,1022,105.01,101.51,92.61,99.71
2024-09-03,1022,91.31,102.07,112.24,101.87
2024-09-04,1022,105.94,96.22,106.8,102.99
2024-09-05,1022,93.29,100.6,104.4,99.43
2024-09-06,1022,97.29,101.74,113.37,104.13
2024-09-07,1022,100.79,99.02,106.22,102.01
2024-09-08,1022,101.45,95.58,106.26,101.1
2024-09-09,1022,90.33,97.46,99.46,95.75
2024-09-10,1022,106.12,108.19,106.87,107.06
2024-09-11,1022,112.27,98.45,95.18,101.97
2024-09-12,1022,92.24,98.6,101.83,97.56
2024-09-13,1022,106.83,100.55,113.57,106.98
2024-09-14,1022,104.49,97.48,89.8,97.26
2024-09-15,1022,96.74,102.15,87.68,95.52
2024-09-16,1022,90.72,110.44,96.57,99.24
2024-09-17,1022,105.01,98.12,102.45,101.86
2024-09-18,1022,91.45,98.67,114.43,101.52
2024-09-19,1022,104.75,95.33,87.55,95.88
2024-09-20,1022,98.64,105.34,94.26,99.41
2024-09-21,1022,109.37,98.73,93.26,100.45
2024-09-22,1022,99.35,107.17,106.52,104.35
2024-09-23,1022,107.29,97.13,115.51,106.64
2024-09-24,1022,99.63,97.22,99.36,98.74
2024-09-25,1022,95.46,108.38,90.26,98.03
2024-09-26,1022,104.9,108.2,115.69,109.6
2024-09-27,1022,92.49,99.95,109.48,100.64
2024-09-28,1022,92.69,95.26,90.55,92.83
2024-09-29,1022,105.68,106.76,104.44,105.63
2024-09-30,1022,100.34,100.44,115.91,105.56
2024-10-01,1022,94.52,101.51,102.25,99.43
2024-10-02,1022,101.67,105.31,87.74,98.24
2024-10-03,1022,104.86,96.04,90.52,97.14
2024-10-04,1022,103.69,100.1,111.2,105.0
2024-10-05,1022,101.04,94.3,94.94,96.76
2024-10-06,1022,95.68,101.54,97.86,98.36
2024-10-07,1022,111.1,95.56,112.41,106.36
2024-10-08,1022,93.48,96.34,114.36,101.39
2024-10-09,1022,109.67,105.1,92.69,102.49
2024-10-10,1022,107.51,110.31,103.78,107.2
2024-10-11,1022,95.13,99.67,99.67,98.16
2024-10-12,1022,95.8,101.88,110.08,102.59
2024-10-13,1022,93.33,103.0,110.58,102.3
2024-10-14,1022,97.62,97.3,101.3,98.74
2024-10-15,1022,97.45,104.87,97.99,100.1
2024-10-16,1022,108.56,110.03,88.23,102.27
2024-10-17,1022,105.4,94.3,87.46,95.72
2024-10-18,1022,96.95,109.86,117.26,108.02
2024-10-19,1022,102.67,101.58,115.4,106.55
2024-10-20,1022,96.15,101.28,101.97,99.8
2024-10-21,1022,92.92,97.13,93.26,94.44
2024-10-22,1022,100.34,102.52,96.49,99.78
2024-10-23,1022,107.81,109.31,92.02,103.05
2024-10-24,1022,98.06,94.32,112.06,101.48
2024-10-25,1022,107.48,103.67,91.75,100.97
2024-10-26,1022,95.76,107.76,98.69,100.74
2024-10-27,1022,92.05,103.91,104.76,100.24
2024-10-28,1022,111.31,101.79,101.01,104.7
2024-10-29,1022,105.12,97.82,88.97,97.3
2024-10-30,1022,104.46,107.74,96.23,102.81
2024-10-31,1022,111.92,95.12,100.46,102.5
2024-11-01,1022,92.8,101.39,96.21,96.8
2024-11-02,1022,90.2,106.44,111.89,102.84
2024-11-03,1022,97.59,101.17,116.78,105.18
2024-11-04,1022,111.31,107.65,114.68,111.21
2024-11-05,1022,110.16,95.68,116.65,107.5
2024-11-06,1022,107.91,105.06,114.43,109.13
2024-11-07,1022,90.79,101.75,109.24,100.59
2024-11-08,1022,95.02,106.83,88.86,96.9
2024-11-09,1022,91.01,108.15,101.98,100.38
2024-11-10,1022,104.83,106.14,110.41,107.13
2024-11-11,1022,95.55,108.96,116.79,107.1
2024-11-12,1022,95.09,105.16,92.32,97.52
2024-11-13,1022,111.78,94.32,116.43,107.51
2024-11-14,1022,99.43,105.64,116.38,107.15
2024-11-15,1022,100.71,110.03,116.84,109.19
2024-11-16,1022,110.52,106.21,116.86,111.2
2024-11-17,1022,107.19,94.97,112.12,104.76
2024-11-18,1022,111.7,95.0,91.94,99.55
2024-11-19,1022,108.42,109.97,105.99,108.13
2024-11-20,1022,95.1,105.23,115.45,105.26
2024-11-21,1022,98.97,99.22,102.63,100.27
2024-11-22,1022,100.62,98.71,112.88,104.07
2024-11-23,1022,95.72,98.08,88.78,94.19
2024-11-24,1022,92.25,102.1,108.44,100.93
2024-11-25,1022,99.94,98.29,94.86,97.7
2024-11-26,1022,90.45,100.87,92.74,94.69
2024-11-27,1022,109.63,97.38,111.88,106.3
2024-11-28,1022,107.22,106.65,117.59,110.49
2024-11-29,1022,97.34,101.57,90.9,96.6
2024-11-30,1022,111.35,103.82,103.06,106.08
2024-12-01,1022,109.21,110.4,99.76,106.46
2024-12-02,1022,111.67,98.07,103.74,104.49
2024-12-03,1022,96.13,102.32,106.19,101.55
2024-12-04,1022,105.99,108.59,100.08,104.89
2024-12-05,1022,93.18,104.77,88.45,95.47
2024-12-06,1022,90.15,109.9,117.6,105.88
2024-12-07,1022,110.59,109.29,113.25,111.04
2024-12-08,1022,92.07,108.86,113.9,104.94
2024-12-09,1022,104.58,107.39,109.47,107.15
2024-12-10,1022,95.99,106.03,111.65,104.56
2024-12-11,1022,105.4,100.54,104.3,103.41
2024-12-12,1022,108.22,98.76,103.63,103.54
2024-12-13,1022,109.12,99.08,91.94,100.05
2024-12-14,1022,92.14,105.32,107.83,101.76
2024-12-15,1022,98.6,108.95,88.14,98.56
2024-12-16,1022,103.45,94.7,104.43,100.86
2024-12-17,1022,102.09,103.8,116.04,107.31
2024-12-18,1022,100.82,104.78,93.15,99.58
2024-12-19,1022,107.61,98.39,91.02,99.01
2024-12-20,1022,103.9,105.44,96.89,102.08
2024-12-21,1022,101.65,109.71,117.08,109.48
2024-12-22,1022,102.27,99.2,96.68,99.38
2024-12-23,1022,99.98,108.65,100.11,102.91
2024-12-24,1022,111.93,107.67,105.91,108.5
2024-12-25,1022,111.06,100.49,104.04,105.2
2024-12-26,1022,112.26,107.09,100.95,106.77
2024-12-27,1022,96.68,102.82,88.65,96.05
2024-12-28,1022,110.96,106.03,95.91,104.3
2024-12-29,1022,107.46,98.26,89.08,98.27
2024-12-30,1022,95.06,106.21,107.86,103.04
2024-01-01,1023,160.35,165.55,141.29,155.73
2024-01-02,1023,147.5,167.51,177.38,164.13
2024-01-03,1023,163.81,157.08,132.55,151.15
2024-01-04,1023,146.17,148.36,145.18,146.57
2024-01-05,1023,161.74,153.82,148.9,154.82
2024-01-06,1023,150.03,165.17,149.59,154.93
2024-01-07,1023,144.19,158.56,145.72,149.49
2024-01-08,1023,145.34,161.64,171.54,159.51
2024-01-09,1023,159.71,149.03,161.49,156.74
2024-01-10,1023,170.82,163.9,167.98,167.57
2024-01-11,1023,171.14,162.48,148.82,160.81
2024-01-12,1023,170.3,165.72,158.91,164.98
2024-01-13,1023,145.41,157.73,154.9,152.68
2024-01-14,1023,161.35,153.33,137.58,150.75
2024-01-15,1023,138.17,156.57,163.78,152.84
2024-01-16,1023,157.54,146.96,151.27,151.92
2024-01-17,1023,142.1,168.11,166.66,158.96
2024-01-18,1023,166.06,164.28,147.56,159.3
2024-01-19,1023,139.52,166.86,152.61,153.0
2024-01-20,1023,141.11,144.27,164.39,149.92
2024-01-21,1023,139.41,152.85,143.38,145.21
2024-01-22,1023,152.75,163.7,175.16,163.87
2024-01-23,1023,156.66,160.48,173.27,163.47
2024-01-24,1023,164.84,146.95,167.32,159.7
2024-01-25,1023,168.75,155.98,163.0,162.58
2024-01-26,1023,153.27,167.27,174.52,165.02
2024-01-27,1023,150.84,160.64,133.77,148.42
2024-01-28,1023,141.51,144.57,159.52,148.53
2024-01-29,1023,170.46,162.07,152.82,161.78
2024-01-30,1023,149.06,154.46,170.42,157.98
2024-01-31,1023,152.9,165.68,134.59,151.06
2024-02-01,1023,149.96,154.43,151.95,152.11
2024-02-02,1023,153.9,164.04,166.59,161.51
2024-02-03,1023,159.91,143.88,150.89,151.56
2024-02-04,1023,148.51,149.52,142.18,146.74
2024-02-05,1023,141.69,152.36,160.75,151.6
2024-02-06,1023,138.25,149.95,141.27,143.16
2024-02-07,1023,148.19,164.06,155.98,156.08
2024-02-08,1023,170.41,167.64,144.29,160.78
2024-02-09,1023,153.56,153.51,157.12,154.73
2024-02-10,1023,156.61,166.53,138.82,153.99
2024-02-11,1023,147.13,164.55,153.72,155.13
2024-02-12,1023,139.84,158.12,151.96,149.97
2024-02-13,1023,137.4,148.49,168.88,151.59
2024-02-14,1023,169.6,147.56,151.88,156.35
2024-02-15,1023,158.32,153.36,139.33,150.34
2024-02-16,1023,145.24,164.41,167.11,158.92
2024-02-17,1023,147.07,158.1,170.23,158.47
2024-02-18,1023,149.95,147.86,157.87,151.89
2024-02-19,1023,154.77,152.16,148.42,151.78
2024-02-20,1023,152.28,148.18,132.99,144.48
2024-02-21,1023,151.85,148.9,152.03,150.93
2024-02-22,1023,161.86,155.23,135.28,150.79
2024-02-23,1023,151.62,144.41,147.7,147.91
2024-02-24,1023,169.56,164.64,171.25,168.48
2024-02-25,1023,142.24,146.64,137.59,142.16
2024-02-26,1023,145.69,149.38,163.97,153.01
2024-02-27,1023,147.18,164.4,156.43,156.0
2024-02-28,1023,168.89,151.33,165.41,161.88
2024-02-29,1023,154.45,146.21,150.62,150.43
2024-03-01,1023,168.5,159.92,152.06,160.16
2024-03-02,1023,144.51,150.43,150.37,148.44
2024-03-03,1023,155.01,147.33,166.78,156.37
2024-03-04,1023,169.52,165.49,163.2,166.07
2024-03-05,1023,165.4,153.49,136.44,151.78
2024-03-06,1023,145.68,147.35,148.16,147.06
2024-03-07,1023,171.2,144.6,168.76,161.52
2024-03-08,1023,158.94,165.05,140.63,154.87
2024-03-09,1023,168.12,150.03,153.17,157.11
2024-03-10,1023,169.02,166.38,153.96,163.12
2024-03-11,1023,171.0,150.23,168.99,163.41
2024-03-12,1023,140.62,157.24,143.83,147.23
2024-03-13,1023,145.66,155.85,150.42,150.64
2024-03-14,1023,164.05,157.6,177.92,166.52
2024-03-15,1023,154.39,156.29,156.64,155.77
2024-03-16,1023,158.71,144.41,159.9,154.34
2024-03-17,1023,144.51,148.61,136.21,143.11
2024-03-18,1023,137.72,149.92,146.7,144.78
2024-03-19,1023,143.47,148.6,155.37,149.15
2024-03-20,1023,150.75,151.38,170.82,157.65
2024-03-21,1023,144.7,165.43,157.52,155.88
2024-03-22,1023,169.36,161.4,148.64,159.8
2024-03-23,1023,165.45,159.69,149.46,158.2
2024-03-24,1023,168.73,145.49,159.48,157.9
2024-03-25,1023,164.48,163.32,135.18,154.33
2024-03-26,1023,151.53,156.88,160.16,156.19
2024-03-27,1023,138.04,147.02,156.32,147.13
2024-03-28,1023,162.95,152.58,175.4,163.64
2024-03-29,1023,163.03,157.44,150.46,156.98
2024-03-30,1023,148.74,144.02,155.86,149.54
2024-03-31,1023,138.04,165.25,153.52,152.27
2024-04-01,1023,148.12,149.6,139.93,145.88
2024-04-02,1023,163.98,155.02,153.27,157.42
2024-04-03,1023,153.95,154.25,167.96,158.72
2024-04-04,1023,156.79,154.77,140.87,150.81
2024-04-05,1023,171.05,151.42,141.97,154.81
2024-04-06,1023,152.27,156.97,160.22,156.49
2024-04-07,1023,165.12,148.15,146.05,153.11
2024-04-08,1023,157.06,162.11,162.92,160.7
2024-04-09,1023,154.44,150.89,142.07,149.13
2024-04-10,1023,148.89,162.35,161.71,157.65
2024-04-11,1023,147.01,148.72,144.14,146.62
2024-04-12,1023,166.11,148.63,140.54,151.76
2024-04-13,1023,167.73,144.86,175.21,162.6
2024-04-14,1023,160.48,163.15,134.6,152.74
2024-04-15,1023,148.07,147.06,150.73,148.62
2024-04-16,1023,163.85,159.74,152.76,158.78
2024-04-17,1023,146.32,150.21,162.55,153.03
2024-04-18,1023,170.27,166.06,152.73,163.02
2024-04-19,1023,137.65,148.18,132.51,139.45
2024-04-20,1023,150.54,152.49,171.21,158.08
2024-04-21,1023,152.32,150.07,138.12,146.84
2024-04-22,1023,143.36,165.19,156.98,155.18
2024-04-23,1023,154.88,143.99,151.04,149.97
2024-04-24,1023,146.72,166.43,143.5,152.22
2024-04-25,1023,167.71,155.94,164.26,162.64
2024-04-26,1023,142.97,162.94,167.35,157.75
2024-04-27,1023,161.39,149.23,142.12,150.91
2024-04-28,1023,139.63,154.4,160.76,151.6
2024-04-29,1023,160.45,158.74,178.63,165.94
2024-04-30,1023,156.27,152.23,136.91,148.47
2024-05-01,1023,167.23,145.64,157.63,156.83
2024-05-02,1023,155.89,166.38,134.15,152.14
2024-05-03,1023,155.45,164.56,174.97,164.99
2024-05-04,1023,146.67,143.45,172.35,154.16
2024-05-05,1023,149.18,152.74,136.0,145.97
2024-05-06,1023,153.85,149.88,156.29,153.34
2024-05-07,1023,170.32,153.92,178.65,167.63
2024-05-08,1023,163.36,147.74,134.84,148.65
2024-05-09,1023,140.58,162.65,171.82,158.35
2024-05-10,1023,161.16,162.29,164.56,162.67
2024-05-11,1023,153.48,168.11,148.16,156.58
2024-05-12,1023,144.39,156.56,136.86,145.94
2024-05-13,1023,161.82,148.64,177.76,162.74
2024-05-14,1023,154.13,167.98,135.61,152.57
2024-05-15,1023,139.74,166.59,159.95,155.43
2024-05-16,1023,163.15,163.94,152.52,159.87
2024-05-17,1023,166.07,154.38,163.44,161.3
2024-05-18,1023,157.22,167.82,176.64,167.23
2024-05-19,1023,171.12,158.48,142.8,157.47
2024-05-20,1023,140.91,166.13,175.38,160.81
2024-05-21,1023,169.5,144.23,146.13,153.29
2024-05-22,1023,163.07,152.21,177.08,164.12
2024-05-23,1023,154.49,157.19,159.46,157.05
2024-05-24,1023,138.93,145.94,174.5,153.12
2024-05-25,1023,158.43,145.17,135.66,146.42
2024-05-26,1023,138.48,154.77,152.75,148.67
2024-05-27,1023,146.75,154.07,169.43,156.75
2024-05-28,1023,153.43,156.27,157.11,155.6
2024-05-29,1023,147.73,147.35,150.1,148.39
2024-05-30,1023,146.17,147.81,174.42,156.13
2024-05-31,1023,152.11,158.12,147.7,152.64
2024-06-01,1023,156.74,153.45,172.07,160.75
2024-06-02,1023,157.35,146.36,139.71,147.81
2024-06-03,1023,160.52,145.72,170.79,159.01
2024-06-04,1023,154.38,154.32,174.17,160.96
2024-06-05,1023,159.41,152.82,142.64,151.62
2024-06-06,1023,139.33,157.34,146.72,147.8
2024-06-07,1023,167.83,158.69,169.24,165.25
2024-06-08,1023,151.88,166.37,155.84,158.03
2024-06-09,1023,147.89,149.05,135.84,144.26
2024-06-10,1023,150.4,166.21,158.85,158.49
2024-06-11,1023,145.84,157.06,156.22,153.04
2024-06-12,1023,144.3,145.72,145.27,145.1
2024-06-13,1023,166.66,156.98,163.53,162.39
2024-06-14,1023,154.55,165.25,134.39,151.4
2024-06-15,1023,152.71,158.96,167.18,159.62
2024-06-16,1023,153.17,168.16,149.02,156.78
2024-06-17,1023,139.83,162.58,144.21,148.87
2024-06-18,1023,158.02,144.63,173.97,158.87
2024-06-19,1023,164.4,156.75,148.15,156.43
2024-06-20,1023,169.57,147.18,150.57,155.77
2024-06-21,1023,145.98,145.46,178.47,156.64
2024-06-22,1023,144.72,159.99,151.01,151.91
2024-06-23,1023,159.46,158.17,162.21,159.95
2024-06-24,1023,138.79,157.93,153.85,150.19
2024-06-25,1023,152.03,147.79,161.08,153.63
2024-06-26,1023,169.41,167.51,168.46,168.46
2024-06-27,1023,152.4,168.06,151.67,157.38
2024-06-28,1023,150.28,160.51,169.21,160.0
2024-06-29,1023,165.71,159.93,151.26,158.97
2024-06-30,1023,149.07,150.68,148.45,149.4
2024-07-01,1023,163.75,146.75,138.59,149.7
2024-07-02,1023,146.85,152.46,175.92,158.41
2024-07-03,1023,156.85,164.88,168.77,163.5
2024-07-04,1023,138.04,147.65,175.8,153.83
2024-07-05,1023,154.63,163.96,175.8,164.8
2024-07-06,1023,148.04,154.93,173.75,158.91
2024-07-07,1023,139.3,144.27,138.48,140.68
2024-07-08,1023,169.36,160.6,146.12,158.69
2024-07-09,1023,152.81,159.57,158.79,157.06
2024-07-10,1023,149.98,152.3,163.87,155.38
2024-07-11,1023,166.46,155.66,155.75,159.29
2024-07-12,1023,171.32,156.22,174.9,167.48
2024-07-13,1023,140.6,157.58,160.31,152.83
2024-07-14,1023,153.04,166.29,178.71,166.01
2024-07-15,1023,142.07,164.25,145.34,150.55
2024-07-16,1023,150.74,150.29,143.38,148.14
2024-07-17,1023,162.93,164.09,168.9,165.31
2024-07-18,1023,144.26,163.02,147.44,151.57
2024-07-19,1023,147.09,149.25,163.16,153.17
2024-07-20,1023,147.14,150.65,134.54,144.11
2024-07-21,1023,149.72,150.09,134.29,144.7
2024-07-22,1023,152.1,150.54,146.63,149.76
2024-07-23,1023,158.67,167.95,134.31,153.64
2024-07-24,1023,152.38,144.32,154.7,150.47
2024-07-25,1023,149.56,162.25,139.61,150.47
2024-07-26,1023,137.4,163.27,135.51,145.39
2024-07-27,1023,145.35,145.87,140.59,143.94
2024-07-28,1023,143.85,161.14,165.5,156.83
2024-07-29,1023,166.69,154.42,174.34,165.15
2024-07-30,1023,166.18,163.71,146.66,158.85
2024-07-31,1023,137.41,143.94,134.92,138.76
2024-08-01,1023,141.99,166.74,138.06,148.93
2024-08-02,1023,142.67,148.64,159.2,150.17
2024-08-03,1023,156.07,166.96,134.9,152.64
2024-08-04,1023,149.86,145.52,153.21,149.53
2024-08-05,1023,146.5,152.59,137.24,145.44
2024-08-06,1023,165.7,157.84,156.09,159.88
2024-08-07,1023,152.29,167.48,177.63,165.8
2024-08-08,1023,149.67,164.54,166.46,160.22
2024-08-09,1023,165.61,157.73,153.27,158.87
2024-08-10,1023,159.47,154.9,160.08,158.15
2024-08-11,1023,156.13,155.57,171.98,161.23
2024-08-12,1023,150.88,160.6,136.44,149.31
2024-08-13,1023,137.48,167.43,141.29,148.73
2024-08-14,1023,156.41,145.39,149.45,150.42
2024-08-15,1023,155.93,160.97,173.43,163.44
2024-08-16,1023,148.49,164.4,139.2,150.7
2024-08-17,1023,145.48,158.03,153.71,152.41
2024-08-18,1023,145.1,150.29,164.37,153.25
2024-08-19,1023,160.03,158.74,136.06,151.61
2024-08-20,1023,144.08,157.23,160.21,153.84
2024-08-21,1023,147.41,146.23,172.25,155.3
2024-08-22,1023,139.19,161.03,166.15,155.46
2024-08-23,1023,146.62,149.78,147.55,147.98
2024-08-24,1023,154.15,150.72,173.69,159.52
2024-08-25,1023,163.94,149.61,141.65,151.73
2024-08-26,1023,138.64,165.49,148.69,150.94
2024-08-27,1023,159.72,152.09,139.08,150.3
2024-08-28,1023,166.54,155.36,162.56,161.49
2024-08-29,1023,148.27,159.04,175.19,160.83
2024-08-30,1023,161.17,166.24,170.33,165.91
2024-08-31,1023,142.11,155.01,146.45,147.86
2024-09-01,1023,142.17,143.72,150.93,145.61
2024-09-02,1023,168.97,160.91,147.69,159.19
2024-09-03,1023,159.59,155.34,142.33,152.42
2024-09-04,1023,152.72,162.93,172.28,162.64
2024-09-05,1023,171.1,161.15,166.43,166.23
2024-09-06,1023,137.44,167.89,155.3,153.54
2024-09-07,1023,150.68,156.78,157.62,155.03
2024-09-08,1023,155.69,146.28,148.56,150.18
2024-09-09,1023,166.94,157.69,151.55,158.73
2024-09-10,1023,147.49,150.23,149.03,148.92
2024-09-11,1023,145.89,155.89,150.66,150.81
2024-09-12,1023,143.34,163.48,154.45,153.76
2024-09-13,1023,164.37,160.81,156.06,160.41
2024-09-14,1023,158.87,165.2,158.36,160.81
2024-09-15,1023,143.07,159.49,139.88,147.48
2024-09-16,1023,147.62,159.96,159.54,155.71
2024-09-17,1023,160.77,152.28,169.97,161.01
2024-09-18,1023,159.02,152.74,148.67,153.48
2024-09-19,1023,165.15,152.52,161.84,159.84
2024-09-20,1023,162.35,158.91,144.08,155.11
2024-09-21,1023,167.38,147.39,146.85,153.87
2024-09-22,1023,144.08,147.44,140.88,144.13
2024-09-23,1023,150.54,146.68,159.76,152.33
2024-09-24,1023,167.43,164.99,177.99,170.14
2024-09-25,1023,163.44,147.79,143.76,151.66
2024-09-26,1023,162.07,146.62,136.73,148.47
2024-09-27,1023,160.05,148.18,154.83,154.35
2024-09-28,1023,142.87,156.13,139.76,146.25
2024-09-29,1023,165.71,149.64,151.88,155.74
2024-09-30,1023,163.03,144.72,135.52,147.76
2024-10-01,1023,146.5,163.04,138.4,149.31
2024-10-02,1023,141.11,151.05,156.18,149.45
2024-10-03,1023,149.31,144.25,173.4,155.65
2024-10-04,1023,164.7,146.31,144.95,151.99
2024-10-05,1023,154.61,143.47,150.15,149.41
2024-10-06,1023,152.64,151.35,133.92,145.97
2024-10-07,1023,160.89,153.37,166.57,160.28
2024-10-08,1023,165.82,151.74,152.58,156.71
2024-10-09,1023,137.18,166.66,133.05,145.63
2024-10-10,1023,153.18,156.93,151.47,153.86
2024-10-11,1023,140.02,163.23,138.4,147.22
2024-10-12,1023,153.83,147.09,159.02,153.31
2024-10-13,1023,158.46,164.95,132.53,151.98
2024-10-14,1023,140.39,166.86,176.13,161.13
2024-10-15,1023,166.12,144.75,137.97,149.61
2024-10-16,1023,153.24,155.84,143.1,150.73
2024-10-17,1023,148.35,158.72,147.9,151.66
2024-10-18,1023,148.69,153.76,136.65,146.37
2024-10-19,1023,153.42,148.81,163.44,155.22
2024-10-20,1023,138.38,165.46,169.61,157.82
2024-10-21,1023,162.87,157.77,149.9,156.85
2024-10-22,1023,167.87,162.63,167.31,165.94
2024-10-23,1023,153.96,147.82,168.27,156.68
2024-10-24,1023,163.89,150.11,176.43,163.48
2024-10-25,1023,163.78,163.56,174.08,167.14
2024-10-26,1023,141.27,163.88,176.59,160.58
2024-10-27,1023,148.12,152.83,167.95,156.3
2024-10-28,1023,167.69,147.15,167.86,160.9
2024-10-29,1023,139.59,150.43,152.24,147.42
2024-10-30,1023,138.61,163.27,134.94,145.61
2024-10-31,1023,153.78,145.09,158.63,152.5
2024-11-01,1023,138.28,165.19,169.89,157.79
2024-11-02,1023,160.87,146.88,175.97,161.24
2024-11-03,1023,157.85,159.15,173.46,163.49
2024-11-04,1023,157.56,145.19,151.74,151.5
2024-11-05,1023,153.58,155.47,161.26,156.77
2024-11-06,1023,154.35,153.86,146.21,151.47
2024-11-07,1023,141.24,161.56,144.7,149.17
2024-11-08,1023,145.78,148.07,139.18,144.34
2024-11-09,1023,166.83,162.48,132.47,153.93
2024-11-10,1023,159.51,147.06,135.3,147.29
2024-11-11,1023,157.59,153.89,135.53,149.0
2024-11-12,1023,138.48,152.65,158.43,149.85
2024-11-13,1023,160.8,167.38,150.64,159.61
2024-11-14,1023,157.36,152.93,161.55,157.28
2024-11-15,1023,144.09,155.9,173.71,157.9
2024-11-16,1023,160.95,147.11,153.86,153.97
2024-11-17,1023,147.03,162.4,170.45,159.96
2024-11-18,1023,156.41,158.2,147.37,153.99
2024-11-19,1023,143.3,166.56,140.07,149.98
2024-11-20,1023,170.48,152.43,151.64,158.18
2024-11-21,1023,144.54,164.0,163.09,157.21
2024-11-22,1023,163.62,148.75,173.93,162.1
2024-11-23,1023,160.78,159.68,147.15,155.87
2024-11-24,1023,154.54,158.32,158.85,157.24
2024-11-25,1023,145.13,149.84,178.25,157.74
2024-11-26,1023,159.32,144.54,148.07,150.64
2024-11-27,1023,148.32,151.03,175.39,158.25
2024-11-28,1023,154.34,144.72,136.49,145.18
2024-11-29,1023,153.44,158.46,164.69,158.86
2024-11-30,1023,141.51,149.46,151.98,147.65
2024-12-01,1023,151.22,161.54,165.34,159.37
2024-12-02,1023,137.63,151.32,139.38,142.78
2024-12-03,1023,160.64,146.67,137.81,148.37
2024-12-04,1023,168.71,161.64,178.8,169.72
2024-12-05,1023,163.04,155.03,143.28,153.78
2024-12-06,1023,140.88,147.72,155.78,148.13
2024-12-07,1023,151.06,149.34,141.54,147.31
2024-12-08,1023,150.73,157.01,165.41,157.72
2024-12-09,1023,162.06,160.35,134.88,152.43
2024-12-10,1023,146.36,163.59,133.77,147.91
2024-12-11,1023,168.77,163.13,173.7,168.53
2024-12-12,1023,166.3,153.26,178.85,166.14
2024-12-13,1023,166.75,162.63,176.49,168.62
2024-12-14,1023,144.35,161.55,169.08,158.33
2024-12-15,1023,151.22,156.87,132.89,146.99
2024-12-16,1023,156.33,148.21,143.76,149.43
2024-12-17,1023,157.95,145.02,167.9,156.96
2024-12-18,1023,141.29,168.16,136.14,148.53
2024-12-19,1023,140.0,143.96,149.33,144.43
2024-12-20,1023,161.2,159.62,144.79,155.2
2024-12-21,1023,147.35,146.07,164.23,152.55
2024-12-22,1023,138.79,168.04,153.3,153.38
2024-12-23,1023,148.98,166.08,147.78,154.28
2024-12-24,1023,169.8,145.41,168.42,161.21
2024-12-25,1023,137.12,166.6,167.07,156.93
2024-12-26,1023,145.24,160.23,160.81,155.43
2024-12-27,1023,170.88,144.96,136.11,150.65
2024-12-28,1023,148.24,162.28,153.54,154.69
2024-12-29,1023,145.39,146.16,142.91,144.82
2024-12-30,1023,167.32,157.24,146.08,156.88
2024-01-01,1024,95.52,89.62,83.1,89.41
2024-01-02,1024,83.22,96.25,84.3,87.92
2024-01-03,1024,95.4,99.13,93.27,95.93
2024-01-04,1024,83.4,100.86,104.29,96.18
2024-01-05,1024,91.34,89.69,85.07,88.7
2024-01-06,1024,94.21,96.87,88.85,93.31
2024-01-07,1024,97.23,101.45,99.44,99.37
2024-01-08,1024,98.76,94.74,106.83,100.11
2024-01-09,1024,87.38,98.13,94.77,93.43
2024-01-10,1024,93.63,101.57,90.27,95.16
2024-01-11,1024,89.23,95.09,93.16,92.49
2024-01-12,1024,86.96,98.94,106.78,97.56
2024-01-13,1024,99.82,97.13,85.99,94.31
2024-01-14,1024,86.32,97.34,99.46,94.37
2024-01-15,1024,94.7,95.9,87.71,92.77
2024-01-16,1024,100.18,98.14,98.01,98.78
2024-01-17,1024,90.41,101.09,91.33,94.28
2024-01-18,1024,99.27,98.41,82.51,93.4
2024-01-19,1024,92.55,100.32,98.79,97.22
2024-01-20,1024,95.99,100.1,87.89,94.66
2024-01-21,1024,85.46,86.83,96.4,89.56
2024-01-22,1024,99.65,95.94,98.43,98.01
2024-01-23,1024,97.82,98.06,95.29,97.06
2024-01-24,1024,84.98,96.63,93.49,91.7
2024-01-25,1024,98.6,91.37,90.53,93.5
2024-01-26,1024,91.73,89.24,107.74,96.24
2024-01-27,1024,96.68,97.7,94.11,96.16
2024-01-28,1024,90.42,89.01,90.92,90.12
2024-01-29,1024,95.09,94.13,88.96,92.73
2024-01-30,1024,86.96,97.22,103.13,95.77
2024-01-31,1024,89.18,97.28,97.07,94.51
2024-02-01,1024,84.46,94.14,94.47,91.02
2024-02-02,1024,102.26,95.15,99.15,98.85
2024-02-03,1024,101.4,93.43,81.95,92.26
2024-02-04,1024,87.73,92.48,89.38,89.86
2024-02-05,1024,101.08,97.0,97.58,98.55
2024-02-06,1024,99.85,100.57,80.14,93.52
2024-02-07,1024,87.7,100.3,98.83,95.61
2024-02-08,1024,97.11,88.69,104.92,96.91
2024-02-09,1024,86.28,97.75,81.11,88.38
2024-02-10,1024,84.26,93.25,88.54,88.68
2024-02-11,1024,99.06,88.43,82.32,89.94
2024-02-12,1024,100.51,95.0,105.08,100.2
2024-02-13,1024,86.33,91.11,86.4,87.95
2024-02-14,1024,95.2,89.42,102.34,95.65
2024-02-15,1024,103.45,90.82,91.11,95.13
2024-02-16,1024,85.43,97.64,105.91,96.33
2024-02-17,1024,96.84,90.28,90.83,92.65
2024-02-18,1024,84.77,91.54,97.69,91.33
2024-02-19,1024,98.57,93.81,107.85,100.08
2024-02-20,1024,88.32,91.1,85.19,88.2
2024-02-21,1024,83.88,88.49,82.7,85.02
2024-02-22,1024,89.72,100.66,82.89,91.09
2024-02-23,1024,95.63,90.3,103.33,96.42
2024-02-24,1024,83.79,90.2,93.09,89.03
2024-02-25,1024,91.67,97.97,100.51,96.72
2024-02-26,1024,83.6,93.22,102.17,93.0
2024-02-27,1024,100.07,99.57,83.65,94.43
2024-02-28,1024,103.15,90.13,90.35,94.54
2024-02-29,1024,88.22,88.05,91.12,89.13
2024-03-01,1024,97.44,93.4,102.89,97.91
2024-03-02,1024,84.86,99.82,86.34,90.34
2024-03-03,1024,96.78,95.57,83.07,91.81
2024-03-04,1024,82.85,92.81,94.56,90.07
2024-03-05,1024,103.38,99.69,83.75,95.61
2024-03-06,1024,94.06,93.66,81.34,89.69
2024-03-07,1024,92.93,100.23,108.09,100.42
2024-03-08,1024,83.12,97.55,87.69,89.45
2024-03-09,1024,91.58,93.7,87.47,90.92
2024-03-10,1024,101.21,89.46,87.76,92.81
2024-03-11,1024,101.59,94.88,99.55,98.67
2024-03-12,1024,102.16,94.5,82.59,93.08
2024-03-13,1024,90.11,97.1,104.89,97.37
2024-03-14,1024,93.41,90.4,92.83,92.21
2024-03-15,1024,101.59,88.92,103.21,97.91
2024-03-16,1024,92.4,97.45,94.6,94.82
2024-03-17,1024,85.34,91.03,87.3,87.89
2024-03-18,1024,102.92,91.25,106.48,100.22
2024-03-19,1024,96.63,97.15,84.84,92.87
2024-03-20,1024,103.46,100.3,99.31,101.02
2024-03-21,1024,102.83,99.02,101.65,101.17
2024-03-22,1024,88.05,95.06,91.43,91.51
2024-03-23,1024,100.52,98.15,94.76,97.81
2024-03-24,1024,91.04,94.87,95.05,93.65
2024-03-25,1024,103.23,91.16,83.06,92.48
2024-03-26,1024,96.26,94.35,90.61,93.74
2024-03-27,1024,100.18,97.51,106.87,101.52
2024-03-28,1024,88.83,91.51,95.44,91.93
2024-03-29,1024,87.61,94.39,98.59,93.53
2024-03-30,1024,92.41,101.45,107.57,100.48
2024-03-31,1024,94.95,99.62,89.14,94.57
2024-04-01,1024,95.44,97.44,89.74,94.21
2024-04-02,1024,100.1,88.09,97.81,95.33
2024-04-03,1024,102.18,95.64,97.9,98.57
2024-04-04,1024,85.61,100.04,81.18,88.94
2024-04-05,1024,87.12,87.18,83.9,86.07
2024-04-06,1024,100.52,87.53,88.15,92.07
2024-04-07,1024,103.43,90.44,100.85,98.24
2024-04-08,1024,88.09,96.74,89.5,91.44
2024-04-09,1024,92.09,94.28,91.64,92.67
2024-04-10,1024,97.15,101.1,102.27,100.17
2024-04-11,1024,84.44,88.61,87.06,86.7
2024-04-12,1024,87.59,91.1,83.53,87.41
2024-04-13,1024,87.7,89.16,81.9,86.25
2024-04-14,1024,84.03,94.74,98.35,92.37
2024-04-15,1024,100.74,87.43,90.17,92.78
2024-04-16,1024,99.47,89.23,87.87,92.19
2024-04-17,1024,94.14,95.74,82.9,90.93
2024-04-18,1024,92.5,96.01,98.61,95.71
2024-04-19,1024,83.24,100.32,89.74,91.1
2024-04-20,1024,84.37,87.86,93.79,88.67
2024-04-21,1024,96.39,96.63,92.21,95.08
2024-04-22,1024,91.94,92.49,89.28,91.24
2024-04-23,1024,93.28,94.66,89.47,92.47
2024-04-24,1024,101.21,95.16,85.35,93.91
2024-04-25,1024,92.56,90.23,86.27,89.69
2024-04-26,1024,96.02,96.21,85.14,92.46
2024-04-27,1024,90.05,93.85,103.49,95.8
2024-04-28,1024,91.35,88.82,108.16,96.11
2024-04-29,1024,97.58,95.92,86.56,93.35
2024-04-30,1024,95.35,93.77,88.97,92.7
2024-05-01,1024,98.53,92.82,106.59,99.31
2024-05-02,1024,102.14,87.82,83.06,91.01
2024-05-03,1024,98.78,93.86,94.27,95.64
2024-05-04,1024,91.74,87.12,92.78,90.55
2024-05-05,1024,93.5,99.55,90.36,94.47
2024-05-06,1024,87.0,92.5,99.36,92.95
2024-05-07,1024,95.55,88.89,93.75,92.73
2024-05-08,1024,101.13,97.86,81.72,93.57
2024-05-09,1024,87.74,95.42,102.35,95.17
2024-05-10,1024,96.19,88.73,100.4,95.11
2024-05-11,1024,88.58,98.58,94.4,93.85
2024-05-12,1024,98.7,95.38,92.32,95.47
2024-05-13,1024,93.88,96.41,87.91,92.73
2024-05-14,1024,88.88,97.71,83.94,90.18
2024-05-15,1024,90.77,91.09,94.47,92.11
2024-05-16,1024,98.11,96.0,101.1,98.4
2024-05-17,1024,86.98,101.55,93.42,93.98
2024-05-18,1024,94.53,101.57,86.12,94.07
2024-05-19,1024,86.57,97.31,80.12,88.0
2024-05-20,1024,91.94,91.56,83.55,89.02
2024-05-21,1024,89.77,87.64,89.18,88.86
2024-05-22,1024,97.71,94.07,104.99,98.92
2024-05-23,1024,97.52,87.59,90.51,91.87
2024-05-24,1024,92.75,95.73,90.38,92.95
2024-05-25,1024,93.72,89.2,105.11,96.01
2024-05-26,1024,100.01,94.6,84.48,93.03
2024-05-27,1024,84.54,91.31,80.14,85.33
2024-05-28,1024,95.85,89.57,80.83,88.75
2024-05-29,1024,91.07,92.82,93.23,92.37
2024-05-30,1024,84.7,89.68,85.29,86.56
2024-05-31,1024,88.68,95.71,90.0,91.46
2024-06-01,1024,103.08,101.11,102.56,102.25
2024-06-02,1024,98.35,91.41,100.46,96.74
2024-06-03,1024,102.66,89.73,101.4,97.93
2024-06-04,1024,92.3,88.72,105.99,95.67
2024-06-05,1024,100.39,87.82,90.82,93.01
2024-06-06,1024,86.6,95.05,98.46,93.37
2024-06-07,1024,83.54,98.03,89.33,90.3
2024-06-08,1024,85.77,93.0,101.01,93.26
2024-06-09,1024,86.07,89.3,96.43,90.6
2024-06-10,1024,90.06,92.84,87.28,90.06
2024-06-11,1024,92.12,95.38,90.72,92.74
2024-06-12,1024,91.31,91.31,82.18,88.27
2024-06-13,1024,88.02,99.98,97.24,95.08
2024-06-14,1024,91.12,97.41,96.3,94.94
2024-06-15,1024,94.9,98.1,98.84,97.28
2024-06-16,1024,91.54,87.11,80.3,86.32
2024-06-17,1024,90.54,87.37,97.63,91.85
2024-06-18,1024,84.94,99.03,102.0,95.32
2024-06-19,1024,86.65,98.83,95.39,93.62
2024-06-20,1024,86.35,99.56,97.12,94.34
2024-06-21,1024,85.04,88.06,105.61,92.9
2024-06-22,1024,102.46,92.58,89.48,94.84
2024-06-23,1024,94.37,86.82,98.45,93.21
2024-06-24,1024,100.82,90.73,85.4,92.32
2024-06-25,1024,84.69,88.03,101.68,91.47
2024-06-26,1024,85.48,97.94,94.2,92.54
2024-06-27,1024,98.34,94.45,87.77,93.52
2024-06-28,1024,83.88,90.59,88.03,87.5
2024-06-29,1024,87.08,89.83,106.19,94.37
2024-06-30,1024,99.98,92.63,83.43,92.01
2024-07-01,1024,91.61,92.98,106.42,97.0
2024-07-02,1024,95.39,99.88,105.9,100.39
2024-07-03,1024,90.32,100.41,94.1,94.94
2024-07-04,1024,83.33,95.28,103.56,94.06
2024-07-05,1024,94.28,95.74,103.25,97.76
2024-07-06,1024,93.81,100.91,101.57,98.76
2024-07-07,1024,90.13,90.55,92.39,91.02
2024-07-08,1024,83.98,101.26,91.99,92.41
2024-07-09,1024,99.58,89.18,99.16,95.97
2024-07-10,1024,89.45,88.21,104.39,94.02
2024-07-11,1024,92.87,88.77,88.37,90.0
2024-07-12,1024,92.13,92.36,101.85,95.45
2024-07-13,1024,99.85,100.6,99.37,99.94
2024-07-14,1024,100.0,96.72,89.12,95.28
2024-07-15,1024,86.72,89.19,100.12,92.01
2024-07-16,1024,93.19,89.28,92.1,91.52
2024-07-17,1024,96.49,101.59,105.2,101.09
2024-07-18,1024,85.54,93.59,101.9,93.68
2024-07-19,1024,94.59,97.85,81.26,91.23
2024-07-20,1024,100.16,99.73,99.42,99.77
2024-07-21,1024,101.05,88.28,99.35,96.23
2024-07-22,1024,91.92,100.8,104.3,99.01
2024-07-23,1024,85.02,101.6,84.09,90.24
2024-07-24,1024,93.38,91.16,105.3,96.61
2024-07-25,1024,84.26,96.56,90.62,90.48
2024-07-26,1024,85.27,97.1,101.4,94.59
2024-07-27,1024,89.22,91.66,86.34,89.07
2024-07-28,1024,91.24,97.83,80.09,89.72
2024-07-29,1024,84.33,100.05,93.74,92.71
2024-07-30,1024,101.05,92.73,86.69,93.49
2024-07-31,1024,102.05,87.66,80.41,90.04
2024-08-01,1024,88.53,89.41,89.77,89.24
2024-08-02,1024,89.67,101.08,88.45,93.07
2024-08-03,1024,99.92,91.9,85.51,92.44
2024-08-04,1024,103.34,88.21,80.27,90.61
2024-08-05,1024,91.54,87.81,96.21,91.85
2024-08-06,1024,95.86,96.21,107.1,99.72
2024-08-07,1024,89.63,93.76,87.31,90.23
2024-08-08,1024,100.61,96.02,96.44,97.69
2024-08-09,1024,99.49,97.68,80.99,92.72
2024-08-10,1024,84.86,88.83,102.23,91.97
2024-08-11,1024,86.63,87.03,84.56,86.07
2024-08-12,1024,100.56,97.36,107.94,101.95
2024-08-13,1024,84.55,94.68,87.52,88.92
2024-08-14,1024,84.94,93.5,90.6,89.68
2024-08-15,1024,85.24,98.8,95.91,93.32
2024-08-16,1024,98.12,87.47,87.82,91.14
2024-08-17,1024,96.17,99.98,100.7,98.95
2024-08-18,1024,88.98,94.82,92.91,92.24
2024-08-19,1024,97.34,87.82,101.07,95.41
2024-08-20,1024,93.55,95.33,80.97,89.95
2024-08-21,1024,83.89,97.29,85.92,89.03
2024-08-22,1024,92.7,100.0,102.74,98.48
2024-08-23,1024,83.8,95.69,91.58,90.36
2024-08-24,1024,91.31,94.49,102.47,96.09
2024-08-25,1024,93.99,99.23,94.82,96.01
2024-08-26,1024,99.35,94.46,92.67,95.49
2024-08-27,1024,85.52,89.47,83.55,86.18
2024-08-28,1024,88.42,88.82,89.02,88.75
2024-08-29,1024,90.41,94.02,92.05,92.16
2024-08-30,1024,100.78,90.24,100.36,97.13
2024-08-31,1024,95.55,98.15,92.69,95.46
2024-09-01,1024,101.94,99.32,91.22,97.49
2024-09-02,1024,97.93,94.35,92.99,95.09
2024-09-03,1024,100.14,98.52,88.59,95.75
2024-09-04,1024,100.33,100.64,87.58,96.18
2024-09-05,1024,87.49,92.71,85.28,88.49
2024-09-06,1024,100.97,96.66,89.79,95.81
2024-09-07,1024,95.76,92.79,105.95,98.17
2024-09-08,1024,101.51,92.5,104.25,99.42
2024-09-09,1024,95.97,93.66,87.75,92.46
2024-09-10,1024,102.39,88.97,90.63,94.0
2024-09-11,1024,87.27,101.42,101.13,96.61
2024-09-12,1024,92.67,100.81,87.61,93.7
2024-09-13,1024,102.07,93.9,91.41,95.79
2024-09-14,1024,83.82,88.88,83.73,85.48
2024-09-15,1024,87.56,94.83,89.22,90.54
2024-09-16,1024,86.03,92.42,87.24,88.56
2024-09-17,1024,99.72,94.33,104.12,99.39
2024-09-18,1024,87.89,96.69,107.5,97.36
2024-09-19,1024,100.8,89.58,99.67,96.68
2024-09-20,1024,92.16,96.46,84.01,90.88
2024-09-21,1024,93.86,91.21,101.22,95.43
2024-09-22,1024,86.8,100.01,91.72,92.84
2024-09-23,1024,103.4,100.47,80.04,94.64
2024-09-24,1024,91.72,93.15,90.69,91.85
2024-09-25,1024,92.26,94.57,87.2,91.34
2024-09-26,1024,94.25,100.19,83.26,92.57
2024-09-27,1024,87.59,88.56,88.48,88.21
2024-09-28,1024,96.16,87.93,106.94,97.01
2024-09-29,1024,99.43,88.57,98.4,95.47
2024-09-30,1024,97.78,88.91,92.51,93.07
2024-10-01,1024,84.41,97.94,82.22,88.19
2024-10-02,1024,91.43,99.62,85.24,92.1
2024-10-03,1024,90.71,101.43,84.53,92.22
2024-10-04,1024,83.14,100.8,107.4,97.11
2024-10-05,1024,87.37,92.46,97.32,92.38
2024-10-06,1024,99.28,89.72,91.42,93.47
2024-10-07,1024,89.98,87.11,89.37,88.82
2024-10-08,1024,82.84,95.24,88.5,88.86
2024-10-09,1024,94.91,89.15,104.41,96.16
2024-10-10,1024,101.33,89.27,104.8,98.47
2024-10-11,1024,83.52,87.82,83.08,84.81
2024-10-12,1024,83.48,94.95,85.86,88.1
2024-10-13,1024,98.58,86.58,92.38,92.51
2024-10-14,1024,89.97,87.0,93.0,89.99
2024-10-15,1024,98.66,92.16,101.14,97.32
2024-10-16,1024,94.13,89.37,103.21,95.57
2024-10-17,1024,84.75,95.47,93.86,91.36
2024-10-18,1024,93.83,96.9,89.79,93.51
2024-10-19,1024,83.61,90.86,84.87,86.45
2024-10-20,1024,98.65,94.13,93.06,95.28
2024-10-21,1024,84.69,101.36,93.42,93.16
2024-10-22,1024,83.13,89.08,89.45,87.22
2024-10-23,1024,96.8,99.28,96.14,97.41
2024-10-24,1024,83.13,97.59,97.73,92.82
2024-10-25,1024,87.09,98.85,93.53,93.16
2024-10-26,1024,99.38,90.46,86.51,92.12
2024-10-27,1024,89.75,97.21,107.06,98.01
2024-10-28,1024,86.31,89.21,93.89,89.8
2024-10-29,1024,86.25,90.9,96.61,91.25
2024-10-30,1024,90.45,100.95,106.84,99.41
2024-10-31,1024,87.4,97.74,81.47,88.87
2024-11-01,1024,90.79,99.37,107.72,99.29
2024-11-02,1024,88.25,94.41,100.78,94.48
2024-11-03,1024,98.15,89.88,82.74,90.26
2024-11-04,1024,95.84,96.21,87.23,93.09
2024-11-05,1024,85.08,97.84,89.95,90.96
2024-11-06,1024,85.94,96.54,104.34,95.61
2024-11-07,1024,83.37,88.23,80.1,83.9
2024-11-08,1024,85.09,96.38,107.99,96.49
2024-11-09,1024,98.75,100.68,105.57,101.67
2024-11-10,1024,88.87,87.83,93.76,90.15
2024-11-11,1024,90.23,101.0,101.81,97.68
2024-11-12,1024,87.72,96.71,103.41,95.95
2024-11-13,1024,86.04,87.21,87.34,86.86
2024-11-14,1024,94.15,93.29,89.18,92.21
2024-11-15,1024,89.74,96.94,87.89,91.52
2024-11-16,1024,97.9,92.87,101.09,97.29
2024-11-17,1024,97.41,93.11,103.09,97.87
2024-11-18,1024,94.71,91.89,91.82,92.81
2024-11-19,1024,84.23,91.42,92.93,89.53
2024-11-20,1024,94.79,88.75,85.94,89.83
2024-11-21,1024,84.78,90.43,92.74,89.32
2024-11-22,1024,89.9,99.53,102.43,97.29
2024-11-23,1024,94.72,100.82,91.27,95.6
2024-11-24,1024,94.11,87.79,102.11,94.67
2024-11-25,1024,99.39,90.21,85.56,91.72
2024-11-26,1024,92.4,86.59,95.64,91.54
2024-11-27,1024,97.72,88.47,89.99,92.06
2024-11-28,1024,95.11,94.99,91.22,93.77
2024-11-29,1024,85.45,101.17,86.74,91.12
2024-11-30,1024,94.2,92.32,87.04,91.19
2024-12-01,1024,91.38,93.54,83.26,89.39
2024-12-02,1024,92.44,99.47,85.43,92.45
2024-12-03,1024,89.37,93.69,82.08,88.38
2024-12-04,1024,103.36,96.07,86.88,95.44
2024-12-05,1024,84.69,96.81,104.12,95.21
2024-12-06,1024,90.14,96.28,85.14,90.52
2024-12-07,1024,102.58,90.75,96.58,96.64
2024-12-08,1024,83.25,101.6,106.18,97.01
2024-12-09,1024,89.32,99.8,99.68,96.27
2024-12-10,1024,88.85,87.15,83.97,86.66
2024-12-11,1024,92.5,95.61,84.39,90.83
2024-12-12,1024,90.36,91.82,85.46,89.21
2024-12-13,1024,92.53,88.31,103.65,94.83
2024-12-14,1024,88.21,100.67,100.81,96.56
2024-12-15,1024,93.84,88.79,100.0,94.21
2024-12-16,1024,83.74,88.71,96.62,89.69
2024-12-17,1024,87.79,96.08,81.65,88.51
2024-12-18,1024,89.19,98.93,81.59,89.9
2024-12-19,1024,92.05,100.49,99.81,97.45
2024-12-20,1024,92.19,94.56,81.83,89.53
2024-12-21,1024,95.59,100.52,108.04,101.38
2024-12-22,1024,94.81,93.51,107.58,98.63
2024-12-23,1024,90.73,96.6,94.99,94.11
2024-12-24,1024,87.2,94.11,100.32,93.88
2024-12-25,1024,83.22,94.36,96.17,91.25
2024-12-26,1024,91.45,87.57,99.56,92.86
2024-12-27,1024,87.67,88.38,88.32,88.12
2024-12-28,1024,94.87,92.03,105.95,97.62
2024-12-29,1024,83.81,95.59,97.0,92.13
2024-12-30,1024,98.6,99.63,81.66,93.3
2024-01-01,1025,21.32,20.64,22.54,21.5
2024-01-02,1025,19.64,19.75,18.92,19.44
2024-01-03,1025,21.59,20.48,17.83,19.97
2024-01-04,1025,20.65,22.43,21.06,21.38
2024-01-05,1025,19.64,21.48,23.85,21.66
2024-01-06,1025,18.7,20.36,18.23,19.1
2024-01-07,1025,20.09,21.93,18.63,20.22
2024-01-08,1025,19.67,20.35,19.21,19.74
2024-01-09,1025,18.84,20.7,18.84,19.46
2024-01-10,1025,18.88,21.55,22.63,21.02
2024-01-11,1025,20.09,19.69,20.17,19.98
2024-01-12,1025,21.31,21.62,23.06,22.0
2024-01-13,1025,18.65,22.22,22.47,21.11
2024-01-14,1025,20.72,20.14,22.95,21.27
2024-01-15,1025,19.82,21.6,17.85,19.76
2024-01-16,1025,20.33,21.37,21.72,21.14
2024-01-17,1025,22.83,20.9,21.19,21.64
2024-01-18,1025,22.64,19.96,18.36,20.32
2024-01-19,1025,21.74,19.82,23.68,21.75
2024-01-20,1025,22.67,19.43,20.39,20.83
2024-01-21,1025,19.42,22.19,19.07,20.23
2024-01-22,1025,20.67,20.39,18.33,19.8
2024-01-23,1025,20.51,21.61,19.89,20.67
2024-01-24,1025,21.76,19.22,22.76,21.25
2024-01-25,1025,22.14,21.24,19.43,20.94
2024-01-26,1025,19.6,20.0,20.17,19.92
2024-01-27,1025,20.86,22.14,19.53,20.84
2024-01-28,1025,18.77,19.33,19.8,19.3
2024-01-29,1025,21.69,22.09,21.37,21.72
2024-01-30,1025,20.98,21.2,20.14,20.77
2024-01-31,1025,22.15,21.21,19.66,21.01
2024-02-01,1025,21.04,20.48,18.62,20.05
2024-02-02,1025,18.83,21.89,20.8,20.51
2024-02-03,1025,21.77,19.21,21.1,20.69
2024-02-04,1025,20.86,19.6,20.12,20.19
2024-02-05,1025,22.36,19.37,17.88,19.87
2024-02-06,1025,20.4,19.49,23.03,20.97
2024-02-07,1025,19.13,22.23,22.42,21.26
2024-02-08,1025,20.71,21.06,20.08,20.62
2024-02-09,1025,18.42,21.23,20.15,19.93
2024-02-10,1025,19.41,21.1,23.81,21.44
2024-02-11,1025,18.78,21.11,20.31,20.07
2024-02-12,1025,20.65,21.3,18.48,20.14
2024-02-13,1025,22.07,19.61,19.57,20.42
2024-02-14,1025,22.57,21.44,23.47,22.49
2024-02-15,1025,21.99,21.82,21.55,21.79
2024-02-16,1025,19.12,21.2,18.0,19.44
2024-02-17,1025,22.07,21.59,23.77,22.48
2024-02-18,1025,19.04,19.27,19.34,19.22
2024-02-19,1025,18.95,20.77,23.43,21.05
2024-02-20,1025,22.0,20.44,22.11,21.52
2024-02-21,1025,22.25,20.67,17.79,20.24
2024-02-22,1025,20.84,19.85,20.7,20.46
2024-02-23,1025,22.09,21.68,18.82,20.86
2024-02-24,1025,20.57,19.25,21.39,20.4
2024-02-25,1025,18.35,20.22,22.49,20.35
2024-02-26,1025,21.51,21.99,17.73,20.41
2024-02-27,1025,22.62,21.41,20.54,21.52
2024-02-28,1025,20.33,21.74,20.27,20.78
2024-02-29,1025,18.53,20.61,19.85,19.66
2024-03-01,1025,18.5,20.8,23.07,20.79
2024-03-02,1025,20.54,20.44,18.38,19.79
2024-03-03,1025,21.94,20.06,23.61,21.87
2024-03-04,1025,21.61,19.3,21.24,20.72
2024-03-05,1025,19.65,19.32,21.25,20.07
2024-03-06,1025,21.61,19.69,22.4,21.23
2024-03-07,1025,19.6,21.8,23.0,21.47
2024-03-08,1025,22.19,21.31,18.67,20.72
2024-03-09,1025,18.63,19.42,19.4,19.15
2024-03-10,1025,22.05,21.64,21.19,21.63
2024-03-11,1025,20.56,20.65,23.9,21.7
2024-03-12,1025,20.23,19.46,23.47,21.05
2024-03-13,1025,21.76,21.68,19.11,20.85
2024-03-14,1025,21.93,19.66,21.86,21.15
2024-03-15,1025,18.88,21.33,19.19,19.8
2024-03-16,1025,21.48,20.79,19.61,20.63
2024-03-17,1025,21.22,21.61,18.69,20.51
2024-03-18,1025,19.33,20.91,19.49,19.91
2024-03-19,1025,18.99,21.04,23.45,21.16
2024-03-20,1025,18.88,21.28,21.87,20.68
2024-03-21,1025,21.73,19.26,23.67,21.55
2024-03-22,1025,22.62,21.91,22.46,22.33
2024-03-23,1025,21.1,21.58,23.79,22.16
2024-03-24,1025,21.76,20.59,18.03,20.13
2024-03-25,1025,19.62,19.6,19.81,19.68
2024-03-26,1025,19.01,22.09,17.76,19.62
2024-03-27,1025,20.9,19.84,23.17,21.3
2024-03-28,1025,20.28,19.79,20.04,20.04
2024-03-29,1025,21.32,22.26,19.86,21.15
2024-03-30,1025,20.74,20.57,22.77,21.36
2024-03-31,1025,19.16,20.7,20.84,20.23
2024-04-01,1025,20.48,20.63,19.0,20.04
2024-04-02,1025,21.79,20.48,20.0,20.76
2024-04-03,1025,21.06,19.56,21.55,20.72
2024-04-04,1025,19.87,20.84,21.97,20.89
2024-04-05,1025,18.5,22.0,17.86,19.45
2024-04-06,1025,22.25,22.42,18.41,21.03
2024-04-07,1025,19.03,19.73,18.08,18.95
2024-04-08,1025,21.19,21.23,18.93,20.45
2024-04-09,1025,22.46,22.3,23.61,22.79
2024-04-10,1025,18.87,21.04,19.94,19.95
2024-04-11,1025,19.58,19.2,19.17,19.32
2024-04-12,1025,21.33,21.38,18.75,20.49
2024-04-13,1025,20.5,22.32,18.36,20.39
2024-04-14,1025,20.08,20.56,21.86,20.83
2024-04-15,1025,20.4,20.26,21.61,20.76
2024-04-16,1025,21.31,19.99,19.23,20.18
2024-04-17,1025,21.44,21.15,19.04,20.54
2024-04-18,1025,18.89,19.85,21.06,19.93
2024-04-19,1025,20.58,22.19,18.32,20.36
2024-04-20,1025,19.65,19.6,20.54,19.93
2024-04-21,1025,21.26,21.38,17.94,20.19
2024-04-22,1025,19.76,21.88,21.79,21.14
2024-04-23,1025,20.13,21.84,19.04,20.34
2024-04-24,1025,20.07,22.41,20.54,21.01
2024-04-25,1025,19.04,21.53,19.42,20.0
2024-04-26,1025,19.65,20.3,19.71,19.89
2024-04-27,1025,20.27,20.51,23.41,21.4
2024-04-28,1025,19.13,21.55,21.38,20.69
2024-04-29,1025,19.2,19.55,20.94,19.9
2024-04-30,1025,21.07,22.03,22.23,21.78
2024-05-01,1025,18.79,19.82,17.93,18.85
2024-05-02,1025,19.33,21.35,22.01,20.9
2024-05-03,1025,20.54,20.54,23.41,21.5
2024-05-04,1025,20.57,20.25,20.24,20.35
2024-05-05,1025,22.33,20.37,19.18,20.63
2024-05-06,1025,20.83,22.13,23.73,22.23
2024-05-07,1025,20.68,22.44,19.52,20.88
2024-05-08,1025,19.29,21.1,19.65,20.01
2024-05-09,1025,22.1,19.81,17.9,19.94
2024-05-10,1025,19.14,19.45,20.91,19.83
2024-05-11,1025,21.64,20.93,23.33,21.97
2024-05-12,1025,19.06,22.06,23.51,21.54
2024-05-13,1025,19.59,22.01,21.95,21.18
2024-05-14,1025,20.49,21.4,23.29,21.73
2024-05-15,1025,22.49,19.3,20.68,20.82
2024-05-16,1025,20.12,21.55,19.98,20.55
2024-05-17,1025,22.84,21.74,22.97,22.52
2024-05-18,1025,22.8,21.63,21.82,22.08
2024-05-19,1025,21.44,21.68,19.04,20.72
2024-05-20,1025,19.05,21.81,19.91,20.26
2024-05-21,1025,18.47,19.45,21.39,19.77
2024-05-22,1025,21.18,21.84,19.92,20.98
2024-05-23,1025,21.26,19.87,23.79,21.64
2024-05-24,1025,19.62,21.15,20.36,20.38
2024-05-25,1025,19.15,21.75,19.08,19.99
2024-05-26,1025,18.64,19.7,23.26,20.53
2024-05-27,1025,21.53,21.89,19.75,21.06
2024-05-28,1025,18.68,20.48,22.38,20.51
2024-05-29,1025,19.99,20.67,19.68,20.11
2024-05-30,1025,22.01,19.72,21.64,21.12
2024-05-31,1025,22.1,19.83,21.92,21.28
2024-06-01,1025,22.57,19.69,19.11,20.46
2024-06-02,1025,22.52,20.02,21.07,21.2
2024-06-03,1025,20.93,21.01,19.93,20.62
2024-06-04,1025,18.7,22.44,22.36,21.17
2024-06-05,1025,20.24,21.24,18.27,19.92
2024-06-06,1025,22.69,21.27,18.64,20.87
2024-06-07,1025,21.73,20.82,20.0,20.85
2024-06-08,1025,22.68,19.88,22.24,21.6
2024-06-09,1025,19.29,21.87,23.18,21.45
2024-06-10,1025,19.19,21.22,20.7,20.37
2024-06-11,1025,18.94,20.35,19.3,19.53
2024-06-12,1025,21.44,21.7,18.86,20.67
2024-06-13,1025,21.18,22.17,19.35,20.9
2024-06-14,1025,20.4,20.83,21.53,20.92
2024-06-15,1025,20.24,19.77,22.43,20.81
2024-06-16,1025,18.52,19.75,22.01,20.09
2024-06-17,1025,21.98,22.03,17.99,20.67
2024-06-18,1025,22.73,20.94,19.16,20.94
2024-06-19,1025,22.35,19.72,21.9,21.32
2024-06-20,1025,19.16,20.51,21.68,20.45
2024-06-21,1025,20.13,20.68,19.27,20.03
2024-06-22,1025,21.54,20.92,19.2,20.55
2024-06-23,1025,20.35,19.55,17.94,19.28
2024-06-24,1025,22.58,21.2,20.41,21.4
2024-06-25,1025,22.46,20.67,18.34,20.49
2024-06-26,1025,21.82,22.25,20.45,21.51
2024-06-27,1025,22.43,22.41,23.75,22.86
2024-06-28,1025,19.5,20.37,17.89,19.25
2024-06-29,1025,19.98,20.07,19.13,19.73
2024-06-30,1025,21.55,20.37,22.7,21.54
2024-07-01,1025,21.42,22.19,18.58,20.73
2024-07-02,1025,18.85,19.98,23.49,20.77
2024-07-03,1025,22.68,21.04,18.14,20.62
2024-07-04,1025,20.93,22.46,18.64,20.68
2024-07-05,1025,19.56,21.45,21.86,20.96
2024-07-06,1025,20.88,20.23,20.99,20.7
2024-07-07,1025,20.84,21.34,21.38,21.19
2024-07-08,1025,20.02,21.37,21.44,20.94
2024-07-09,1025,19.47,21.94,23.1,21.5
2024-07-10,1025,19.25,19.73,19.17,19.38
2024-07-11,1025,19.78,21.01,19.84,20.21
2024-07-12,1025,20.16,19.31,19.18,19.55
2024-07-13,1025,21.27,20.87,19.2,20.45
2024-07-14,1025,19.36,21.4,18.92,19.89
2024-07-15,1025,22.12,19.68,20.94,20.91
2024-07-16,1025,22.73,19.57,23.36,21.89
2024-07-17,1025,19.93,20.1,23.02,21.02
2024-07-18,1025,22.87,21.94,19.85,21.55
2024-07-19,1025,21.91,19.65,21.67,21.08
2024-07-20,1025,22.72,19.34,19.85,20.64
2024-07-21,1025,19.73,19.73,22.76,20.74
2024-07-22,1025,19.02,19.91,20.87,19.93
2024-07-23,1025,21.23,19.64,23.75,21.54
2024-07-24,1025,18.8,20.77,18.72,19.43
2024-07-25,1025,21.84,21.29,21.26,21.46
2024-07-26,1025,19.55,21.21,23.66,21.47
2024-07-27,1025,22.59,20.86,23.91,22.45
2024-07-28,1025,19.29,20.65,18.75,19.56
2024-07-29,1025,19.78,19.59,22.74,20.7
2024-07-30,1025,18.39,19.49,23.28,20.39
2024-07-31,1025,20.2,19.62,18.36,19.39
2024-08-01,1025,22.43,20.11,19.69,20.74
2024-08-02,1025,19.57,20.75,23.49,21.27
2024-08-03,1025,18.35,21.77,21.14,20.42
2024-08-04,1025,22.31,21.72,23.25,22.43
2024-08-05,1025,19.01,22.24,18.79,20.01
2024-08-06,1025,21.84,22.11,22.75,22.23
2024-08-07,1025,18.63,22.03,20.36,20.34
2024-08-08,1025,18.47,20.2,18.78,19.15
2024-08-09,1025,18.94,22.07,23.44,21.48
2024-08-10,1025,21.84,21.93,21.8,21.86
2024-08-11,1025,19.4,21.94,22.03,21.12
2024-08-12,1025,19.53,21.57,20.89,20.66
2024-08-13,1025,21.09,22.36,23.31,22.25
2024-08-14,1025,19.82,20.85,21.47,20.71
2024-08-15,1025,20.49,22.45,17.85,20.26
2024-08-16,1025,21.5,21.08,23.76,22.11
2024-08-17,1025,22.48,20.94,19.9,21.11
2024-08-18,1025,19.72,20.14,20.16,20.01
2024-08-19,1025,19.15,19.79,21.73,20.22
2024-08-20,1025,20.03,22.05,21.08,21.05
2024-08-21,1025,19.43,22.01,21.05,20.83
2024-08-22,1025,22.6,21.44,21.55,21.86
2024-08-23,1025,20.35,20.81,22.57,21.24
2024-08-24,1025,21.86,19.57,22.83,21.42
2024-08-25,1025,19.36,21.76,22.71,21.28
2024-08-26,1025,19.44,21.66,21.68,20.93
2024-08-27,1025,22.35,19.34,22.51,21.4
2024-08-28,1025,19.4,20.38,23.72,21.17
2024-08-29,1025,20.63,21.16,19.75,20.51
2024-08-30,1025,21.29,20.8,19.35,20.48
2024-08-31,1025,20.88,21.16,22.58,21.54
2024-09-01,1025,19.07,21.61,18.57,19.75
2024-09-02,1025,20.08,20.34,18.62,19.68
2024-09-03,1025,20.47,19.93,23.91,21.44
2024-09-04,1025,21.37,22.45,21.47,21.76
2024-09-05,1025,18.73,19.91,21.14,19.93
2024-09-06,1025,21.95,19.56,22.52,21.34
2024-09-07,1025,20.94,19.17,18.11,19.41
2024-09-08,1025,20.81,20.32,23.35,21.49
2024-09-09,1025,22.43,22.43,22.1,22.32
2024-09-10,1025,22.02,19.58,21.95,21.18
2024-09-11,1025,19.17,20.9,22.1,20.72
2024-09-12,1025,19.31,22.23,22.52,21.35
2024-09-13,1025,19.91,20.19,23.08,21.06
2024-09-14,1025,18.35,19.77,23.37,20.5
2024-09-15,1025,19.71,20.15,23.29,21.05
2024-09-16,1025,21.66,19.84,19.27,20.26
2024-09-17,1025,22.06,20.97,18.52,20.52
2024-09-18,1025,18.72,21.11,23.66,21.16
2024-09-19,1025,21.64,22.13,22.39,22.05
2024-09-20,1025,18.77,20.68,23.46,20.97
2024-09-21,1025,21.28,20.7,23.5,21.83
2024-09-22,1025,21.43,22.42,21.22,21.69
2024-09-23,1025,18.88,20.3,21.55,20.24
2024-09-24,1025,21.01,21.03,20.96,21.0
2024-09-25,1025,21.02,20.02,21.98,21.01
2024-09-26,1025,19.87,22.08,23.89,21.95
2024-09-27,1025,19.32,21.11,18.77,19.73
2024-09-28,1025,21.11,20.66,23.33,21.7
2024-09-29,1025,21.3,21.31,20.27,20.96
2024-09-30,1025,22.11,19.43,20.45,20.66
2024-10-01,1025,21.91,21.37,19.67,20.98
2024-10-02,1025,19.8,19.22,21.26,20.09
2024-10-03,1025,18.97,20.59,19.27,19.61
2024-10-04,1025,21.93,20.67,17.72,20.11
2024-10-05,1025,20.17,21.21,23.34,21.57
2024-10-06,1025,19.63,20.07,19.09,19.6
2024-10-07,1025,18.62,19.47,18.62,18.9
2024-10-08,1025,22.51,21.87,22.92,22.43
2024-10-09,1025,20.88,20.54,20.87,20.76
2024-10-10,1025,18.58,19.74,21.92,20.08
2024-10-11,1025,19.02,19.35,19.26,19.21
2024-10-12,1025,20.32,20.72,21.53,20.86
2024-10-13,1025,22.34,21.26,18.07,20.56
2024-10-14,1025,19.01,22.37,19.97,20.45
2024-10-15,1025,19.05,21.33,17.83,19.4
2024-10-16,1025,19.08,22.2,20.35,20.54
2024-10-17,1025,20.74,20.2,21.8,20.91
2024-10-18,1025,18.68,19.34,19.6,19.21
2024-10-19,1025,19.68,22.16,21.68,21.17
2024-10-20,1025,18.6,22.32,18.01,19.64
2024-10-21,1025,20.75,21.52,23.18,21.82
2024-10-22,1025,18.83,21.77,18.49,19.7
2024-10-23,1025,20.08,21.19,22.51,21.26
2024-10-24,1025,22.65,22.34,22.77,22.59
2024-10-25,1025,18.49,21.06,22.35,20.63
2024-10-26,1025,21.95,21.49,19.44,20.96
2024-10-27,1025,19.38,19.96,21.71,20.35
2024-10-28,1025,22.36,19.85,19.26,20.49
2024-10-29,1025,20.78,19.18,21.91,20.62
2024-10-30,1025,18.56,20.87,17.95,19.13
2024-10-31,1025,19.34,20.44,18.39,19.39
2024-11-01,1025,18.5,21.44,22.77,20.9
2024-11-02,1025,21.25,20.2,20.66,20.7
2024-11-03,1025,21.15,22.28,18.05,20.49
2024-11-04,1025,22.71,19.88,19.75,20.78
2024-11-05,1025,18.52,20.44,21.16,20.04
2024-11-06,1025,22.08,19.9,18.23,20.07
2024-11-07,1025,20.68,19.51,20.77,20.32
2024-11-08,1025,18.6,22.0,17.77,19.46
2024-11-09,1025,21.76,22.42,18.02,20.73
2024-11-10,1025,18.89,21.09,20.15,20.04
2024-11-11,1025,20.78,19.46,23.54,21.26
2024-11-12,1025,22.76,22.07,21.92,22.25
2024-11-13,1025,20.42,20.06,19.47,19.98
2024-11-14,1025,20.99,21.32,22.53,21.61
2024-11-15,1025,19.97,20.02,21.05,20.35
2024-11-16,1025,18.8,20.05,22.58,20.48
2024-11-17,1025,22.55,21.2,22.14,21.96
2024-11-18,1025,20.97,20.17,19.25,20.13
2024-11-19,1025,21.95,22.06,20.36,21.46
2024-11-20,1025,21.89,19.99,19.54,20.47
2024-11-21,1025,21.54,20.82,18.39,20.25
2024-11-22,1025,19.35,19.31,22.25,20.3
2024-11-23,1025,20.61,22.37,18.44,20.47
2024-11-24,1025,18.42,20.52,22.58,20.51
2024-11-25,1025,21.26,21.7,22.71,21.89
2024-11-26,1025,21.5,20.98,21.23,21.24
2024-11-27,1025,19.74,20.93,19.25,19.97
2024-11-28,1025,21.98,21.21,21.23,21.47
2024-11-29,1025,19.91,20.5,23.59,21.33
2024-11-30,1025,22.54,20.87,19.26,20.89
2024-12-01,1025,21.58,20.13,22.25,21.32
2024-12-02,1025,18.93,21.27,19.94,20.05
2024-12-03,1025,20.18,22.22,20.18,20.86
2024-12-04,1025,18.94,19.56,23.53,20.68
2024-12-05,1025,20.76,19.3,21.56,20.54
2024-12-06,1025,19.61,22.16,19.38,20.38
2024-12-07,1025,20.15,19.68,18.12,19.32
2024-12-08,1025,22.52,21.47,19.83,21.27
2024-12-09,1025,20.55,20.47,21.3,20.77
2024-12-10,1025,21.23,19.48,18.53,19.75
2024-12-11,1025,19.17,19.26,23.67,20.7
2024-12-12,1025,19.79,19.89,21.27,20.32
2024-12-13,1025,21.85,22.17,18.87,20.96
2024-12-14,1025,19.83,21.61,22.09,21.18
2024-12-15,1025,18.37,20.37,18.2,18.98
2024-12-16,1025,21.36,20.3,22.66,21.44
2024-12-17,1025,20.53,19.42,20.01,19.99
2024-12-18,1025,20.9,21.28,22.57,21.58
2024-12-19,1025,19.44,19.34,22.19,20.32
2024-12-20,1025,20.83,20.17,20.5,20.5
2024-12-21,1025,20.56,20.97,17.92,19.82
2024-12-22,1025,20.07,20.52,20.49,20.36
2024-12-23,1025,20.27,21.18,21.52,20.99
2024-12-24,1025,22.08,21.85,20.29,21.41
2024-12-25,1025,18.73,20.74,23.31,20.93
2024-12-26,1025,19.03,20.65,20.19,19.96
2024-12-27,1025,20.78,22.18,23.26,22.07
2024-12-28,1025,22.62,21.83,23.0,22.48
2024-12-29,1025,19.41,19.57,22.0,20.33
2024-12-30,1025,21.45,19.35,17.98,19.59
2024-01-01,1026,63.45,65.5,64.08,64.34
2024-01-02,1026,60.67,64.22,63.95,62.95
2024-01-03,1026,66.75,58.96,55.75,60.49
2024-01-04,1026,65.53,65.32,63.56,64.8
2024-01-05,1026,58.86,62.41,67.29,62.85
2024-01-06,1026,60.01,60.12,65.74,61.96
2024-01-07,1026,63.28,60.86,56.66,60.27
2024-01-08,1026,54.03,57.64,54.95,55.54
2024-01-09,1026,59.82,58.23,54.38,57.48
2024-01-10,1026,57.87,58.39,53.43,56.56
2024-01-11,1026,63.76,59.59,52.45,58.6
2024-01-12,1026,59.55,57.31,65.8,60.89
2024-01-13,1026,58.91,57.76,65.77,60.81
2024-01-14,1026,58.87,65.07,60.25,61.4
2024-01-15,1026,56.51,61.35,64.23,60.7
2024-01-16,1026,58.95,63.74,68.43,63.71
2024-01-17,1026,65.63,57.85,54.27,59.25
2024-01-18,1026,64.53,60.04,52.85,59.14
2024-01-19,1026,64.73,60.13,53.53,59.46
2024-01-20,1026,54.02,63.84,59.35,59.07
2024-01-21,1026,59.18,56.73,56.59,57.5
2024-01-22,1026,63.73,60.65,53.11,59.16
2024-01-23,1026,66.5,56.54,68.65,63.9
2024-01-24,1026,55.16,63.78,60.55,59.83
2024-01-25,1026,62.91,57.39,53.6,57.97
2024-01-26,1026,62.6,57.85,59.01,59.82
2024-01-27,1026,66.17,65.17,62.09,64.48
2024-01-28,1026,57.26,59.8,54.44,57.17
2024-01-29,1026,54.41,61.6,58.24,58.08
2024-01-30,1026,62.45,57.85,62.2,60.83
2024-01-31,1026,62.11,62.48,69.98,64.86
2024-02-01,1026,66.06,64.33,62.01,64.13
2024-02-02,1026,62.08,63.21,53.54,59.61
2024-02-03,1026,55.34,64.54,64.63,61.5
2024-02-04,1026,56.44,56.32,58.36,57.04
2024-02-05,1026,65.0,57.35,53.63,58.66
2024-02-06,1026,54.5,57.01,64.51,58.67
2024-02-07,1026,59.22,65.69,64.68,63.2
2024-02-08,1026,61.36,57.62,52.0,56.99
2024-02-09,1026,62.29,57.14,64.15,61.19
2024-02-10,1026,65.09,65.45,69.67,66.74
2024-02-11,1026,57.57,61.2,54.72,57.83
2024-02-12,1026,56.95,58.27,69.15,61.46
2024-02-13,1026,55.46,62.59,57.82,58.62
2024-02-14,1026,56.83,58.21,62.76,59.27
2024-02-15,1026,63.22,61.73,59.45,61.47
2024-02-16,1026,56.71,62.79,55.7,58.4
2024-02-17,1026,57.99,62.23,53.13,57.78
2024-02-18,1026,56.05,58.17,66.14,60.12
2024-02-19,1026,62.45,63.36,52.02,59.28
2024-02-20,1026,55.42,62.6,52.0,56.67
2024-02-21,1026,65.17,62.61,60.13,62.64
2024-02-22,1026,57.97,64.81,62.36,61.71
2024-02-23,1026,66.37,63.31,54.61,61.43
2024-02-24,1026,67.06,60.29,53.2,60.18
2024-02-25,1026,61.85,58.44,52.61,57.63
2024-02-26,1026,58.47,64.39,56.9,59.92
2024-02-27,1026,65.47,61.04,57.18,61.23
2024-02-28,1026,66.21,64.69,61.94,64.28
2024-02-29,1026,67.23,63.68,58.16,63.02
2024-03-01,1026,67.06,63.15,53.49,61.23
2024-03-02,1026,66.05,59.46,65.4,63.64
2024-03-03,1026,62.92,64.48,55.65,61.02
2024-03-04,1026,64.49,62.37,53.7,60.19
2024-03-05,1026,65.46,61.95,70.21,65.87
2024-03-06,1026,64.21,57.61,69.79,63.87
2024-03-07,1026,56.65,59.05,62.54,59.41
2024-03-08,1026,64.67,56.84,67.26,62.92
2024-03-09,1026,58.91,61.81,66.55,62.42
2024-03-10,1026,61.23,60.79,70.27,64.1
2024-03-11,1026,60.2,58.64,65.8,61.55
2024-03-12,1026,61.39,62.79,60.13,61.44
2024-03-13,1026,63.7,56.45,52.47,57.54
2024-03-14,1026,62.29,63.34,67.06,64.23
2024-03-15,1026,66.33,65.41,60.05,63.93
2024-03-16,1026,63.31,56.31,53.93,57.85
2024-03-17,1026,57.58,61.59,55.33,58.17
2024-03-18,1026,57.41,64.09,61.13,60.88
2024-03-19,1026,54.32,56.71,65.12,58.72
2024-03-20,1026,65.11,59.83,58.29,61.08
2024-03-21,1026,65.62,61.82,69.41,65.62
2024-03-22,1026,62.25,57.42,62.06,60.58
2024-03-23,1026,55.48,59.73,60.78,58.66
2024-03-24,1026,64.44,61.32,63.65,63.14
2024-03-25,1026,62.18,64.66,54.88,60.57
2024-03-26,1026,56.68,60.09,68.36,61.71
2024-03-27,1026,63.83,56.42,58.74,59.66
2024-03-28,1026,61.96,58.3,58.13,59.46
2024-03-29,1026,57.98,62.53,56.38,58.96
2024-03-30,1026,60.52,64.54,63.48,62.85
2024-03-31,1026,63.87,65.79,60.63,63.43
2024-04-01,1026,57.69,60.23,53.37,57.1
2024-04-02,1026,61.16,61.69,63.07,61.97
2024-04-03,1026,64.57,65.36,56.9,62.28
2024-04-04,1026,54.14,64.87,56.35,58.45
2024-04-05,1026,61.22,56.61,66.05,61.29
2024-04-06,1026,57.26,60.61,63.32,60.4
2024-04-07,1026,56.46,56.28,61.56,58.1
2024-04-08,1026,56.04,64.22,60.58,60.28
2024-04-09,1026,55.76,62.4,56.64,58.27
2024-04-10,1026,56.87,64.01,69.18,63.35
2024-04-11,1026,65.65,57.85,55.13,59.54
2024-04-12,1026,58.37,59.29,59.86,59.17
2024-04-13,1026,63.34,65.29,65.95,64.86
2024-04-14,1026,60.38,65.58,66.97,64.31
2024-04-15,1026,63.38,64.18,69.1,65.55
2024-04-16,1026,62.11,65.45,63.47,63.68
2024-04-17,1026,65.61,61.78,61.17,62.85
2024-04-18,1026,54.55,63.32,59.42,59.1
2024-04-19,1026,59.82,65.7,57.65,61.06
2024-04-20,1026,55.74,64.68,68.34,62.92
2024-04-21,1026,59.85,64.73,55.82,60.13
2024-04-22,1026,66.36,57.14,66.69,63.4
2024-04-23,1026,63.95,63.35,54.56,60.62
2024-04-24,1026,56.36,60.76,54.17,57.1
2024-04-25,1026,60.58,57.61,58.98,59.06
2024-04-26,1026,63.19,57.16,69.44,63.26
2024-04-27,1026,60.21,57.97,69.59,62.59
2024-04-28,1026,60.61,65.06,58.93,61.53
2024-04-29,1026,54.43,56.76,55.83,55.67
2024-04-30,1026,62.16,64.01,69.5,65.22
2024-05-01,1026,65.4,64.49,63.41,64.43
2024-05-02,1026,56.18,56.66,66.56,59.8
2024-05-03,1026,62.81,63.73,67.44,64.66
2024-05-04,1026,60.64,64.6,55.76,60.33
2024-05-05,1026,53.97,65.02,54.43,57.81
2024-05-06,1026,57.52,65.43,64.0,62.32
2024-05-07,1026,58.37,61.74,56.91,59.01
2024-05-08,1026,57.06,65.03,62.6,61.56
2024-05-09,1026,66.02,65.54,62.27,64.61
2024-05-10,1026,57.39,61.85,54.3,57.85
2024-05-11,1026,63.81,59.23,56.1,59.71
2024-05-12,1026,63.56,58.52,58.01,60.03
2024-05-13,1026,63.37,58.86,66.47,62.9
2024-05-14,1026,57.65,57.42,59.66,58.24
2024-05-15,1026,63.53,65.63,53.39,60.85
2024-05-16,1026,56.08,57.37,60.25,57.9
2024-05-17,1026,67.2,63.8,56.01,62.34
2024-05-18,1026,59.85,65.38,64.83,63.35
2024-05-19,1026,65.42,63.99,57.43,62.28
2024-05-20,1026,54.47,62.77,55.37,57.54
2024-05-21,1026,58.48,59.95,57.95,58.79
2024-05-22,1026,59.87,65.45,68.77,64.7
2024-05-23,1026,65.3,61.27,55.26,60.61
2024-05-24,1026,54.05,58.69,56.82,56.52
2024-05-25,1026,58.95,65.42,67.73,64.03
2024-05-26,1026,54.16,57.3,68.72,60.06
2024-05-27,1026,56.85,56.43,53.5,55.59
2024-05-28,1026,56.87,59.92,64.0,60.26
2024-05-29,1026,59.62,58.18,61.78,59.86
2024-05-30,1026,66.36,64.41,59.09,63.29
2024-05-31,1026,58.98,63.76,70.1,64.28
2024-06-01,1026,63.2,58.13,60.9,60.74
2024-06-02,1026,61.99,61.86,65.91,63.25
2024-06-03,1026,64.27,59.82,63.48,62.52
2024-06-04,1026,61.87,60.93,66.45,63.08
2024-06-05,1026,57.66,63.12,63.06,61.28
2024-06-06,1026,58.24,56.33,55.06,56.54
2024-06-07,1026,65.35,64.51,66.95,65.6
2024-06-08,1026,65.99,63.66,51.99,60.55
2024-06-09,1026,57.56,60.49,68.32,62.12
2024-06-10,1026,60.38,64.22,57.45,60.68
2024-06-11,1026,60.24,56.47,67.58,61.43
2024-06-12,1026,58.27,62.34,65.15,61.92
2024-06-13,1026,64.53,63.19,67.2,64.97
2024-06-14,1026,58.88,62.0,66.72,62.53
2024-06-15,1026,63.74,61.44,64.45,63.21
2024-06-16,1026,54.18,65.45,69.27,62.97
2024-06-17,1026,54.03,58.49,58.08,56.87
2024-06-18,1026,63.86,57.02,64.74,61.87
2024-06-19,1026,63.73,57.07,55.2,58.67
2024-06-20,1026,63.17,60.25,67.03,63.48
2024-06-21,1026,63.16,61.7,66.52,63.79
2024-06-22,1026,64.93,58.17,56.35,59.82
2024-06-23,1026,58.4,56.51,57.73,57.55
2024-06-24,1026,53.9,56.3,54.63,54.94
2024-06-25,1026,67.0,64.91,68.27,66.73
2024-06-26,1026,67.15,57.69,62.48,62.44
2024-06-27,1026,65.76,61.98,65.86,64.53
2024-06-28,1026,64.43,65.72,69.68,66.61
2024-06-29,1026,55.98,56.67,56.2,56.28
2024-06-30,1026,56.81,57.05,61.55,58.47
2024-07-01,1026,58.26,62.8,68.13,63.06
2024-07-02,1026,62.46,56.75,57.71,58.97
2024-07-03,1026,57.65,65.43,66.39,63.16
2024-07-04,1026,64.14,59.03,62.66,61.94
2024-07-05,1026,55.98,57.79,55.51,56.43
2024-07-06,1026,64.79,57.71,64.89,62.46
2024-07-07,1026,56.84,58.68,65.35,60.29
2024-07-08,1026,54.09,65.11,65.75,61.65
2024-07-09,1026,57.73,62.83,57.55,59.37
2024-07-10,1026,64.37,59.11,53.44,58.97
2024-07-11,1026,55.14,62.8,68.27,62.07
2024-07-12,1026,54.48,62.75,66.46,61.23
2024-07-13,1026,66.22,56.43,62.13,61.59
2024-07-14,1026,61.0,61.46,55.69,59.38
2024-07-15,1026,54.07,60.91,61.89,58.96
2024-07-16,1026,60.73,59.65,63.9,61.43
2024-07-17,1026,64.36,58.65,65.92,62.98
2024-07-18,1026,65.79,58.51,58.71,61.0
2024-07-19,1026,65.13,60.2,58.49,61.27
2024-07-20,1026,57.74,59.81,61.46,59.67
2024-07-21,1026,61.06,65.28,52.45,59.6
2024-07-22,1026,66.22,62.54,63.41,64.06
2024-07-23,1026,61.8,61.31,59.99,61.03
2024-07-24,1026,57.55,63.31,68.83,63.23
2024-07-25,1026,67.23,62.99,68.21,66.14
2024-07-26,1026,64.72,57.71,54.91,59.11
2024-07-27,1026,66.9,59.78,65.91,64.2
2024-07-28,1026,62.96,57.28,59.23,59.82
2024-07-29,1026,58.97,63.96,64.15,62.36
2024-07-30,1026,54.18,63.77,68.13,62.03
2024-07-31,1026,58.47,56.73,59.61,58.27
2024-08-01,1026,62.13,64.61,54.18,60.31
2024-08-02,1026,65.72,58.53,63.34,62.53
2024-08-03,1026,65.36,63.43,56.32,61.7
2024-08-04,1026,64.28,61.02,69.38,64.89
2024-08-05,1026,64.35,61.18,56.6,60.71
2024-08-06,1026,60.29,63.27,60.7,61.42
2024-08-07,1026,65.19,56.93,57.07,59.73
2024-08-08,1026,64.32,57.35,66.58,62.75
2024-08-09,1026,58.42,58.02,56.58,57.67
2024-08-10,1026,63.03,61.26,54.62,59.64
2024-08-11,1026,57.79,62.57,55.6,58.65
2024-08-12,1026,59.02,63.67,60.39,61.03
2024-08-13,1026,60.1,59.47,66.66,62.08
2024-08-14,1026,58.28,60.74,68.99,62.67
2024-08-15,1026,61.56,59.27,61.28,60.7
2024-08-16,1026,54.74,61.41,52.39,56.18
2024-08-17,1026,62.45,61.18,54.74,59.46
2024-08-18,1026,58.05,65.68,68.13,63.95
2024-08-19,1026,61.32,58.12,56.23,58.56
2024-08-20,1026,65.01,57.19,68.71,63.64
2024-08-21,1026,57.32,63.22,60.0,60.18
2024-08-22,1026,65.02,56.63,64.63,62.09
2024-08-23,1026,56.37,59.02,61.39,58.93
2024-08-24,1026,54.33,63.74,53.49,57.19
2024-08-25,1026,63.98,57.46,68.94,63.46
2024-08-26,1026,54.52,57.24,60.88,57.55
2024-08-27,1026,63.81,63.8,68.61,65.41
2024-08-28,1026,55.43,59.74,60.93,58.7
2024-08-29,1026,62.15,59.54,58.66,60.12
2024-08-30,1026,62.6,63.64,68.53,64.92
2024-08-31,1026,56.95,65.18,66.44,62.86
2024-09-01,1026,57.38,64.52,54.57,58.82
2024-09-02,1026,61.32,60.76,60.38,60.82
2024-09-03,1026,57.15,62.72,66.45,62.11
2024-09-04,1026,60.98,56.81,59.71,59.17
2024-09-05,1026,60.62,57.47,61.89,59.99
2024-09-06,1026,66.99,65.61,66.35,66.32
2024-09-07,1026,59.2,65.56,58.67,61.14
2024-09-08,1026,63.34,59.98,55.61,59.64
2024-09-09,1026,61.42,57.74,55.49,58.22
2024-09-10,1026,64.22,63.39,56.74,61.45
2024-09-11,1026,55.32,64.54,56.43,58.76
2024-09-12,1026,55.04,62.19,55.3,57.51
2024-09-13,1026,58.23,64.08,66.97,63.09
2024-09-14,1026,59.99,63.1,53.22,58.77
2024-09-15,1026,59.25,62.34,53.72,58.44
2024-09-16,1026,65.37,57.27,68.29,63.64
2024-09-17,1026,65.17,56.33,56.82,59.44
2024-09-18,1026,63.28,57.6,64.39,61.76
2024-09-19,1026,58.14,60.79,55.0,57.98
2024-09-20,1026,58.94,62.61,55.23,58.93
2024-09-21,1026,61.55,57.49,64.55,61.2
2024-09-22,1026,57.87,57.38,54.97,56.74
2024-09-23,1026,56.98,65.65,54.52,59.05
2024-09-24,1026,64.83,59.96,59.32,61.37
2024-09-25,1026,54.34,63.37,63.7,60.47
2024-09-26,1026,58.1,63.48,65.32,62.3
2024-09-27,1026,63.98,58.69,53.82,58.83
2024-09-28,1026,66.99,64.79,61.73,64.5
2024-09-29,1026,63.66,63.63,53.3,60.2
2024-09-30,1026,54.33,59.29,61.32,58.31
2024-10-01,1026,53.98,65.14,52.98,57.37
2024-10-02,1026,63.75,63.15,66.73,64.54
2024-10-03,1026,59.26,62.45,54.06,58.59
2024-10-04,1026,65.37,61.18,61.68,62.74
2024-10-05,1026,60.22,60.41,57.24,59.29
2024-10-06,1026,53.79,64.73,65.98,61.5
2024-10-07,1026,60.4,60.27,66.18,62.28
2024-10-08,1026,55.07,59.81,69.08,61.32
2024-10-09,1026,57.28,61.43,57.06,58.59
2024-10-10,1026,65.2,60.13,70.1,65.14
2024-10-11,1026,55.05,62.75,65.31,61.04
2024-10-12,1026,67.06,59.42,57.49,61.32
2024-10-13,1026,66.34,63.85,59.12,63.1
2024-10-14,1026,58.84,63.13,60.89,60.95
2024-10-15,1026,61.49,65.69,65.31,64.16
2024-10-16,1026,63.38,62.08,68.9,64.79
2024-10-17,1026,58.96,58.37,55.99,57.77
2024-10-18,1026,56.37,59.05,67.59,61.0
2024-10-19,1026,57.4,60.55,53.71,57.22
2024-10-20,1026,64.78,57.77,69.73,64.09
2024-10-21,1026,62.95,65.94,59.47,62.79
2024-10-22,1026,60.19,65.88,62.05,62.71
2024-10-23,1026,63.44,56.48,59.53,59.82
2024-10-24,1026,66.66,62.34,64.69,64.56
2024-10-25,1026,61.1,63.66,67.66,64.14
2024-10-26,1026,64.92,57.45,61.26,61.21
2024-10-27,1026,58.9,63.33,59.48,60.57
2024-10-28,1026,66.32,61.17,52.29,59.93
2024-10-29,1026,54.79,58.08,54.74,55.87
2024-10-30,1026,55.5,65.2,69.49,63.4
2024-10-31,1026,61.75,57.7,54.86,58.1
2024-11-01,1026,66.73,64.46,64.71,65.3
2024-11-02,1026,60.91,62.43,65.36,62.9
2024-11-03,1026,66.73,59.51,56.87,61.04
2024-11-04,1026,55.01,58.26,63.69,58.99
2024-11-05,1026,55.13,56.64,67.75,59.84
2024-11-06,1026,54.2,58.57,66.85,59.87
2024-11-07,1026,61.64,63.47,63.77,62.96
2024-11-08,1026,62.83,64.12,52.77,59.91
2024-11-09,1026,61.31,57.34,69.07,62.57
2024-11-10,1026,64.77,58.1,54.38,59.08
2024-11-11,1026,54.05,65.37,60.63,60.02
2024-11-12,1026,64.85,57.31,58.53,60.23
2024-11-13,1026,64.25,60.14,64.14,62.84
2024-11-14,1026,67.11,61.47,70.08,66.22
2024-11-15,1026,64.49,57.81,61.71,61.34
2024-11-16,1026,56.62,64.8,69.09,63.5
2024-11-17,1026,57.27,57.02,69.53,61.27
2024-11-18,1026,61.22,58.32,64.23,61.26
2024-11-19,1026,66.49,65.55,60.8,64.28
2024-11-20,1026,65.58,56.92,54.3,58.93
2024-11-21,1026,54.91,57.59,68.13,60.21
2024-11-22,1026,65.81,64.5,52.37,60.89
2024-11-23,1026,60.95,58.96,57.74,59.22
2024-11-24,1026,59.1,57.28,69.73,62.04
2024-11-25,1026,54.9,62.96,53.69,57.18
2024-11-26,1026,57.59,61.44,54.23,57.75
2024-11-27,1026,54.26,57.32,55.89,55.82
2024-11-28,1026,57.57,57.14,67.83,60.85
2024-11-29,1026,64.85,57.22,52.41,58.16
2024-11-30,1026,62.8,62.3,61.88,62.33
2024-12-01,1026,58.19,65.87,59.01,61.02
2024-12-02,1026,61.42,63.29,59.44,61.38
2024-12-03,1026,59.66,58.58,63.83,60.69
2024-12-04,1026,66.62,59.59,68.73,64.98
2024-12-05,1026,60.43,62.62,57.35,60.13
2024-12-06,1026,64.53,57.35,53.39,58.42
2024-12-07,1026,55.44,62.5,61.63,59.86
2024-12-08,1026,63.11,57.79,55.89,58.93
2024-12-09,1026,67.04,56.68,61.04,61.59
2024-12-10,1026,67.1,58.53,56.85,60.83
2024-12-11,1026,62.71,64.69,53.11,60.17
2024-12-12,1026,56.34,63.84,69.27,63.15
2024-12-13,1026,58.14,61.12,54.86,58.04
2024-12-14,1026,64.02,59.57,62.47,62.02
2024-12-15,1026,59.76,62.85,66.21,62.94
2024-12-16,1026,63.6,64.18,56.29,61.36
2024-12-17,1026,55.81,56.31,62.77,58.3
2024-12-18,1026,63.89,61.84,69.19,64.97
2024-12-19,1026,62.38,64.16,58.39,61.64
2024-12-20,1026,63.66,57.12,67.85,62.88
2024-12-21,1026,62.17,61.79,61.82,61.93
2024-12-22,1026,66.56,56.27,58.15,60.33
2024-12-23,1026,65.71,61.3,67.35,64.79
2024-12-24,1026,58.68,58.83,56.71,58.07
2024-12-25,1026,56.14,56.33,63.2,58.56
2024-12-26,1026,63.27,63.91,59.6,62.26
2024-12-27,1026,54.88,62.43,55.16,57.49
2024-12-28,1026,56.85,65.59,53.88,58.77
2024-12-29,1026,55.0,62.43,63.52,60.32
2024-12-30,1026,63.23,59.17,56.51,59.64
2024-01-01,1027,52.33,55.95,52.46,53.58
2024-01-02,1027,62.76,59.63,62.15,61.51
2024-01-03,1027,51.18,57.82,53.64,54.21
2024-01-04,1027,61.5,58.25,50.58,56.78
2024-01-05,1027,54.1,54.47,62.73,57.1
2024-01-06,1027,51.0,57.32,51.82,53.38
2024-01-07,1027,55.65,53.66,54.19,54.5
2024-01-08,1027,53.38,61.49,59.43,58.1
2024-01-09,1027,56.14,60.26,54.65,57.02
2024-01-10,1027,58.96,55.12,65.42,59.83
2024-01-11,1027,53.17,61.76,62.77,59.23
2024-01-12,1027,55.88,53.64,51.09,53.54
2024-01-13,1027,58.87,55.63,65.15,59.88
2024-01-14,1027,62.15,59.63,52.91,58.23
2024-01-15,1027,58.92,60.49,51.74,57.05
2024-01-16,1027,53.53,52.85,63.73,56.7
2024-01-17,1027,58.03,58.44,62.98,59.82
2024-01-18,1027,52.2,57.98,58.24,56.14
2024-01-19,1027,55.99,60.13,58.35,58.16
2024-01-20,1027,61.64,57.52,58.33,59.16
2024-01-21,1027,62.22,54.79,50.82,55.94
2024-01-22,1027,54.04,56.71,57.76,56.17
2024-01-23,1027,55.42,58.95,63.09,59.15
2024-01-24,1027,54.87,58.2,63.96,59.01
2024-01-25,1027,62.86,56.77,63.22,60.95
2024-01-26,1027,62.91,57.29,52.1,57.43
2024-01-27,1027,61.0,55.83,49.54,55.46
2024-01-28,1027,51.53,60.03,53.61,55.06
2024-01-29,1027,61.31,59.52,55.41,58.75
2024-01-30,1027,62.88,60.05,62.3,61.74
2024-01-31,1027,57.83,54.07,62.15,58.02
2024-02-01,1027,51.38,61.88,65.17,59.48
2024-02-02,1027,55.38,55.47,64.8,58.55
2024-02-03,1027,61.48,59.66,60.72,60.62
2024-02-04,1027,52.83,58.69,57.59,56.37
2024-02-05,1027,50.94,55.17,64.51,56.87
2024-02-06,1027,51.17,52.96,56.98,53.7
2024-02-07,1027,62.22,58.46,63.51,61.4
2024-02-08,1027,62.03,54.75,61.26,59.35
2024-02-09,1027,52.92,55.76,61.75,56.81
2024-02-10,1027,58.84,54.32,50.78,54.65
2024-02-11,1027,58.64,61.64,48.81,56.36
2024-02-12,1027,58.83,60.55,58.59,59.32
2024-02-13,1027,60.41,54.85,58.52,57.93
2024-02-14,1027,60.38,59.45,59.84,59.89
2024-02-15,1027,56.96,60.24,58.63,58.61
2024-02-16,1027,63.04,59.09,63.05,61.73
2024-02-17,1027,60.5,59.72,54.48,58.23
2024-02-18,1027,62.23,56.77,54.8,57.93
2024-02-19,1027,55.35,53.27,61.14,56.59
2024-02-20,1027,58.17,55.71,54.55,56.14
2024-02-21,1027,53.94,53.49,56.03,54.49
2024-02-22,1027,62.55,58.79,53.47,58.27
2024-02-23,1027,53.25,55.62,50.4,53.09
2024-02-24,1027,58.21,53.31,62.56,58.03
2024-02-25,1027,54.55,56.7,54.82,55.36
2024-02-26,1027,61.29,56.07,52.49,56.62
2024-02-27,1027,58.02,55.02,59.02,57.35
2024-02-28,1027,53.35,56.99,65.27,58.54
2024-02-29,1027,62.15,58.35,53.27,57.92
2024-03-01,1027,57.88,59.14,59.28,58.77
2024-03-02,1027,51.01,60.68,63.62,58.44
2024-03-03,1027,50.81,52.76,49.98,51.18
2024-03-04,1027,53.79,59.16,65.23,59.39
2024-03-05,1027,62.96,61.29,54.79,59.68
2024-03-06,1027,52.41,56.96,54.6,54.66
2024-03-07,1027,59.74,55.39,58.92,58.02
2024-03-08,1027,52.66,55.34,52.96,53.65
2024-03-09,1027,56.99,53.55,54.53,55.02
2024-03-10,1027,53.99,58.39,61.46,57.95
2024-03-11,1027,58.53,61.6,52.41,57.51
2024-03-12,1027,56.28,55.65,60.2,57.38
2024-03-13,1027,53.7,54.8,51.82,53.44
2024-03-14,1027,55.3,53.19,61.1,56.53
2024-03-15,1027,58.62,61.05,51.15,56.94
2024-03-16,1027,56.65,61.23,64.33,60.74
2024-03-17,1027,59.65,56.26,64.75,60.22
2024-03-18,1027,61.08,59.32,62.86,61.09
2024-03-19,1027,59.0,58.72,58.75,58.82
2024-03-20,1027,52.13,57.69,61.6,57.14
2024-03-21,1027,59.24,55.22,51.65,55.37
2024-03-22,1027,54.79,56.67,56.92,56.13
2024-03-23,1027,58.76,56.04,54.88,56.56
2024-03-24,1027,62.14,54.79,60.73,59.22
2024-03-25,1027,52.54,57.67,50.17,53.46
2024-03-26,1027,52.45,59.34,54.43,55.41
2024-03-27,1027,53.42,61.46,54.95,56.61
2024-03-28,1027,55.42,56.03,51.52,54.32
2024-03-29,1027,53.24,55.8,64.47,57.84
2024-03-30,1027,58.63,59.73,64.89,61.08
2024-03-31,1027,60.8,53.17,50.75,54.91
2024-04-01,1027,60.47,60.54,55.88,58.96
2024-04-02,1027,51.07,59.58,50.0,53.55
2024-04-03,1027,60.47,53.29,57.95,57.24
2024-04-04,1027,58.72,61.4,48.92,56.35
2024-04-05,1027,61.44,54.49,49.95,55.29
2024-04-06,1027,51.35,56.04,56.3,54.56
2024-04-07,1027,56.3,52.83,52.85,53.99
2024-04-08,1027,60.72,54.59,61.71,59.01
2024-04-09,1027,58.59,53.15,50.09,53.94
2024-04-10,1027,55.87,58.95,48.74,54.52
2024-04-11,1027,53.59,61.05,48.82,54.49
2024-04-12,1027,51.97,54.95,56.28,54.4
2024-04-13,1027,51.38,53.04,53.15,52.52
2024-04-14,1027,60.09,54.49,49.84,54.81
2024-04-15,1027,61.78,57.75,53.79,57.77
2024-04-16,1027,53.99,60.49,59.14,57.87
2024-04-17,1027,60.18,55.44,57.38,57.67
2024-04-18,1027,57.18,59.67,61.27,59.37
2024-04-19,1027,61.84,52.91,62.55,59.1
2024-04-20,1027,56.32,58.68,54.98,56.66
2024-04-21,1027,59.52,54.52,61.15,58.4
2024-04-22,1027,60.69,60.21,60.62,60.51
2024-04-23,1027,53.85,55.44,53.98,54.42
2024-04-24,1027,53.87,55.37,58.54,55.93
2024-04-25,1027,51.18,61.48,54.19,55.62
2024-04-26,1027,53.33,54.52,60.68,56.18
2024-04-27,1027,51.91,56.29,55.5,54.57
2024-04-28,1027,51.24,61.19,55.15,55.86
2024-04-29,1027,51.16,52.78,50.24,51.39
2024-04-30,1027,52.12,58.38,59.26,56.59
2024-05-01,1027,59.43,54.46,63.37,59.09
2024-05-02,1027,61.23,52.92,64.0,59.38
2024-05-03,1027,60.38,55.32,54.86,56.85
2024-05-04,1027,54.13,61.85,61.41,59.13
2024-05-05,1027,55.94,60.64,54.39,56.99
2024-05-06,1027,62.87,56.04,52.52,57.14
2024-05-07,1027,53.39,58.4,50.02,53.94
2024-05-08,1027,57.17,55.68,58.54,57.13
2024-05-09,1027,53.45,56.76,55.58,55.26
2024-05-10,1027,55.66,54.41,58.74,56.27
2024-05-11,1027,51.32,55.17,55.83,54.11
2024-05-12,1027,56.67,55.0,65.07,58.91
2024-05-13,1027,53.54,53.45,61.66,56.22
2024-05-14,1027,60.07,54.92,57.65,57.55
2024-05-15,1027,50.77,55.65,63.91,56.78
2024-05-16,1027,57.72,55.55,56.77,56.68
2024-05-17,1027,56.96,55.3,62.37,58.21
2024-05-18,1027,54.49,59.98,54.88,56.45
2024-05-19,1027,52.49,55.87,62.54,56.97
2024-05-20,1027,52.42,54.37,49.47,52.09
2024-05-21,1027,55.61,55.27,65.76,58.88
2024-05-22,1027,53.11,55.01,58.51,55.54
2024-05-23,1027,52.24,54.79,57.81,54.95
2024-05-24,1027,53.47,60.29,51.53,55.1
2024-05-25,1027,53.38,53.54,65.58,57.5
2024-05-26,1027,56.55,54.86,65.81,59.07
2024-05-27,1027,57.37,57.03,57.68,57.36
2024-05-28,1027,54.34,57.8,48.74,53.63
2024-05-29,1027,59.42,54.77,61.61,58.6
2024-05-30,1027,56.07,60.44,59.53,58.68
2024-05-31,1027,59.63,55.17,57.41,57.4
2024-06-01,1027,59.41,54.91,55.56,56.63
2024-06-02,1027,51.3,55.84,50.14,52.43
2024-06-03,1027,62.31,61.61,53.97,59.3
2024-06-04,1027,61.86,58.13,59.22,59.74
2024-06-05,1027,60.9,59.84,63.82,61.52
2024-06-06,1027,62.73,59.25,55.1,59.03
2024-06-07,1027,55.0,60.33,51.28,55.54
2024-06-08,1027,52.38,60.61,52.85,55.28
2024-06-09,1027,62.23,54.75,49.93,55.64
2024-06-10,1027,62.36,60.3,50.14,57.6
2024-06-11,1027,54.61,55.97,59.04,56.54
2024-06-12,1027,54.6,58.13,51.68,54.8
2024-06-13,1027,62.43,58.52,54.98,58.64
2024-06-14,1027,60.55,55.15,55.9,57.2
2024-06-15,1027,54.37,59.65,48.94,54.32
2024-06-16,1027,52.07,55.28,61.84,56.4
2024-06-17,1027,54.73,60.35,49.88,54.99
2024-06-18,1027,56.11,60.06,64.64,60.27
2024-06-19,1027,53.14,56.88,64.62,58.21
2024-06-20,1027,54.7,57.46,59.03,57.06
2024-06-21,1027,57.82,58.84,63.57,60.08
2024-06-22,1027,58.31,59.32,51.24,56.29
2024-06-23,1027,60.53,54.22,61.49,58.75
2024-06-24,1027,52.26,55.23,65.66,57.72
2024-06-25,1027,58.99,53.61,50.61,54.4
2024-06-26,1027,61.92,60.32,65.64,62.63
2024-06-27,1027,54.3,56.61,55.54,55.48
2024-06-28,1027,50.76,59.44,55.73,55.31
2024-06-29,1027,54.82,61.59,60.1,58.84
2024-06-30,1027,55.38,53.07,61.83,56.76
2024-07-01,1027,59.27,56.11,59.61,58.33
2024-07-02,1027,58.03,59.48,54.87,57.46
2024-07-03,1027,62.22,56.02,50.58,56.27
2024-07-04,1027,52.06,57.28,54.71,54.68
2024-07-05,1027,56.42,60.89,56.48,57.93
2024-07-06,1027,51.11,54.21,53.06,52.79
2024-07-07,1027,52.1,61.25,60.58,57.98
2024-07-08,1027,61.19,53.74,59.24,58.06
2024-07-09,1027,61.94,53.21,62.8,59.32
2024-07-10,1027,62.9,58.09,62.44,61.14
2024-07-11,1027,60.05,61.62,64.82,62.16
2024-07-12,1027,61.95,58.62,56.71,59.09
2024-07-13,1027,58.84,59.87,56.42,58.38
2024-07-14,1027,62.07,57.3,64.7,61.36
2024-07-15,1027,60.37,61.57,62.34,61.43
2024-07-16,1027,58.9,54.23,49.52,54.22
2024-07-17,1027,58.25,57.58,48.79,54.87
2024-07-18,1027,56.18,61.84,63.86,60.63
2024-07-19,1027,56.78,53.94,65.75,58.82
2024-07-20,1027,58.62,54.5,52.55,55.22
2024-07-21,1027,52.97,61.24,61.02,58.41
2024-07-22,1027,59.32,54.97,59.31,57.87
2024-07-23,1027,58.43,58.47,51.42,56.11
2024-07-24,1027,59.48,61.8,61.46,60.91
2024-07-25,1027,51.66,59.41,53.14,54.74
2024-07-26,1027,61.86,57.2,65.27,61.44
2024-07-27,1027,56.99,60.64,57.98,58.54
2024-07-28,1027,57.34,55.36,52.19,54.96
2024-07-29,1027,60.66,60.35,51.54,57.52
2024-07-30,1027,57.65,58.68,53.54,56.62
2024-07-31,1027,51.78,59.19,49.3,53.42
2024-08-01,1027,59.21,55.72,60.25,58.39
2024-08-02,1027,50.71,60.25,63.4,58.12
2024-08-03,1027,51.85,54.94,57.17,54.65
2024-08-04,1027,56.71,59.95,61.9,59.52
2024-08-05,1027,54.84,54.25,48.85,52.65
2024-08-06,1027,50.87,56.41,65.68,57.65
2024-08-07,1027,53.92,58.63,57.31,56.62
2024-08-08,1027,57.15,61.81,54.39,57.78
2024-08-09,1027,57.06,53.53,62.59,57.73
2024-08-10,1027,58.76,59.84,65.69,61.43
2024-08-11,1027,52.57,60.82,58.16,57.18
2024-08-12,1027,57.39,53.83,54.94,55.39
2024-08-13,1027,50.68,58.18,50.56,53.14
2024-08-14,1027,57.41,53.43,59.31,56.72
2024-08-15,1027,61.8,57.94,62.38,60.71
2024-08-16,1027,55.54,55.84,61.25,57.54
2024-08-17,1027,55.08,60.73,51.66,55.82
2024-08-18,1027,50.64,61.44,64.19,58.76
2024-08-19,1027,62.95,57.83,50.4,57.06
2024-08-20,1027,53.7,60.76,53.13,55.86
2024-08-21,1027,60.03,54.87,55.95,56.95
2024-08-22,1027,54.42,55.71,65.16,58.43
2024-08-23,1027,56.8,61.88,59.97,59.55
2024-08-24,1027,56.4,54.43,60.52,57.12
2024-08-25,1027,53.14,56.44,56.83,55.47
2024-08-26,1027,54.45,57.74,59.96,57.38
2024-08-27,1027,57.3,57.44,50.28,55.01
2024-08-28,1027,57.18,59.7,58.7,58.53
2024-08-29,1027,50.92,56.65,56.18,54.58
2024-08-30,1027,55.33,58.88,59.74,57.98
2024-08-31,1027,50.65,53.37,61.15,55.06
2024-09-01,1027,53.18,54.43,58.85,55.49
2024-09-02,1027,62.07,52.98,57.87,57.64
2024-09-03,1027,53.58,53.98,49.32,52.29
2024-09-04,1027,60.25,53.34,48.99,54.19
2024-09-05,1027,55.43,56.3,55.34,55.69
2024-09-06,1027,53.16,55.72,60.28,56.39
2024-09-07,1027,61.79,53.22,58.91,57.97
2024-09-08,1027,59.06,58.36,59.78,59.07
2024-09-09,1027,58.99,59.56,51.63,56.73
2024-09-10,1027,59.45,59.66,57.4,58.84
2024-09-11,1027,53.4,57.5,53.22,54.71
2024-09-12,1027,50.46,56.08,59.17,55.24
2024-09-13,1027,53.71,61.78,53.23,56.24
2024-09-14,1027,51.99,58.65,65.35,58.66
2024-09-15,1027,56.91,55.67,54.87,55.82
2024-09-16,1027,53.12,56.21,56.16,55.16
2024-09-17,1027,53.87,57.32,61.81,57.67
2024-09-18,1027,58.84,58.85,52.99,56.89
2024-09-19,1027,57.13,54.36,53.24,54.91
2024-09-20,1027,62.37,57.01,49.63,56.34
2024-09-21,1027,54.54,54.55,54.04,54.38
2024-09-22,1027,51.83,58.12,59.63,56.53
2024-09-23,1027,51.24,60.69,49.61,53.85
2024-09-24,1027,52.74,60.11,60.53,57.79
2024-09-25,1027,55.39,52.77,59.73,55.96
2024-09-26,1027,55.04,60.29,63.34,59.56
2024-09-27,1027,52.63,56.84,63.85,57.77
2024-09-28,1027,60.65,54.15,52.08,55.63
2024-09-29,1027,61.69,57.91,65.21,61.6
2024-09-30,1027,58.16,60.54,50.28,56.33
2024-10-01,1027,61.74,61.41,54.86,59.34
2024-10-02,1027,56.42,60.38,58.12,58.31
2024-10-03,1027,50.61,58.5,49.99,53.03
2024-10-04,1027,56.22,59.25,65.81,60.43
2024-10-05,1027,61.08,52.9,52.23,55.4
2024-10-06,1027,51.54,56.48,57.67,55.23
2024-10-07,1027,60.18,56.97,56.05,57.73
2024-10-08,1027,61.43,57.16,58.61,59.07
2024-10-09,1027,55.78,59.34,56.12,57.08
2024-10-10,1027,52.31,56.4,54.26,54.32
2024-10-11,1027,59.64,59.67,53.29,57.53
2024-10-12,1027,54.93,55.29,51.93,54.05
2024-10-13,1027,55.71,59.36,57.3,57.46
2024-10-14,1027,53.22,59.23,57.8,56.75
2024-10-15,1027,59.31,53.04,49.43,53.93
2024-10-16,1027,60.9,56.93,56.64,58.16
2024-10-17,1027,59.7,60.35,64.33,61.46
2024-10-18,1027,60.93,59.65,63.65,61.41
2024-10-19,1027,51.57,58.98,50.26,53.6
2024-10-20,1027,50.65,58.24,51.25,53.38
2024-10-21,1027,56.55,53.8,50.89,53.75
2024-10-22,1027,53.93,58.42,59.08,57.14
2024-10-23,1027,61.37,56.33,55.39,57.7
2024-10-24,1027,56.49,59.97,63.79,60.08
2024-10-25,1027,58.31,57.31,63.78,59.8
2024-10-26,1027,59.06,56.7,58.98,58.25
2024-10-27,1027,62.29,60.69,50.95,57.98
2024-10-28,1027,61.36,54.85,60.62,58.94
2024-10-29,1027,52.53,54.94,52.9,53.46
2024-10-30,1027,60.69,55.92,60.1,58.9
2024-10-31,1027,53.5,60.36,48.95,54.27
2024-11-01,1027,52.92,58.28,58.33,56.51
2024-11-02,1027,55.92,55.41,52.54,54.62
2024-11-03,1027,58.63,55.47,65.02,59.71
2024-11-04,1027,51.48,58.84,56.64,55.65
2024-11-05,1027,55.92,59.77,61.92,59.2
2024-11-06,1027,50.5,53.57,50.91,51.66
2024-11-07,1027,56.89,60.01,61.71,59.54
2024-11-08,1027,62.2,57.97,57.03,59.07
2024-11-09,1027,58.72,53.78,62.83,58.44
2024-11-10,1027,58.79,59.83,57.04,58.55
2024-11-11,1027,61.7,58.09,56.06,58.62
2024-11-12,1027,61.4,56.68,55.98,58.02
2024-11-13,1027,56.65,56.19,64.37,59.07
2024-11-14,1027,59.11,54.69,63.65,59.15
2024-11-15,1027,53.47,57.67,53.89,55.01
2024-11-16,1027,59.39,56.0,59.05,58.15
2024-11-17,1027,51.94,53.94,57.24,54.37
2024-11-18,1027,56.18,59.43,59.63,58.41
2024-11-19,1027,54.39,55.9,62.63,57.64
2024-11-20,1027,51.15,59.79,55.78,55.57
2024-11-21,1027,50.61,56.67,54.57,53.95
2024-11-22,1027,53.06,54.97,54.53,54.19
2024-11-23,1027,54.89,53.7,61.29,56.63
2024-11-24,1027,52.18,57.59,52.31,54.03
2024-11-25,1027,53.22,60.14,60.32,57.89
2024-11-26,1027,58.2,54.58,51.22,54.67
2024-11-27,1027,56.32,53.39,64.64,58.12
2024-11-28,1027,58.57,56.4,65.66,60.21
2024-11-29,1027,55.76,60.83,61.07,59.22
2024-11-30,1027,61.96,53.22,52.04,55.74
2024-12-01,1027,55.88,53.09,59.79,56.25
2024-12-02,1027,55.3,57.86,64.77,59.31
2024-12-03,1027,57.78,55.73,62.11,58.54
2024-12-04,1027,61.91,56.07,65.75,61.24
2024-12-05,1027,50.89,54.7,59.63,55.07
2024-12-06,1027,54.12,58.02,49.01,53.72
2024-12-07,1027,55.53,53.36,59.24,56.04
2024-12-08,1027,59.19,54.65,60.4,58.08
2024-12-09,1027,51.3,60.26,57.99,56.52
2024-12-10,1027,63.04,53.67,59.16,58.62
2024-12-11,1027,54.34,53.18,60.9,56.14
2024-12-12,1027,54.61,61.35,55.0,56.99
2024-12-13,1027,57.12,58.95,60.78,58.95
2024-12-14,1027,59.19,52.77,60.94,57.63
2024-12-15,1027,60.59,56.46,57.09,58.05
2024-12-16,1027,52.56,55.28,53.07,53.64
2024-12-17,1027,57.04,57.98,56.68,57.23
2024-12-18,1027,58.19,60.69,49.44,56.11
2024-12-19,1027,52.86,55.06,62.24,56.72
2024-12-20,1027,60.1,59.59,54.67,58.12
2024-12-21,1027,54.78,58.51,53.05,55.45
2024-12-22,1027,62.26,60.39,58.45,60.37
2024-12-23,1027,58.64,55.75,59.26,57.88
2024-12-24,1027,58.11,57.92,52.29,56.11
2024-12-25,1027,60.13,53.76,56.36,56.75
2024-12-26,1027,59.08,55.66,50.35,55.03
2024-12-27,1027,62.97,53.9,51.67,56.18
2024-12-28,1027,60.42,61.65,54.9,58.99
2024-12-29,1027,59.42,56.39,51.89,55.9
2024-12-30,1027,56.68,59.56,52.48,56.24
2024-01-01,1028,156.7,166.9,176.19,166.6
2024-01-02,1028,170.31,157.07,175.64,167.67
2024-01-03,1028,177.91,170.07,157.19,168.39
2024-01-04,1028,165.54,160.65,185.28,170.49
2024-01-05,1028,159.79,171.89,156.66,162.78
2024-01-06,1028,170.42,163.89,174.31,169.54
2024-01-07,1028,162.02,176.73,177.08,171.94
2024-01-08,1028,172.95,160.93,169.61,167.83
2024-01-09,1028,173.93,156.37,162.43,164.24
2024-01-10,1028,147.03,161.69,170.16,159.63
2024-01-11,1028,144.78,167.86,140.17,150.94
2024-01-12,1028,177.14,155.42,177.54,170.03
2024-01-13,1028,166.78,156.78,154.57,159.38
2024-01-14,1028,153.43,164.92,175.04,164.46
2024-01-15,1028,154.62,171.61,163.56,163.26
2024-01-16,1028,154.53,152.67,177.51,161.57
2024-01-17,1028,176.9,170.19,155.94,167.68
2024-01-18,1028,157.59,175.06,145.92,159.52
2024-01-19,1028,173.94,165.62,170.89,170.15
2024-01-20,1028,148.56,161.7,163.15,157.8
2024-01-21,1028,145.56,171.46,163.76,160.26
2024-01-22,1028,170.22,164.2,170.03,168.15
2024-01-23,1028,179.05,173.35,155.22,169.21
2024-01-24,1028,160.79,171.22,155.07,162.36
2024-01-25,1028,161.71,154.59,140.69,152.33
2024-01-26,1028,148.44,171.32,154.39,158.05
2024-01-27,1028,178.07,154.12,184.2,172.13
2024-01-28,1028,163.93,157.06,145.82,155.6
2024-01-29,1028,169.68,156.1,154.14,159.97
2024-01-30,1028,147.37,167.5,176.16,163.68
2024-01-31,1028,154.13,176.08,159.91,163.37
2024-02-01,1028,158.2,154.12,172.12,161.48
2024-02-02,1028,146.03,168.85,174.54,163.14
2024-02-03,1028,178.74,156.05,165.55,166.78
2024-02-04,1028,171.96,174.19,180.02,175.39
2024-02-05,1028,159.72,158.35,148.11,155.39
2024-02-06,1028,176.09,155.54,177.68,169.77
2024-02-07,1028,180.77,153.28,162.6,165.55
2024-02-08,1028,161.81,167.42,170.9,166.71
2024-02-09,1028,155.65,161.29,153.34,156.76
2024-02-10,1028,158.48,164.16,148.39,157.01
2024-02-11,1028,153.74,154.59,175.47,161.27
2024-02-12,1028,145.28,156.17,173.62,158.36
2024-02-13,1028,165.5,169.78,151.21,162.16
2024-02-14,1028,152.81,157.57,172.78,161.05
2024-02-15,1028,147.07,152.34,150.54,149.98
2024-02-16,1028,147.51,170.43,174.94,164.29
2024-02-17,1028,148.41,162.27,182.15,164.28
2024-02-18,1028,175.43,169.26,162.18,168.96
2024-02-19,1028,164.68,167.6,185.61,172.63
2024-02-20,1028,178.66,157.06,179.96,171.89
2024-02-21,1028,156.62,171.57,144.96,157.72
2024-02-22,1028,152.85,164.58,155.57,157.67
2024-02-23,1028,170.13,154.48,163.49,162.7
2024-02-24,1028,174.49,175.81,151.82,167.37
2024-02-25,1028,175.25,175.0,162.92,171.06
2024-02-26,1028,163.09,165.61,172.78,167.16
2024-02-27,1028,163.37,152.27,181.91,165.85
2024-02-28,1028,173.32,161.49,168.73,167.85
2024-02-29,1028,162.68,173.8,173.56,170.01
2024-03-01,1028,179.69,153.45,158.98,164.04
2024-03-02,1028,178.6,152.39,182.4,171.13
2024-03-03,1028,166.37,152.71,166.43,161.84
2024-03-04,1028,171.55,167.03,154.26,164.28
2024-03-05,1028,144.95,161.91,177.19,161.35
2024-03-06,1028,176.17,154.65,187.4,172.74
2024-03-07,1028,146.89,163.29,148.67,152.95
2024-03-08,1028,162.2,156.75,148.8,155.92
2024-03-09,1028,170.68,159.41,174.28,168.12
2024-03-10,1028,156.05,166.26,185.15,169.15
2024-03-11,1028,171.91,172.48,185.39,176.59
2024-03-12,1028,172.42,154.65,160.47,162.51
2024-03-13,1028,171.29,156.43,188.27,172.0
2024-03-14,1028,168.79,175.29,167.43,170.5
2024-03-15,1028,146.31,169.27,157.5,157.69
2024-03-16,1028,155.69,164.63,163.38,161.23
2024-03-17,1028,150.09,172.95,161.97,161.67
2024-03-18,1028,165.59,169.89,170.88,168.79
2024-03-19,1028,153.61,166.84,161.14,160.53
2024-03-20,1028,154.7,175.56,153.67,161.31
2024-03-21,1028,145.72,153.35,143.88,147.65
2024-03-22,1028,156.51,154.27,161.45,157.41
2024-03-23,1028,151.85,175.4,165.29,164.18
2024-03-24,1028,164.99,161.03,185.43,170.48
2024-03-25,1028,172.55,168.31,140.66,160.51
2024-03-26,1028,169.46,151.62,155.17,158.75
2024-03-27,1028,169.88,165.1,187.18,174.05
2024-03-28,1028,175.01,158.02,177.04,170.02
2024-03-29,1028,144.89,170.92,149.02,154.94
2024-03-30,1028,157.31,169.55,145.12,157.33
2024-03-31,1028,163.59,173.03,168.73,168.45
2024-04-01,1028,166.34,168.59,175.64,170.19
2024-04-02,1028,158.13,173.77,148.55,160.15
2024-04-03,1028,153.71,161.78,188.49,167.99
2024-04-04,1028,153.82,159.33,151.82,154.99
2024-04-05,1028,170.76,169.24,160.61,166.87
2024-04-06,1028,164.04,173.43,169.38,168.95
2024-04-07,1028,151.89,160.8,167.72,160.14
2024-04-08,1028,161.13,152.7,148.51,154.11
2024-04-09,1028,180.38,167.13,172.72,173.41
2024-04-10,1028,166.55,174.1,168.81,169.82
2024-04-11,1028,161.72,155.07,176.4,164.4
2024-04-12,1028,165.01,157.69,160.94,161.21
2024-04-13,1028,171.87,165.05,182.35,173.09
2024-04-14,1028,151.83,170.73,160.49,161.02
2024-04-15,1028,167.62,161.17,156.32,161.7
2024-04-16,1028,169.3,167.86,144.97,160.71
2024-04-17,1028,173.67,167.33,155.47,165.49
2024-04-18,1028,164.67,168.93,147.64,160.41
2024-04-19,1028,167.19,154.36,155.69,159.08
2024-04-20,1028,176.62,168.74,182.77,176.04
2024-04-21,1028,165.61,160.27,161.94,162.61
2024-04-22,1028,145.76,171.59,164.18,160.51
2024-04-23,1028,159.99,170.04,178.16,169.4
2024-04-24,1028,154.1,173.24,169.92,165.75
2024-04-25,1028,153.05,162.64,158.65,158.11
2024-04-26,1028,172.23,153.61,183.63,169.82
2024-04-27,1028,180.53,161.83,188.57,176.98
2024-04-28,1028,179.04,152.46,148.8,160.1
2024-04-29,1028,150.61,176.44,188.91,171.99
2024-04-30,1028,177.34,154.29,186.36,172.66
2024-05-01,1028,168.95,176.61,182.5,176.02
2024-05-02,1028,174.91,171.27,147.8,164.66
2024-05-03,1028,176.23,153.08,188.54,172.62
2024-05-04,1028,178.62,152.54,163.02,164.73
2024-05-05,1028,163.9,169.77,186.81,173.49
2024-05-06,1028,163.18,162.35,160.1,161.88
2024-05-07,1028,176.73,155.58,150.45,160.92
2024-05-08,1028,169.14,159.62,157.49,162.08
2024-05-09,1028,175.2,176.24,166.87,172.77
2024-05-10,1028,170.57,166.71,142.31,159.86
2024-05-11,1028,150.95,168.68,185.64,168.42
2024-05-12,1028,159.38,161.51,169.5,163.46
2024-05-13,1028,166.58,161.62,140.52,156.24
2024-05-14,1028,163.3,160.66,141.01,154.99
2024-05-15,1028,179.09,159.57,140.55,159.74
2024-05-16,1028,165.27,155.31,188.39,169.66
2024-05-17,1028,170.35,162.55,187.31,173.4
2024-05-18,1028,148.94,156.82,168.06,157.94
2024-05-19,1028,158.59,174.68,167.39,166.89
2024-05-20,1028,176.81,153.01,143.15,157.66
2024-05-21,1028,160.45,160.61,153.54,158.2
2024-05-22,1028,155.44,168.4,178.67,167.5
2024-05-23,1028,156.82,169.66,152.7,159.73
2024-05-24,1028,148.02,157.11,156.27,153.8
2024-05-25,1028,154.02,168.74,169.39,164.05
2024-05-26,1028,152.53,174.11,180.4,169.01
2024-05-27,1028,175.75,156.03,182.81,171.53
2024-05-28,1028,175.17,162.5,178.75,172.14
2024-05-29,1028,170.55,155.31,185.57,170.48
2024-05-30,1028,153.03,174.04,155.67,160.91
2024-05-31,1028,161.7,174.46,142.21,159.46
2024-06-01,1028,166.35,170.19,181.38,172.64
2024-06-02,1028,167.88,169.39,147.37,161.55
2024-06-03,1028,153.96,166.61,158.4,159.66
2024-06-04,1028,146.42,176.41,143.4,155.41
2024-06-05,1028,154.49,166.26,180.98,167.24
2024-06-06,1028,167.64,171.13,186.93,175.23
2024-06-07,1028,162.21,157.55,187.34,169.03
2024-06-08,1028,173.17,162.67,173.88,169.91
2024-06-09,1028,172.26,175.77,163.94,170.66
2024-06-10,1028,162.12,169.08,148.99,160.06
2024-06-11,1028,176.33,167.38,183.44,175.72
2024-06-12,1028,178.48,162.91,164.53,168.64
2024-06-13,1028,152.76,156.64,144.82,151.41
2024-06-14,1028,171.57,159.43,175.4,168.8
2024-06-15,1028,173.94,161.11,145.34,160.13
2024-06-16,1028,150.2,160.77,144.54,151.84
2024-06-17,1028,150.97,154.27,183.25,162.83
2024-06-18,1028,165.81,152.43,160.92,159.72
2024-06-19,1028,156.57,171.48,146.37,158.14
2024-06-20,1028,162.58,162.32,188.18,171.03
2024-06-21,1028,151.15,166.0,178.91,165.35
2024-06-22,1028,146.3,157.76,144.37,149.48
2024-06-23,1028,150.19,176.92,165.29,164.13
2024-06-24,1028,164.04,151.52,160.0,158.52
2024-06-25,1028,159.45,172.08,164.58,165.37
2024-06-26,1028,175.94,160.89,163.62,166.82
2024-06-27,1028,177.36,157.24,176.97,170.52
2024-06-28,1028,175.04,154.79,147.46,159.1
2024-06-29,1028,151.62,154.35,143.64,149.87
2024-06-30,1028,178.88,153.85,169.31,167.35
2024-07-01,1028,145.95,167.04,184.39,165.79
2024-07-02,1028,153.77,164.65,151.57,156.66
2024-07-03,1028,159.26,170.36,144.69,158.1
2024-07-04,1028,167.56,153.04,170.33,163.64
2024-07-05,1028,156.41,151.54,160.68,156.21
2024-07-06,1028,166.91,159.23,153.12,159.75
2024-07-07,1028,165.29,174.54,177.78,172.54
2024-07-08,1028,159.88,160.84,187.1,169.27
2024-07-09,1028,179.76,155.31,142.52,159.2
2024-07-10,1028,148.99,177.44,187.21,171.21
2024-07-11,1028,149.84,167.01,147.45,154.77
2024-07-12,1028,166.98,153.44,144.93,155.12
2024-07-13,1028,157.06,155.21,183.55,165.27
2024-07-14,1028,149.83,168.12,172.58,163.51
2024-07-15,1028,145.55,172.69,161.74,159.99
2024-07-16,1028,162.79,177.64,162.63,167.69
2024-07-17,1028,163.51,166.75,179.24,169.83
2024-07-18,1028,168.72,152.27,145.21,155.4
2024-07-19,1028,176.31,168.27,187.82,177.47
2024-07-20,1028,156.13,151.95,180.58,162.89
2024-07-21,1028,157.08,172.09,170.65,166.61
2024-07-22,1028,148.72,155.28,182.67,162.22
2024-07-23,1028,174.97,174.7,180.1,176.59
2024-07-24,1028,161.48,159.85,168.66,163.33
2024-07-25,1028,170.34,169.74,144.13,161.4
2024-07-26,1028,166.11,159.99,181.8,169.3
2024-07-27,1028,154.76,174.27,175.77,168.27
2024-07-28,1028,178.32,170.07,183.84,177.41
2024-07-29,1028,159.99,158.54,142.8,153.78
2024-07-30,1028,159.61,157.52,162.26,159.8
2024-07-31,1028,180.16,176.12,170.54,175.61
2024-08-01,1028,163.67,158.1,184.14,168.64
2024-08-02,1028,173.69,167.01,143.71,161.47
2024-08-03,1028,151.56,170.74,183.18,168.49
2024-08-04,1028,145.67,162.37,172.41,160.15
2024-08-05,1028,177.68,168.66,173.51,173.28
2024-08-06,1028,177.58,169.49,162.92,170.0
2024-08-07,1028,164.84,174.96,144.55,161.45
2024-08-08,1028,155.41,155.81,148.63,153.28
2024-08-09,1028,177.49,165.28,173.94,172.24
2024-08-10,1028,168.24,157.03,172.86,166.04
2024-08-11,1028,168.97,169.59,184.7,174.42
2024-08-12,1028,176.56,151.85,157.72,162.04
2024-08-13,1028,158.57,174.17,165.08,165.94
2024-08-14,1028,166.58,172.8,154.69,164.69
2024-08-15,1028,178.03,152.08,166.61,165.57
2024-08-16,1028,164.84,169.3,154.1,162.75
2024-08-17,1028,151.14,175.65,181.88,169.56
2024-08-18,1028,152.42,156.59,177.7,162.24
2024-08-19,1028,170.82,177.39,167.76,171.99
2024-08-20,1028,168.23,169.8,183.57,173.87
2024-08-21,1028,168.23,163.18,173.35,168.25
2024-08-22,1028,163.13,156.82,184.2,168.05
2024-08-23,1028,158.41,171.44,150.73,160.19
2024-08-24,1028,162.52,154.33,165.88,160.91
2024-08-25,1028,146.6,164.29,181.88,164.26
2024-08-26,1028,156.54,165.99,148.35,156.96
2024-08-27,1028,152.09,165.83,179.88,165.93
2024-08-28,1028,170.14,153.2,180.92,168.09
2024-08-29,1028,160.41,167.74,182.14,170.1
2024-08-30,1028,158.68,174.62,164.75,166.02
2024-08-31,1028,165.55,152.77,167.5,161.94
2024-09-01,1028,171.12,165.02,184.24,173.46
2024-09-02,1028,173.0,173.27,171.82,172.7
2024-09-03,1028,145.49,159.12,167.97,157.53
2024-09-04,1028,146.2,158.16,168.35,157.57
2024-09-05,1028,179.78,174.81,162.89,172.49
2024-09-06,1028,147.07,152.79,151.73,150.53
2024-09-07,1028,162.49,172.68,186.21,173.79
2024-09-08,1028,170.69,162.97,169.34,167.67
2024-09-09,1028,179.37,170.57,166.47,172.14
2024-09-10,1028,162.04,168.41,179.76,170.07
2024-09-11,1028,148.79,164.0,163.64,158.81
2024-09-12,1028,148.5,175.04,154.81,159.45
2024-09-13,1028,159.78,173.26,159.64,164.23
2024-09-14,1028,178.63,159.96,157.72,165.44
2024-09-15,1028,172.72,159.13,166.08,165.98
2024-09-16,1028,164.13,177.34,150.42,163.96
2024-09-17,1028,173.41,164.78,158.81,165.67
2024-09-18,1028,158.95,153.28,145.69,152.64
2024-09-19,1028,163.73,151.36,149.2,154.76
2024-09-20,1028,150.77,156.48,188.38,165.21
2024-09-21,1028,174.41,168.91,174.57,172.63
2024-09-22,1028,178.36,156.23,153.38,162.66
2024-09-23,1028,161.0,175.21,160.14,165.45
2024-09-24,1028,166.93,171.5,157.16,165.2
2024-09-25,1028,164.81,165.73,183.68,171.41
2024-09-26,1028,145.65,173.57,139.86,153.03
2024-09-27,1028,157.52,168.1,158.14,161.25
2024-09-28,1028,168.15,161.2,141.73,157.03
2024-09-29,1028,163.95,162.3,166.39,164.21
2024-09-30,1028,168.58,175.13,169.92,171.21
2024-10-01,1028,166.93,153.17,160.93,160.34
2024-10-02,1028,177.08,173.49,145.58,165.38
2024-10-03,1028,155.75,156.19,149.67,153.87
2024-10-04,1028,150.13,158.3,150.57,153.0
2024-10-05,1028,145.63,161.19,154.88,153.9
2024-10-06,1028,145.21,152.33,152.44,149.99
2024-10-07,1028,180.84,172.55,162.34,171.91
2024-10-08,1028,165.24,166.63,171.84,167.9
2024-10-09,1028,170.71,159.52,188.12,172.78
2024-10-10,1028,169.24,168.82,183.06,173.71
2024-10-11,1028,170.29,152.67,162.72,161.89
2024-10-12,1028,146.57,166.68,157.35,156.87
2024-10-13,1028,167.26,162.85,164.87,164.99
2024-10-14,1028,170.36,155.59,157.59,161.18
2024-10-15,1028,179.33,164.19,182.35,175.29
2024-10-16,1028,170.1,174.07,169.91,171.36
2024-10-17,1028,165.56,154.18,162.72,160.82
2024-10-18,1028,176.27,162.49,168.62,169.13
2024-10-19,1028,152.83,157.27,153.64,154.58
2024-10-20,1028,160.12,154.79,146.41,153.77
2024-10-21,1028,159.37,158.39,165.11,160.96
2024-10-22,1028,159.01,169.78,186.7,171.83
2024-10-23,1028,168.37,151.53,171.07,163.66
2024-10-24,1028,166.04,170.89,175.82,170.92
2024-10-25,1028,174.79,153.13,155.76,161.23
2024-10-26,1028,169.91,164.56,188.1,174.19
2024-10-27,1028,158.73,162.69,144.97,155.46
2024-10-28,1028,175.41,174.66,140.54,163.54
2024-10-29,1028,152.22,164.47,181.49,166.06
2024-10-30,1028,167.08,164.23,154.38,161.9
2024-10-31,1028,165.66,164.94,166.36,165.65
2024-11-01,1028,164.67,169.24,150.18,161.36
2024-11-02,1028,146.69,174.11,185.71,168.84
2024-11-03,1028,180.75,154.62,166.31,167.23
2024-11-04,1028,178.32,172.24,178.42,176.33
2024-11-05,1028,158.09,152.39,171.3,160.59
2024-11-06,1028,178.59,168.11,186.24,177.65
2024-11-07,1028,145.84,175.04,141.74,154.21
2024-11-08,1028,169.65,158.83,141.66,156.71
2024-11-09,1028,164.69,171.71,174.51,170.3
2024-11-10,1028,178.26,167.39,174.54,173.4
2024-11-11,1028,157.48,177.44,141.23,158.72
2024-11-12,1028,160.7,174.6,151.88,162.39
2024-11-13,1028,170.29,151.54,162.05,161.29
2024-11-14,1028,164.52,155.41,155.79,158.57
2024-11-15,1028,166.09,153.31,173.32,164.24
2024-11-16,1028,162.63,177.43,171.23,170.43
2024-11-17,1028,152.75,158.82,172.68,161.42
2024-11-18,1028,145.57,174.62,183.47,167.89
2024-11-19,1028,151.2,164.6,161.48,159.09
2024-11-20,1028,162.8,159.12,142.21,154.71
2024-11-21,1028,154.94,163.12,155.57,157.88
2024-11-22,1028,154.01,153.66,146.61,151.43
2024-11-23,1028,148.4,169.16,178.91,165.49
2024-11-24,1028,169.61,169.97,183.79,174.46
2024-11-25,1028,164.44,152.99,156.3,157.91
2024-11-26,1028,160.56,158.33,152.18,157.02
2024-11-27,1028,180.41,165.42,143.76,163.2
2024-11-28,1028,178.46,167.89,164.84,170.4
2024-11-29,1028,168.48,170.02,175.46,171.32
2024-11-30,1028,167.88,154.38,184.16,168.81
2024-12-01,1028,157.17,175.53,164.63,165.78
2024-12-02,1028,177.91,168.31,148.0,164.74
2024-12-03,1028,148.5,163.19,166.88,159.52
2024-12-04,1028,164.22,176.69,141.2,160.7
2024-12-05,1028,175.78,161.28,164.05,167.04
2024-12-06,1028,163.63,153.46,153.35,156.81
2024-12-07,1028,165.35,169.66,144.19,159.73
2024-12-08,1028,178.1,163.06,173.54,171.57
2024-12-09,1028,154.61,153.11,161.55,156.42
2024-12-10,1028,162.51,163.42,166.15,164.03
2024-12-11,1028,157.94,158.87,168.74,161.85
2024-12-12,1028,178.59,168.73,154.79,167.37
2024-12-13,1028,158.92,158.9,148.14,155.32
2024-12-14,1028,176.82,161.47,145.84,161.38
2024-12-15,1028,153.18,159.83,151.75,154.92
2024-12-16,1028,177.78,169.76,147.96,165.17
2024-12-17,1028,164.98,153.37,142.16,153.5
2024-12-18,1028,155.86,160.26,177.8,164.64
2024-12-19,1028,172.72,156.73,179.55,169.67
2024-12-20,1028,160.83,161.1,174.47,165.47
2024-12-21,1028,156.88,170.54,145.57,157.66
2024-12-22,1028,168.34,163.37,145.51,159.07
2024-12-23,1028,150.72,163.67,186.94,167.11
2024-12-24,1028,180.27,165.57,151.57,165.8
2024-12-25,1028,179.46,168.48,178.08,175.34
2024-12-26,1028,165.12,163.76,180.46,169.78
2024-12-27,1028,162.79,168.05,141.23,157.36
2024-12-28,1028,176.72,160.06,166.73,167.84
2024-12-29,1028,149.24,176.3,174.6,166.71
2024-12-30,1028,173.25,173.38,153.46,166.7
2024-01-01,1029,158.11,152.42,145.83,152.12
2024-01-02,1029,144.23,170.67,159.59,158.16
2024-01-03,1029,160.43,168.78,139.78,156.33
2024-01-04,1029,179.41,157.72,172.66,169.93
2024-01-05,1029,146.85,173.65,154.37,158.29
2024-01-06,1029,151.22,156.88,144.22,150.77
2024-01-07,1029,179.89,155.2,140.14,158.41
2024-01-08,1029,156.69,164.03,151.93,157.55
2024-01-09,1029,146.93,174.44,161.74,161.04
2024-01-10,1029,175.23,160.62,166.72,167.52
2024-01-11,1029,168.37,157.1,171.94,165.8
2024-01-12,1029,148.7,158.07,142.37,149.71
2024-01-13,1029,174.47,174.81,172.0,173.76
2024-01-14,1029,178.77,154.16,166.45,166.46
2024-01-15,1029,154.32,151.84,173.61,159.92
2024-01-16,1029,147.81,164.28,157.55,156.55
2024-01-17,1029,179.07,170.31,176.78,175.39
2024-01-18,1029,168.06,154.46,151.19,157.9
2024-01-19,1029,155.36,170.8,185.25,170.47
2024-01-20,1029,153.83,176.01,152.57,160.8
2024-01-21,1029,169.95,171.84,161.61,167.8
2024-01-22,1029,155.8,151.5,165.68,157.66
2024-01-23,1029,174.11,156.21,160.05,163.46
2024-01-24,1029,156.09,168.73,168.14,164.32
2024-01-25,1029,165.77,154.96,182.07,167.6
2024-01-26,1029,150.39,167.9,183.11,167.13
2024-01-27,1029,145.11,150.88,181.24,159.08
2024-01-28,1029,177.79,168.18,144.58,163.52
2024-01-29,1029,154.05,172.19,175.39,167.21
2024-01-30,1029,175.05,156.53,182.28,171.29
2024-01-31,1029,179.05,170.49,154.91,168.15
2024-02-01,1029,148.24,173.83,179.49,167.19
2024-02-02,1029,151.99,173.73,156.46,160.73
2024-02-03,1029,175.05,166.89,139.74,160.56
2024-02-04,1029,166.66,169.13,177.84,171.21
2024-02-05,1029,173.25,169.44,186.01,176.23
2024-02-06,1029,178.15,155.93,187.8,173.96
2024-02-07,1029,155.72,154.07,145.32,151.7
2024-02-08,1029,164.2,174.99,151.67,163.62
2024-02-09,1029,151.7,172.92,172.52,165.71
2024-02-10,1029,174.71,152.34,159.57,162.21
2024-02-11,1029,171.96,158.59,164.02,164.86
2024-02-12,1029,165.46,169.45,180.87,171.93
2024-02-13,1029,163.54,168.95,174.98,169.16
2024-02-14,1029,169.02,174.39,178.29,173.9
2024-02-15,1029,159.63,164.34,139.73,154.57
2024-02-16,1029,158.11,151.75,156.92,155.59
2024-02-17,1029,178.3,154.63,165.91,166.28
2024-02-18,1029,164.29,155.88,181.66,167.28
2024-02-19,1029,144.06,162.56,188.22,164.95
2024-02-20,1029,166.41,169.26,178.67,171.45
2024-02-21,1029,173.4,151.66,153.71,159.59
2024-02-22,1029,172.14,167.78,178.64,172.85
2024-02-23,1029,152.47,169.04,151.0,157.5
2024-02-24,1029,161.79,172.67,164.11,166.19
2024-02-25,1029,153.76,176.39,185.11,171.75
2024-02-26,1029,169.08,172.73,160.99,167.6
2024-02-27,1029,163.67,155.76,185.75,168.39
2024-02-28,1029,146.34,167.11,154.71,156.05
2024-02-29,1029,179.98,159.76,175.7,171.81
2024-03-01,1029,147.95,152.04,168.04,156.01
2024-03-02,1029,162.91,157.68,175.29,165.29
2024-03-03,1029,150.0,153.95,160.53,154.83
2024-03-04,1029,176.74,157.09,162.97,165.6
2024-03-05,1029,146.4,168.08,156.11,156.86
2024-03-06,1029,149.81,156.96,142.63,149.8
2024-03-07,1029,167.5,165.11,139.15,157.25
2024-03-08,1029,153.82,174.47,182.07,170.12
2024-03-09,1029,166.65,167.09,181.0,171.58
2024-03-10,1029,168.08,170.79,171.55,170.14
2024-03-11,1029,177.88,156.44,162.32,165.55
2024-03-12,1029,150.56,158.09,161.88,156.84
2024-03-13,1029,167.51,161.74,181.85,170.37
2024-03-14,1029,161.23,172.25,175.15,169.54
2024-03-15,1029,179.23,158.05,141.59,159.62
2024-03-16,1029,168.57,174.17,184.37,175.7
2024-03-17,1029,179.83,165.76,184.67,176.75
2024-03-18,1029,144.53,162.09,181.42,162.68
2024-03-19,1029,149.68,153.4,186.01,163.03
2024-03-20,1029,176.66,173.37,166.97,172.33
2024-03-21,1029,156.63,166.96,140.26,154.62
2024-03-22,1029,178.42,160.01,165.21,167.88
2024-03-23,1029,160.51,170.15,140.01,156.89
2024-03-24,1029,151.79,152.64,165.62,156.68
2024-03-25,1029,156.88,156.8,149.95,154.54
2024-03-26,1029,173.52,150.67,141.28,155.16
2024-03-27,1029,156.06,155.24,144.58,151.96
2024-03-28,1029,171.83,157.19,155.02,161.35
2024-03-29,1029,163.15,167.64,164.62,165.14
2024-03-30,1029,172.04,169.94,173.32,171.77
2024-03-31,1029,178.52,168.63,159.16,168.77
2024-04-01,1029,175.64,169.26,176.93,173.94
2024-04-02,1029,161.51,152.07,161.1,158.23
2024-04-03,1029,144.1,160.26,142.46,148.94
2024-04-04,1029,173.08,151.38,140.71,155.06
2024-04-05,1029,168.17,171.42,161.12,166.9
2024-04-06,1029,177.3,158.49,149.82,161.87
2024-04-07,1029,168.77,164.08,146.39,159.75
2024-04-08,1029,148.96,158.78,180.04,162.59
2024-04-09,1029,154.95,165.08,176.59,165.54
2024-04-10,1029,147.85,156.18,153.23,152.42
2024-04-11,1029,151.56,172.55,181.32,168.48
2024-04-12,1029,148.85,153.31,158.77,153.64
2024-04-13,1029,153.68,167.0,177.83,166.17
2024-04-14,1029,168.13,169.6,186.26,174.66
2024-04-15,1029,168.97,153.69,178.86,167.17
2024-04-16,1029,155.33,164.27,186.09,168.56
2024-04-17,1029,173.37,171.24,166.96,170.52
2024-04-18,1029,152.87,158.62,139.55,150.35
2024-04-19,1029,170.13,161.45,173.72,168.43
2024-04-20,1029,148.79,155.91,144.79,149.83
2024-04-21,1029,153.27,159.57,141.72,151.52
2024-04-22,1029,156.59,160.52,177.04,164.72
2024-04-23,1029,169.1,166.22,142.96,159.43
2024-04-24,1029,161.44,161.69,146.49,156.54
2024-04-25,1029,147.82,162.08,160.57,156.82
2024-04-26,1029,161.46,155.86,173.59,163.64
2024-04-27,1029,156.22,165.37,162.16,161.25
2024-04-28,1029,157.86,171.69,163.45,164.33
2024-04-29,1029,148.08,160.56,148.15,152.26
2024-04-30,1029,175.3,165.46,163.56,168.11
2024-05-01,1029,174.9,163.24,145.83,161.32
2024-05-02,1029,165.81,173.99,182.86,174.22
2024-05-03,1029,171.03,156.69,179.94,169.22
2024-05-04,1029,176.14,171.69,185.9,177.91
2024-05-05,1029,176.82,163.5,182.8,174.37
2024-05-06,1029,167.61,171.86,145.04,161.5
2024-05-07,1029,144.92,164.49,174.09,161.17
2024-05-08,1029,171.18,172.65,169.08,170.97
2024-05-09,1029,175.09,174.17,140.68,163.31
2024-05-10,1029,161.77,162.01,165.93,163.24
2024-05-11,1029,151.55,160.93,139.57,150.68
2024-05-12,1029,166.46,159.09,169.32,164.96
2024-05-13,1029,166.56,153.46,162.75,160.92
2024-05-14,1029,170.91,157.74,141.53,156.73
2024-05-15,1029,158.72,164.66,176.33,166.57
2024-05-16,1029,160.72,157.51,160.13,159.45
2024-05-17,1029,173.5,164.16,141.38,159.68
2024-05-18,1029,176.97,171.88,159.41,169.42
2024-05-19,1029,167.77,157.12,165.33,163.41
2024-05-20,1029,147.41,157.59,141.47,148.82
2024-05-21,1029,149.74,157.08,185.16,163.99
2024-05-22,1029,164.34,150.74,183.06,166.05
2024-05-23,1029,177.95,169.71,155.7,167.79
2024-05-24,1029,178.41,153.11,186.04,172.52
2024-05-25,1029,151.68,154.26,143.03,149.66
2024-05-26,1029,146.98,175.6,175.14,165.91
2024-05-27,1029,166.06,155.25,170.23,163.85
2024-05-28,1029,155.57,160.62,168.72,161.64
2024-05-29,1029,156.5,168.7,184.94,170.05
2024-05-30,1029,151.0,169.76,170.35,163.7
2024-05-31,1029,155.25,167.46,152.64,158.45
2024-06-01,1029,159.67,166.32,176.39,167.46
2024-06-02,1029,170.62,176.38,175.63,174.21
2024-06-03,1029,170.53,168.58,171.97,170.36
2024-06-04,1029,152.24,165.38,168.75,162.12
2024-06-05,1029,172.33,159.0,156.73,162.69
2024-06-06,1029,160.75,159.57,181.06,167.13
2024-06-07,1029,175.18,174.51,166.26,171.98
2024-06-08,1029,155.54,164.39,141.37,153.77
2024-06-09,1029,168.74,151.65,169.82,163.4
2024-06-10,1029,171.04,154.0,173.41,166.15
2024-06-11,1029,156.19,157.01,142.62,151.94
2024-06-12,1029,179.43,172.86,181.83,178.04
2024-06-13,1029,176.93,153.67,164.52,165.04
2024-06-14,1029,150.0,160.36,187.66,166.01
2024-06-15,1029,176.01,151.74,152.68,160.14
2024-06-16,1029,157.61,153.02,164.53,158.39
2024-06-17,1029,175.23,156.17,142.31,157.9
2024-06-18,1029,165.18,165.93,139.16,156.76
2024-06-19,1029,156.15,166.26,182.06,168.16
2024-06-20,1029,145.8,159.14,149.88,151.61
2024-06-21,1029,164.87,154.9,162.38,160.72
2024-06-22,1029,173.78,171.02,152.77,165.86
2024-06-23,1029,171.74,168.72,143.57,161.34
2024-06-24,1029,150.31,169.8,148.13,156.08
2024-06-25,1029,174.24,155.22,155.78,161.75
2024-06-26,1029,169.76,161.2,176.43,169.13
2024-06-27,1029,159.6,169.01,165.39,164.67
2024-06-28,1029,169.88,176.49,168.42,171.6
2024-06-29,1029,152.32,159.33,163.19,158.28
2024-06-30,1029,158.51,158.09,147.45,154.68
2024-07-01,1029,173.99,173.7,176.0,174.56
2024-07-02,1029,149.63,167.9,159.07,158.87
2024-07-03,1029,164.3,167.41,149.61,160.44
2024-07-04,1029,159.45,161.33,154.4,158.39
2024-07-05,1029,164.12,151.37,141.51,152.33
2024-07-06,1029,145.62,163.87,180.92,163.47
2024-07-07,1029,177.16,152.72,168.93,166.27
2024-07-08,1029,145.57,163.75,175.23,161.52
2024-07-09,1029,163.71,159.96,171.75,165.14
2024-07-10,1029,163.82,162.6,158.65,161.69
2024-07-11,1029,167.07,173.94,187.91,176.31
2024-07-12,1029,172.09,154.31,164.31,163.57
2024-07-13,1029,179.72,171.52,162.35,171.2
2024-07-14,1029,173.92,170.14,177.01,173.69
2024-07-15,1029,163.39,153.85,157.23,158.16
2024-07-16,1029,171.09,166.84,149.19,162.37
2024-07-17,1029,163.34,172.07,140.06,158.49
2024-07-18,1029,169.75,174.0,176.1,173.28
2024-07-19,1029,171.22,153.35,156.2,160.26
2024-07-20,1029,155.9,170.73,147.56,158.06
2024-07-21,1029,161.72,153.37,167.38,160.82
2024-07-22,1029,174.21,168.31,187.61,176.71
2024-07-23,1029,160.21,153.3,142.55,152.02
2024-07-24,1029,179.1,157.67,149.04,161.94
2024-07-25,1029,154.69,172.51,178.92,168.71
2024-07-26,1029,164.35,170.77,150.88,162.0
2024-07-27,1029,172.76,170.91,153.95,165.87
2024-07-28,1029,164.79,168.93,174.22,169.31
2024-07-29,1029,161.35,173.63,166.7,167.23
2024-07-30,1029,172.68,173.37,180.69,175.58
2024-07-31,1029,159.85,155.16,147.99,154.33
2024-08-01,1029,165.35,172.95,185.15,174.48
2024-08-02,1029,154.51,166.74,142.16,154.47
2024-08-03,1029,149.74,160.58,166.51,158.94
2024-08-04,1029,175.89,153.39,170.12,166.47
2024-08-05,1029,164.03,159.93,156.11,160.02
2024-08-06,1029,170.18,157.93,184.18,170.76
2024-08-07,1029,167.78,160.44,160.46,162.89
2024-08-08,1029,171.41,158.23,169.8,166.48
2024-08-09,1029,147.47,168.95,155.39,157.27
2024-08-10,1029,155.98,169.71,147.1,157.6
2024-08-11,1029,154.45,169.98,145.8,156.74
2024-08-12,1029,156.04,176.21,145.07,159.11
2024-08-13,1029,168.14,157.88,154.35,160.12
2024-08-14,1029,177.95,174.31,181.85,178.04
2024-08-15,1029,166.08,176.0,168.83,170.3
2024-08-16,1029,148.92,173.68,186.99,169.86
2024-08-17,1029,163.83,165.9,148.7,159.48
2024-08-18,1029,155.88,158.85,142.09,152.27
2024-08-19,1029,171.39,151.16,169.78,164.11
2024-08-20,1029,166.41,172.9,151.67,163.66
2024-08-21,1029,176.76,162.52,142.96,160.75
2024-08-22,1029,173.63,169.37,142.6,161.87
2024-08-23,1029,147.26,161.02,142.93,150.4
2024-08-24,1029,165.18,165.69,187.16,172.68
2024-08-25,1029,157.84,154.39,168.19,160.14
2024-08-26,1029,147.56,162.01,171.09,160.22
2024-08-27,1029,160.84,159.01,165.58,161.81
2024-08-28,1029,163.08,159.21,144.3,155.53
2024-08-29,1029,163.06,151.35,167.56,160.66
2024-08-30,1029,155.28,173.07,141.46,156.6
2024-08-31,1029,166.32,171.25,174.86,170.81
2024-09-01,1029,176.87,161.43,139.67,159.32
2024-09-02,1029,148.57,175.72,166.7,163.66
2024-09-03,1029,151.6,175.54,173.61,166.92
2024-09-04,1029,174.3,167.23,144.75,162.09
2024-09-05,1029,178.84,169.8,156.02,168.22
2024-09-06,1029,168.5,155.23,171.02,164.92
2024-09-07,1029,169.45,152.37,139.52,153.78
2024-09-08,1029,179.09,170.79,151.62,167.17
2024-09-09,1029,144.15,171.34,151.07,155.52
2024-09-10,1029,171.53,157.55,153.1,160.73
2024-09-11,1029,178.45,157.48,143.64,159.86
2024-09-12,1029,158.93,155.49,182.39,165.6
2024-09-13,1029,178.2,175.22,164.9,172.77
2024-09-14,1029,148.67,173.85,162.14,161.55
2024-09-15,1029,166.52,173.69,179.75,173.32
2024-09-16,1029,170.46,165.6,142.56,159.54
2024-09-17,1029,165.28,152.83,149.33,155.81
2024-09-18,1029,152.98,174.33,173.36,166.89
2024-09-19,1029,153.05,166.01,157.22,158.76
2024-09-20,1029,153.0,166.5,175.73,165.08
2024-09-21,1029,159.24,171.42,167.86,166.17
2024-09-22,1029,174.17,175.83,167.07,172.36
2024-09-23,1029,145.93,174.48,152.44,157.62
2024-09-24,1029,165.15,151.84,139.17,152.05
2024-09-25,1029,174.44,157.33,152.91,161.56
2024-09-26,1029,157.21,159.48,161.6,159.43
2024-09-27,1029,162.89,155.73,149.56,156.06
2024-09-28,1029,161.84,173.41,182.93,172.73
2024-09-29,1029,173.51,171.35,178.31,174.39
2024-09-30,1029,174.74,166.43,176.02,172.4
2024-10-01,1029,173.34,171.33,184.11,176.26
2024-10-02,1029,145.17,151.09,185.23,160.5
2024-10-03,1029,160.96,157.55,168.12,162.21
2024-10-04,1029,170.8,168.18,164.94,167.97
2024-10-05,1029,158.54,160.4,170.62,163.19
2024-10-06,1029,170.06,162.55,149.87,160.83
2024-10-07,1029,144.81,165.07,145.57,151.82
2024-10-08,1029,161.89,162.36,156.22,160.16
2024-10-09,1029,156.4,159.57,170.79,162.25
2024-10-10,1029,177.94,171.0,154.07,167.67
2024-10-11,1029,172.04,173.8,151.4,165.75
2024-10-12,1029,145.89,168.54,175.94,163.46
2024-10-13,1029,165.3,152.51,174.06,163.96
2024-10-14,1029,170.1,168.28,143.81,160.73
2024-10-15,1029,169.78,157.43,150.0,159.07
2024-10-16,1029,164.76,165.03,167.86,165.88
2024-10-17,1029,146.43,163.16,183.42,164.34
2024-10-18,1029,154.38,173.01,159.73,162.37
2024-10-19,1029,162.5,159.42,141.98,154.63
2024-10-20,1029,177.19,155.01,167.09,166.43
2024-10-21,1029,160.2,169.86,141.29,157.12
2024-10-22,1029,171.39,166.97,155.8,164.72
2024-10-23,1029,151.95,152.2,158.43,154.19
2024-10-24,1029,144.39,154.65,184.91,161.32
2024-10-25,1029,169.9,168.09,147.82,161.94
2024-10-26,1029,170.64,170.5,166.82,169.32
2024-10-27,1029,170.72,169.77,140.65,160.38
2024-10-28,1029,146.46,161.33,183.26,163.68
2024-10-29,1029,149.49,160.4,148.09,152.66
2024-10-30,1029,175.86,173.12,144.0,164.33
2024-10-31,1029,174.42,162.64,160.25,165.77
2024-11-01,1029,153.19,161.16,169.56,161.3
2024-11-02,1029,154.23,165.05,166.34,161.87
2024-11-03,1029,164.4,152.97,158.13,158.5
2024-11-04,1029,177.36,168.92,147.42,164.57
2024-11-05,1029,152.52,154.08,174.87,160.49
2024-11-06,1029,144.95,164.54,171.12,160.2
2024-11-07,1029,168.4,169.8,169.23,169.14
2024-11-08,1029,167.36,170.72,148.45,162.18
2024-11-09,1029,151.45,157.01,150.8,153.09
2024-11-10,1029,163.99,153.03,167.67,161.56
2024-11-11,1029,162.12,168.58,177.0,169.23
2024-11-12,1029,156.8,168.78,153.06,159.55
2024-11-13,1029,172.47,176.37,183.74,177.53
2024-11-14,1029,149.55,151.71,165.31,155.52
2024-11-15,1029,155.03,168.1,141.09,154.74
2024-11-16,1029,145.81,157.13,174.6,159.18
2024-11-17,1029,158.79,170.28,186.0,171.69
2024-11-18,1029,151.91,156.03,159.41,155.78
2024-11-19,1029,177.01,170.94,159.72,169.22
2024-11-20,1029,165.0,173.11,148.95,162.35
2024-11-21,1029,160.57,167.24,139.74,155.85
2024-11-22,1029,157.53,166.88,188.03,170.81
2024-11-23,1029,158.97,154.41,140.33,151.24
2024-11-24,1029,175.04,153.23,146.37,158.21
2024-11-25,1029,169.36,163.55,140.12,157.68
2024-11-26,1029,162.46,171.48,158.88,164.27
2024-11-27,1029,170.56,171.19,143.55,161.77
2024-11-28,1029,166.99,167.28,171.94,168.74
2024-11-29,1029,164.74,150.81,147.31,154.29
2024-11-30,1029,173.17,169.68,163.01,168.62
2024-12-01,1029,144.37,166.25,142.79,151.14
2024-12-02,1029,144.52,165.61,170.48,160.2
2024-12-03,1029,144.14,170.67,153.37,156.06
2024-12-04,1029,165.12,153.45,158.9,159.16
2024-12-05,1029,168.87,156.5,184.44,169.94
2024-12-06,1029,144.6,151.0,141.64,145.75
2024-12-07,1029,154.78,161.49,159.24,158.5
2024-12-08,1029,147.95,166.28,158.61,157.61
2024-12-09,1029,162.17,174.9,163.76,166.94
2024-12-10,1029,169.62,160.86,168.02,166.17
2024-12-11,1029,173.82,161.42,150.43,161.89
2024-12-12,1029,169.0,158.66,186.41,171.36
2024-12-13,1029,150.95,176.77,142.86,156.86
2024-12-14,1029,168.51,170.95,162.3,167.25
2024-12-15,1029,167.17,167.51,148.71,161.13
2024-12-16,1029,170.28,172.92,143.37,162.19
2024-12-17,1029,144.32,163.85,167.96,158.71
2024-12-18,1029,162.16,158.28,143.83,154.76
2024-12-19,1029,152.72,172.31,158.94,161.32
2024-12-20,1029,151.75,155.55,187.52,164.94
2024-12-21,1029,150.01,173.15,168.58,163.91
2024-12-22,1029,160.02,176.5,152.96,163.16
2024-12-23,1029,159.87,155.21,154.21,156.43
2024-12-24,1029,178.96,151.59,163.53,164.69
2024-12-25,1029,171.21,170.51,186.05,175.92
2024-12-26,1029,163.21,167.81,162.61,164.54
2024-12-27,1029,157.02,159.51,165.31,160.61
2024-12-28,1029,177.03,161.22,150.06,162.77
2024-12-29,1029,177.95,173.81,153.24,168.33
2024-12-30,1029,155.7,154.2,152.98,154.29
2024-01-01,1030,196.23,169.33,195.21,186.92
2024-01-02,1030,183.59,178.88,189.82,184.1
2024-01-03,1030,166.71,184.84,202.29,184.61
2024-01-04,1030,188.74,172.34,154.41,171.83
2024-01-05,1030,176.33,182.78,176.56,178.56
2024-01-06,1030,178.1,166.53,197.04,180.56
2024-01-07,1030,194.92,174.6,180.95,183.49
2024-01-08,1030,192.74,186.49,193.44,190.89
2024-01-09,1030,188.74,188.7,199.35,192.26
2024-01-10,1030,162.99,190.97,182.6,178.85
2024-01-11,1030,183.02,167.53,203.73,184.76
2024-01-12,1030,182.7,183.75,197.24,187.9
2024-01-13,1030,173.04,169.92,184.76,175.91
2024-01-14,1030,168.48,189.53,194.54,184.18
2024-01-15,1030,164.44,169.48,172.7,168.87
2024-01-16,1030,174.78,170.87,192.36,179.34
2024-01-17,1030,189.53,169.27,193.16,183.99
2024-01-18,1030,159.85,173.21,180.73,171.26
2024-01-19,1030,178.86,179.25,178.64,178.92
2024-01-20,1030,196.51,170.59,168.86,178.65
2024-01-21,1030,172.9,192.38,182.87,182.72
2024-01-22,1030,161.9,182.62,159.07,167.86
2024-01-23,1030,194.95,167.71,181.67,181.44
2024-01-24,1030,178.72,179.34,194.23,184.1
2024-01-25,1030,160.06,192.17,206.75,186.33
2024-01-26,1030,164.82,180.07,170.11,171.67
2024-01-27,1030,174.14,184.15,172.38,176.89
2024-01-28,1030,179.29,192.65,156.0,175.98
2024-01-29,1030,164.21,187.62,177.85,176.56
2024-01-30,1030,188.02,193.27,167.59,182.96
2024-01-31,1030,187.63,170.43,178.48,178.85
2024-02-01,1030,187.55,173.07,190.81,183.81
2024-02-02,1030,174.47,191.46,207.32,191.08
2024-02-03,1030,164.26,189.11,189.23,180.87
2024-02-04,1030,191.35,178.27,194.65,188.09
2024-02-05,1030,177.64,182.09,186.13,181.95
2024-02-06,1030,169.65,194.83,202.79,189.09
2024-02-07,1030,165.79,191.02,204.14,186.98
2024-02-08,1030,183.87,175.09,177.31,178.76
2024-02-09,1030,166.6,167.28,202.59,178.82
2024-02-10,1030,187.17,194.91,163.0,181.69
2024-02-11,1030,195.04,178.22,196.7,189.99
2024-02-12,1030,164.16,178.26,167.89,170.1
2024-02-13,1030,196.41,174.53,193.97,188.3
2024-02-14,1030,182.39,184.02,168.44,178.28
2024-02-15,1030,182.34,172.0,169.25,174.53
2024-02-16,1030,161.69,177.86,207.88,182.48
2024-02-17,1030,165.84,174.17,184.83,174.95
2024-02-18,1030,175.39,177.59,154.98,169.32
2024-02-19,1030,178.58,167.28,169.18,171.68
2024-02-20,1030,176.36,189.15,188.03,184.51
2024-02-21,1030,166.3,174.29,197.55,179.38
2024-02-22,1030,193.49,184.75,170.05,182.76
2024-02-23,1030,175.15,182.85,207.24,188.41
2024-02-24,1030,162.91,186.58,168.23,172.57
2024-02-25,1030,187.67,176.94,204.71,189.77
2024-02-26,1030,190.16,177.93,178.91,182.33
2024-02-27,1030,185.34,166.88,190.03,180.75
2024-02-28,1030,191.22,181.47,207.18,193.29
2024-02-29,1030,182.5,178.25,156.53,172.43
2024-03-01,1030,197.22,175.67,191.66,188.18
2024-03-02,1030,182.12,175.06,201.74,186.31
2024-03-03,1030,193.45,168.05,159.11,173.54
2024-03-04,1030,171.63,182.17,154.2,169.33
2024-03-05,1030,173.46,194.75,158.68,175.63
2024-03-06,1030,172.41,172.66,170.83,171.97
2024-03-07,1030,172.01,184.85,190.72,182.53
2024-03-08,1030,189.02,177.37,162.94,176.44
2024-03-09,1030,175.81,186.43,175.68,179.31
2024-03-10,1030,179.9,182.47,175.77,179.38
2024-03-11,1030,160.7,178.18,161.87,166.92
2024-03-12,1030,194.27,177.15,203.4,191.61
2024-03-13,1030,183.87,170.65,204.27,186.26
2024-03-14,1030,177.72,168.27,189.4,178.46
2024-03-15,1030,185.8,175.71,205.11,188.87
2024-03-16,1030,195.62,191.07,191.2,192.63
2024-03-17,1030,193.47,183.93,183.25,186.88
2024-03-18,1030,159.57,192.14,155.75,169.15
2024-03-19,1030,186.57,185.07,189.29,186.98
2024-03-20,1030,184.14,175.16,196.8,185.37
2024-03-21,1030,167.1,178.13,202.91,182.71
2024-03-22,1030,166.9,182.07,163.3,170.76
2024-03-23,1030,190.28,190.92,199.43,193.54
2024-03-24,1030,182.29,166.99,175.44,174.91
2024-03-25,1030,161.31,194.11,199.45,184.96
2024-03-26,1030,161.97,178.79,186.22,175.66
2024-03-27,1030,175.71,194.57,160.21,176.83
2024-03-28,1030,164.42,190.58,191.47,182.16
2024-03-29,1030,192.01,168.94,161.63,174.19
2024-03-30,1030,189.9,184.37,169.52,181.26
2024-03-31,1030,170.25,176.89,154.58,167.24
2024-04-01,1030,164.48,167.25,165.97,165.9
2024-04-02,1030,164.55,172.17,176.22,170.98
2024-04-03,1030,164.7,193.52,181.59,179.94
2024-04-04,1030,170.42,182.51,186.32,179.75
2024-04-05,1030,190.53,176.85,154.47,173.95
2024-04-06,1030,165.28,176.9,164.92,169.03
2024-04-07,1030,179.7,166.6,159.28,168.53
2024-04-08,1030,160.9,190.2,170.08,173.73
2024-04-09,1030,159.7,187.18,205.12,184.0
2024-04-10,1030,175.64,191.71,170.38,179.24
2024-04-11,1030,184.03,189.63,177.34,183.67
2024-04-12,1030,172.24,184.17,199.13,185.18
2024-04-13,1030,190.66,174.7,191.03,185.46
2024-04-14,1030,184.7,168.71,162.07,171.83
2024-04-15,1030,181.41,194.58,187.94,187.98
2024-04-16,1030,184.18,166.69,183.89,178.25
2024-04-17,1030,181.48,185.64,174.53,180.55
2024-04-18,1030,189.28,166.83,177.91,178.01
2024-04-19,1030,179.76,168.63,179.98,176.12
2024-04-20,1030,190.2,183.11,202.28,191.86
2024-04-21,1030,182.83,191.58,170.37,181.59
2024-04-22,1030,160.12,170.72,176.55,169.13
2024-04-23,1030,176.9,182.15,164.51,174.52
2024-04-24,1030,163.01,193.69,158.09,171.6
2024-04-25,1030,166.21,173.18,176.81,172.07
2024-04-26,1030,172.54,194.83,200.24,189.2
2024-04-27,1030,166.1,171.22,190.11,175.81
2024-04-28,1030,180.84,182.7,182.8,182.11
2024-04-29,1030,170.35,180.42,190.43,180.4
2024-04-30,1030,191.32,174.24,184.04,183.2
2024-05-01,1030,191.14,195.0,184.34,190.16
2024-05-02,1030,181.59,180.21,166.45,176.08
2024-05-03,1030,181.41,181.05,191.39,184.62
2024-05-04,1030,175.61,171.71,202.82,183.38
2024-05-05,1030,187.44,182.16,182.08,183.89
2024-05-06,1030,194.75,192.74,159.16,182.22
2024-05-07,1030,189.68,190.16,196.37,192.07
2024-05-08,1030,187.67,175.39,162.81,175.29
2024-05-09,1030,181.68,172.48,168.67,174.28
2024-05-10,1030,196.66,181.35,201.74,193.25
2024-05-11,1030,178.02,188.92,153.97,173.64
2024-05-12,1030,168.64,176.37,164.55,169.85
2024-05-13,1030,180.34,189.89,206.94,192.39
2024-05-14,1030,174.82,170.47,198.91,181.4
2024-05-15,1030,165.08,188.0,206.46,186.51
2024-05-16,1030,160.47,167.35,205.73,177.85
2024-05-17,1030,173.56,181.0,191.77,182.11
2024-05-18,1030,185.2,180.11,186.07,183.79
2024-05-19,1030,167.26,179.98,163.95,170.4
2024-05-20,1030,160.08,182.59,157.59,166.75
2024-05-21,1030,159.48,176.93,190.18,175.53
2024-05-22,1030,169.36,172.76,202.2,181.44
2024-05-23,1030,165.83,174.53,169.56,169.97
2024-05-24,1030,188.62,181.09,186.77,185.49
2024-05-25,1030,177.24,193.4,180.26,183.63
2024-05-26,1030,194.25,179.3,191.4,188.32
2024-05-27,1030,198.63,173.36,179.39,183.79
2024-05-28,1030,196.04,182.04,175.09,184.39
2024-05-29,1030,170.57,172.87,185.67,176.37
2024-05-30,1030,171.75,191.23,155.66,172.88
2024-05-31,1030,160.69,183.73,176.77,173.73
2024-06-01,1030,170.48,189.0,170.46,176.65
2024-06-02,1030,186.07,173.89,178.87,179.61
2024-06-03,1030,193.11,170.98,185.49,183.19
2024-06-04,1030,190.69,173.44,189.98,184.7
2024-06-05,1030,179.32,190.85,156.12,175.43
2024-06-06,1030,180.49,180.24,206.16,188.96
2024-06-07,1030,197.61,179.2,184.64,187.15
2024-06-08,1030,160.66,170.29,188.01,172.99
2024-06-09,1030,169.09,175.95,184.54,176.53
2024-06-10,1030,178.31,194.24,160.03,177.53
2024-06-11,1030,167.31,186.47,205.01,186.26
2024-06-12,1030,168.55,181.04,178.18,175.92
2024-06-13,1030,181.87,183.41,199.35,188.21
2024-06-14,1030,167.56,167.34,175.0,169.97
2024-06-15,1030,189.11,182.31,165.9,179.11
2024-06-16,1030,166.71,194.75,163.29,174.92
2024-06-17,1030,187.94,185.58,202.65,192.06
2024-06-18,1030,184.59,191.83,187.15,187.86
2024-06-19,1030,191.93,193.14,176.82,187.3
2024-06-20,1030,196.98,192.43,157.25,182.22
2024-06-21,1030,161.35,167.46,153.94,160.92
2024-06-22,1030,196.49,176.22,189.36,187.36
2024-06-23,1030,195.42,176.58,170.7,180.9
2024-06-24,1030,175.09,174.22,172.37,173.89
2024-06-25,1030,182.28,166.61,167.97,172.29
2024-06-26,1030,163.69,192.59,205.97,187.42
2024-06-27,1030,181.36,176.07,161.98,173.14
2024-06-28,1030,191.35,175.88,183.37,183.53
2024-06-29,1030,189.36,182.02,163.48,178.29
2024-06-30,1030,186.64,181.01,187.3,184.98
2024-07-01,1030,197.95,173.13,203.54,191.54
2024-07-02,1030,177.22,177.1,205.88,186.73
2024-07-03,1030,191.07,172.02,206.44,189.84
2024-07-04,1030,185.49,185.1,172.41,181.0
2024-07-05,1030,181.19,167.25,170.31,172.92
2024-07-06,1030,184.07,185.65,199.82,189.85
2024-07-07,1030,183.65,194.61,165.28,181.18
2024-07-08,1030,174.66,193.93,172.99,180.53
2024-07-09,1030,188.09,176.22,168.88,177.73
2024-07-10,1030,180.45,172.54,207.64,186.88
2024-07-11,1030,188.75,192.82,205.9,195.82
2024-07-12,1030,174.91,177.65,197.5,183.35
2024-07-13,1030,164.38,186.3,188.79,179.82
2024-07-14,1030,191.95,175.76,190.93,186.21
2024-07-15,1030,188.76,194.12,171.21,184.7
2024-07-16,1030,192.72,178.97,178.03,183.24
2024-07-17,1030,169.69,195.11,187.3,184.03
2024-07-18,1030,194.22,171.64,156.87,174.24
2024-07-19,1030,170.45,186.25,157.67,171.46
2024-07-20,1030,167.6,174.95,197.43,179.99
2024-07-21,1030,171.9,194.36,192.46,186.24
2024-07-22,1030,185.52,171.2,202.57,186.43
2024-07-23,1030,195.41,178.01,178.2,183.87
2024-07-24,1030,176.49,173.83,181.7,177.34
2024-07-25,1030,183.15,184.17,179.46,182.26
2024-07-26,1030,165.39,183.87,156.21,168.49
2024-07-27,1030,166.82,177.14,173.8,172.59
2024-07-28,1030,159.27,176.47,196.86,177.53
2024-07-29,1030,162.99,166.67,180.69,170.12
2024-07-30,1030,170.48,167.2,196.93,178.2
2024-07-31,1030,191.09,167.45,169.09,175.88
2024-08-01,1030,159.54,193.35,200.53,184.47
2024-08-02,1030,179.93,180.15,195.92,185.33
2024-08-03,1030,163.74,192.88,156.29,170.97
2024-08-04,1030,175.18,171.73,170.5,172.47
2024-08-05,1030,186.59,179.26,173.95,179.93
2024-08-06,1030,195.46,182.27,157.95,178.56
2024-08-07,1030,188.23,180.7,187.69,185.54
2024-08-08,1030,195.83,175.89,156.2,175.97
2024-08-09,1030,189.66,189.59,200.92,193.39
2024-08-10,1030,170.48,173.54,186.69,176.9
2024-08-11,1030,175.01,193.92,181.78,183.57
2024-08-12,1030,184.53,166.58,169.71,173.61
2024-08-13,1030,174.82,190.26,189.62,184.9
2024-08-14,1030,171.14,168.13,163.02,167.43
2024-08-15,1030,184.03,182.82,189.57,185.47
2024-08-16,1030,192.59,179.07,197.31,189.66
2024-08-17,1030,177.13,190.47,198.72,188.77
2024-08-18,1030,175.94,167.68,167.8,170.47
2024-08-19,1030,174.86,189.83,166.9,177.2
2024-08-20,1030,191.62,177.71,165.79,178.37
2024-08-21,1030,183.8,169.01,154.54,169.12
2024-08-22,1030,164.51,173.9,171.99,170.13
2024-08-23,1030,163.24,194.58,194.45,184.09
2024-08-24,1030,162.57,187.48,166.48,172.18
2024-08-25,1030,187.27,175.13,179.84,180.75
2024-08-26,1030,173.36,178.87,178.92,177.05
2024-08-27,1030,169.45,169.67,167.37,168.83
2024-08-28,1030,167.57,192.12,200.2,186.63
2024-08-29,1030,197.1,181.48,199.68,192.75
2024-08-30,1030,171.24,167.57,159.3,166.04
2024-08-31,1030,170.96,173.51,192.14,178.87
2024-09-01,1030,187.42,178.77,164.15,176.78
2024-09-02,1030,192.08,190.52,184.63,189.08
2024-09-03,1030,192.56,173.95,184.02,183.51
2024-09-04,1030,196.8,186.87,176.62,186.76
2024-09-05,1030,190.56,183.83,182.27,185.55
2024-09-06,1030,193.29,179.03,153.79,175.37
2024-09-07,1030,178.35,179.47,197.35,185.06
2024-09-08,1030,172.83,183.52,198.29,184.88
2024-09-09,1030,181.83,176.64,164.08,174.18
2024-09-10,1030,174.17,191.86,165.75,177.26
2024-09-11,1030,181.21,176.35,200.35,185.97
2024-09-12,1030,194.45,169.04,175.06,179.52
2024-09-13,1030,195.94,170.73,171.92,179.53
2024-09-14,1030,166.86,166.6,206.62,180.03
2024-09-15,1030,178.32,180.46,200.8,186.53
2024-09-16,1030,195.36,182.69,169.15,182.4
2024-09-17,1030,182.3,192.23,202.23,192.25
2024-09-18,1030,186.05,169.53,178.91,178.16
2024-09-19,1030,196.58,170.41,189.86,185.62
2024-09-20,1030,186.76,172.6,169.46,176.27
2024-09-21,1030,179.84,194.55,178.03,184.14
2024-09-22,1030,190.79,173.0,169.3,177.7
2024-09-23,1030,190.66,168.67,167.62,175.65
2024-09-24,1030,179.87,194.75,195.1,189.91
2024-09-25,1030,172.82,175.43,196.29,181.51
2024-09-26,1030,180.3,174.14,171.16,175.2
2024-09-27,1030,160.56,183.82,188.02,177.47
2024-09-28,1030,193.98,168.59,174.73,179.1
2024-09-29,1030,169.62,183.25,163.47,172.11
2024-09-30,1030,167.92,184.36,181.29,177.86
2024-10-01,1030,164.97,179.84,185.27,176.69
2024-10-02,1030,183.31,166.51,198.27,182.7
2024-10-03,1030,183.02,167.77,163.6,171.46
2024-10-04,1030,178.21,192.74,156.24,175.73
2024-10-05,1030,187.88,188.97,203.33,193.39
2024-10-06,1030,165.38,171.77,198.05,178.4
2024-10-07,1030,193.1,186.08,157.21,178.8
2024-10-08,1030,178.13,172.66,153.73,168.17
2024-10-09,1030,197.43,174.97,198.61,190.34
2024-10-10,1030,192.74,194.67,161.89,183.1
2024-10-11,1030,170.53,177.67,163.25,170.48
2024-10-12,1030,183.51,181.12,166.29,176.97
2024-10-13,1030,177.49,191.21,187.21,185.3
2024-10-14,1030,170.49,185.81,156.35,170.88
2024-10-15,1030,178.92,176.8,178.29,178.0
2024-10-16,1030,166.26,190.4,178.6,178.42
2024-10-17,1030,166.04,173.26,181.62,173.64
2024-10-18,1030,165.04,170.84,174.49,170.12
2024-10-19,1030,160.42,195.04,205.54,187.0
2024-10-20,1030,196.28,173.58,170.78,180.21
2024-10-21,1030,165.43,193.24,177.07,178.58
2024-10-22,1030,186.69,185.05,175.34,182.36
2024-10-23,1030,166.98,194.58,177.61,179.72
2024-10-24,1030,183.49,181.13,188.11,184.24
2024-10-25,1030,171.61,187.97,188.94,182.84
2024-10-26,1030,196.13,191.25,190.03,192.47
2024-10-27,1030,159.57,185.44,193.32,179.44
2024-10-28,1030,185.6,190.03,185.44,187.02
2024-10-29,1030,187.54,184.08,171.62,181.08
2024-10-30,1030,182.93,171.61,169.73,174.76
2024-10-31,1030,161.45,192.32,163.04,172.27
2024-11-01,1030,197.42,177.25,192.1,188.92
2024-11-02,1030,174.37,177.6,207.35,186.44
2024-11-03,1030,171.56,175.84,181.63,176.34
2024-11-04,1030,191.73,191.57,155.0,179.43
2024-11-05,1030,180.25,184.5,201.49,188.75
2024-11-06,1030,176.46,193.06,197.84,189.12
2024-11-07,1030,169.28,176.4,179.09,174.92
2024-11-08,1030,189.87,190.8,182.46,187.71
2024-11-09,1030,164.11,171.22,201.19,178.84
2024-11-10,1030,169.22,193.78,181.28,181.43
2024-11-11,1030,163.53,194.38,158.25,172.05
2024-11-12,1030,176.73,192.34,195.34,188.14
2024-11-13,1030,165.66,193.97,192.1,183.91
2024-11-14,1030,168.58,189.07,177.23,178.29
2024-11-15,1030,165.06,173.95,172.36,170.46
2024-11-16,1030,182.99,167.9,161.5,170.8
2024-11-17,1030,164.05,173.25,172.41,169.9
2024-11-18,1030,185.73,167.99,189.36,181.03
2024-11-19,1030,167.1,175.87,197.33,180.1
2024-11-20,1030,196.18,184.75,197.36,192.76
2024-11-21,1030,177.34,183.31,163.97,174.87
2024-11-22,1030,172.84,186.32,174.8,177.99
2024-11-23,1030,184.99,172.8,198.61,185.47
2024-11-24,1030,195.38,171.16,182.42,182.99
2024-11-25,1030,190.61,188.23,164.73,181.19
2024-11-26,1030,184.48,177.04,170.59,177.37
2024-11-27,1030,164.38,192.89,155.52,170.93
2024-11-28,1030,178.68,193.49,178.7,183.62
2024-11-29,1030,183.6,195.08,174.06,184.25
2024-11-30,1030,193.25,180.55,182.77,185.52
2024-12-01,1030,178.07,191.14,179.07,182.76
2024-12-02,1030,164.57,190.94,170.64,175.38
2024-12-03,1030,182.65,168.69,195.19,182.18
2024-12-04,1030,180.38,178.3,173.8,177.49
2024-12-05,1030,164.3,193.2,201.42,186.31
2024-12-06,1030,164.9,173.73,202.95,180.53
2024-12-07,1030,179.24,183.95,186.75,183.31
2024-12-08,1030,193.45,180.46,177.27,183.73
2024-12-09,1030,179.58,170.23,206.16,185.32
2024-12-10,1030,167.44,168.01,189.01,174.82
2024-12-11,1030,169.19,180.59,156.36,168.71
2024-12-12,1030,190.69,167.96,154.17,170.94
2024-12-13,1030,162.53,174.39,193.89,176.94
2024-12-14,1030,174.56,166.41,154.73,165.23
2024-12-15,1030,190.53,192.68,166.09,183.1
2024-12-16,1030,192.35,178.22,187.61,186.06
2024-12-17,1030,170.3,186.08,192.17,182.85
2024-12-18,1030,175.87,187.98,189.81,184.55
2024-12-19,1030,169.54,173.04,166.67,169.75
2024-12-20,1030,198.3,175.26,204.09,192.55
2024-12-21,1030,159.56,187.25,191.44,179.42
2024-12-22,1030,194.8,170.87,198.97,188.21
2024-12-23,1030,178.93,179.97,169.28,176.06
2024-12-24,1030,170.05,183.96,199.58,184.53
2024-12-25,1030,185.13,183.74,168.96,179.28
2024-12-26,1030,180.45,189.56,201.25,190.42
2024-12-27,1030,197.19,182.63,179.62,186.48
2024-12-28,1030,165.37,188.95,200.88,185.07
2024-12-29,1030,175.97,186.67,160.98,174.54
2024-12-30,1030,175.23,192.16,202.2,189.86
2024-01-01,1031,66.06,57.6,52.49,58.72
2024-01-02,1031,54.32,56.86,68.87,60.02
2024-01-03,1031,65.98,59.15,63.73,62.95
2024-01-04,1031,55.88,57.05,53.06,55.33
2024-01-05,1031,54.71,60.35,63.72,59.59
2024-01-06,1031,55.3,55.74,58.21,56.42
2024-01-07,1031,55.33,63.27,54.69,57.76
2024-01-08,1031,61.22,60.31,57.8,59.78
2024-01-09,1031,64.01,61.78,65.58,63.79
2024-01-10,1031,62.84,58.03,67.17,62.68
2024-01-11,1031,63.35,62.66,64.03,63.35
2024-01-12,1031,65.39,64.1,57.24,62.24
2024-01-13,1031,61.3,60.87,63.44,61.87
2024-01-14,1031,63.98,61.04,53.5,59.51
2024-01-15,1031,64.71,60.4,61.73,62.28
2024-01-16,1031,65.44,63.15,60.2,62.93
2024-01-17,1031,54.6,59.73,54.57,56.3
2024-01-18,1031,58.45,63.86,55.36,59.22
2024-01-19,1031,59.93,56.78,61.77,59.49
2024-01-20,1031,56.33,59.78,58.98,58.36
2024-01-21,1031,58.15,60.27,56.55,58.32
2024-01-22,1031,53.59,59.36,64.51,59.15
2024-01-23,1031,60.58,65.11,65.0,63.56
2024-01-24,1031,56.66,58.28,66.17,60.37
2024-01-25,1031,65.63,55.63,60.78,60.68
2024-01-26,1031,57.97,60.67,51.38,56.67
2024-01-27,1031,64.7,57.54,66.21,62.82
2024-01-28,1031,58.32,59.05,64.01,60.46
2024-01-29,1031,65.28,61.17,66.99,64.48
2024-01-30,1031,64.17,63.54,65.48,64.4
2024-01-31,1031,57.07,58.81,56.73,57.54
2024-02-01,1031,61.72,57.48,63.8,61.0
2024-02-02,1031,63.01,59.01,61.59,61.2
2024-02-03,1031,55.85,57.11,58.28,57.08
2024-02-04,1031,54.64,55.81,58.81,56.42
2024-02-05,1031,66.12,57.38,59.58,61.03
2024-02-06,1031,62.34,59.09,67.68,63.04
2024-02-07,1031,56.03,59.64,68.75,61.47
2024-02-08,1031,63.97,58.09,65.6,62.55
2024-02-09,1031,57.83,59.62,59.84,59.1
2024-02-10,1031,62.34,64.92,65.09,64.12
2024-02-11,1031,54.65,56.07,59.93,56.88
2024-02-12,1031,65.74,59.2,62.64,62.53
2024-02-13,1031,59.43,64.41,61.24,61.69
2024-02-14,1031,60.67,56.56,66.15,61.13
2024-02-15,1031,60.37,60.21,66.61,62.4
2024-02-16,1031,61.12,60.5,68.57,63.4
2024-02-17,1031,57.04,55.58,58.84,57.15
2024-02-18,1031,53.98,57.4,54.42,55.27
2024-02-19,1031,57.29,56.76,65.73,59.93
2024-02-20,1031,58.67,56.29,55.4,56.79
2024-02-21,1031,61.12,64.64,64.38,63.38
2024-02-22,1031,55.62,62.8,53.32,57.25
2024-02-23,1031,56.31,61.56,66.87,61.58
2024-02-24,1031,55.03,58.18,53.67,55.63
2024-02-25,1031,65.12,62.11,65.77,64.33
2024-02-26,1031,65.53,62.47,59.59,62.53
2024-02-27,1031,63.99,57.14,60.6,60.58
2024-02-28,1031,54.2,55.61,64.06,57.96
2024-02-29,1031,66.12,63.14,61.75,63.67
2024-03-01,1031,65.86,65.12,63.02,64.67
2024-03-02,1031,61.93,59.74,61.07,60.91
2024-03-03,1031,58.88,58.28,65.52,60.89
2024-03-04,1031,55.16,60.09,65.06,60.1
2024-03-05,1031,62.4,59.26,57.67,59.78
2024-03-06,1031,62.47,61.11,56.41,60.0
2024-03-07,1031,53.71,59.62,54.19,55.84
2024-03-08,1031,54.07,64.12,63.18,60.46
2024-03-09,1031,65.12,64.75,67.69,65.85
2024-03-10,1031,56.02,64.32,55.43,58.59
2024-03-11,1031,61.43,60.94,68.69,63.69
2024-03-12,1031,61.18,59.49,53.68,58.12
2024-03-13,1031,58.74,56.16,63.32,59.41
2024-03-14,1031,64.73,57.28,60.6,60.87
2024-03-15,1031,63.96,64.16,53.86,60.66
2024-03-16,1031,56.49,56.31,68.39,60.4
2024-03-17,1031,55.31,57.01,62.39,58.24
2024-03-18,1031,63.37,61.31,66.24,63.64
2024-03-19,1031,62.66,63.5,60.36,62.17
2024-03-20,1031,55.73,60.08,55.19,57.0
2024-03-21,1031,55.55,64.03,53.38,57.65
2024-03-22,1031,60.74,61.16,66.57,62.82
2024-03-23,1031,58.7,62.79,67.07,62.85
2024-03-24,1031,57.44,61.26,56.32,58.34
2024-03-25,1031,62.1,64.87,56.49,61.15
2024-03-26,1031,56.58,58.58,60.12,58.43
2024-03-27,1031,61.5,62.47,56.06,60.01
2024-03-28,1031,56.05,64.68,60.56,60.43
2024-03-29,1031,65.47,56.87,61.17,61.17
2024-03-30,1031,56.82,60.07,66.12,61.0
2024-03-31,1031,65.36,62.81,52.19,60.12
2024-04-01,1031,54.01,58.77,64.45,59.08
2024-04-02,1031,58.32,61.2,67.44,62.32
2024-04-03,1031,59.79,62.09,63.37,61.75
2024-04-04,1031,59.61,65.12,52.17,58.97
2024-04-05,1031,63.31,57.35,59.14,59.93
2024-04-06,1031,60.33,59.7,64.89,61.64
2024-04-07,1031,62.82,56.86,62.49,60.72
2024-04-08,1031,58.56,63.76,54.55,58.96
2024-04-09,1031,65.68,60.61,64.1,63.46
2024-04-10,1031,65.05,61.56,60.52,62.38
2024-04-11,1031,53.88,59.26,66.51,59.88
2024-04-12,1031,58.44,57.48,62.35,59.42
2024-04-13,1031,55.04,58.46,69.04,60.85
2024-04-14,1031,66.23,64.02,64.08,64.78
2024-04-15,1031,55.48,61.59,58.5,58.52
2024-04-16,1031,64.51,63.19,62.92,63.54
2024-04-17,1031,60.18,60.28,68.19,62.88
2024-04-18,1031,63.59,56.12,57.74,59.15
2024-04-19,1031,60.14,62.71,58.35,60.4
2024-04-20,1031,55.61,64.0,66.09,61.9
2024-04-21,1031,58.94,58.84,63.12,60.3
2024-04-22,1031,57.08,63.92,59.5,60.17
2024-04-23,1031,57.09,61.68,62.27,60.35
2024-04-24,1031,57.14,58.5,61.2,58.95
2024-04-25,1031,61.72,59.78,52.4,57.97
2024-04-26,1031,62.11,56.2,63.16,60.49
2024-04-27,1031,54.93,56.64,55.76,55.78
2024-04-28,1031,54.18,58.64,64.05,58.96
2024-04-29,1031,58.88,58.72,63.84,60.48
2024-04-30,1031,65.65,60.32,60.3,62.09
2024-05-01,1031,59.94,56.13,69.03,61.7
2024-05-02,1031,66.12,63.92,57.26,62.43
2024-05-03,1031,57.53,57.93,69.01,61.49
2024-05-04,1031,62.55,62.8,67.63,64.33
2024-05-05,1031,63.67,64.64,64.19,64.17
2024-05-06,1031,54.76,57.03,53.9,55.23
2024-05-07,1031,66.31,58.13,59.93,61.46
2024-05-08,1031,57.3,57.04,52.41,55.58
2024-05-09,1031,64.76,63.89,54.08,60.91
2024-05-10,1031,65.37,57.62,58.77,60.59
2024-05-11,1031,61.75,57.09,59.69,59.51
2024-05-12,1031,56.5,64.84,65.68,62.34
2024-05-13,1031,53.28,55.56,54.07,54.3
2024-05-14,1031,54.6,56.2,66.27,59.02
2024-05-15,1031,56.13,61.75,65.84,61.24
2024-05-16,1031,55.66,57.69,63.35,58.9
2024-05-17,1031,53.36,59.28,56.89,56.51
2024-05-18,1031,58.79,61.59,52.14,57.51
2024-05-19,1031,62.57,61.04,56.72,60.11
2024-05-20,1031,57.37,64.84,60.08,60.76
2024-05-21,1031,59.52,58.94,53.81,57.42
2024-05-22,1031,65.34,55.53,52.49,57.79
2024-05-23,1031,65.8,59.66,58.82,61.43
2024-05-24,1031,58.12,55.64,60.5,58.09
2024-05-25,1031,54.35,64.9,53.61,57.62
2024-05-26,1031,56.44,63.63,61.36,60.48
2024-05-27,1031,61.35,61.44,60.4,61.06
2024-05-28,1031,54.26,57.86,56.31,56.14
2024-05-29,1031,56.68,62.04,54.61,57.78
2024-05-30,1031,64.16,61.38,67.88,64.47
2024-05-31,1031,58.15,62.25,59.88,60.09
2024-06-01,1031,56.88,64.28,58.76,59.97
2024-06-02,1031,63.52,60.64,66.83,63.66
2024-06-03,1031,64.68,55.77,58.66,59.7
2024-06-04,1031,53.26,61.88,57.55,57.56
2024-06-05,1031,55.91,58.87,55.03,56.6
2024-06-06,1031,64.51,58.51,60.77,61.26
2024-06-07,1031,62.59,62.93,53.04,59.52
2024-06-08,1031,59.42,59.63,59.52,59.52
2024-06-09,1031,57.38,61.65,54.95,57.99
2024-06-10,1031,60.77,59.07,51.54,57.13
2024-06-11,1031,53.23,62.48,68.58,61.43
2024-06-12,1031,64.51,62.15,58.61,61.76
2024-06-13,1031,61.98,61.81,55.31,59.7
2024-06-14,1031,59.85,55.8,58.19,57.95
2024-06-15,1031,54.14,62.95,58.89,58.66
2024-06-16,1031,55.93,59.57,64.33,59.94
2024-06-17,1031,60.68,61.58,65.52,62.59
2024-06-18,1031,54.22,58.02,55.13,55.79
2024-06-19,1031,54.85,62.92,53.87,57.21
2024-06-20,1031,53.22,57.41,55.18,55.27
2024-06-21,1031,54.46,60.03,58.51,57.67
2024-06-22,1031,57.04,60.78,58.0,58.61
2024-06-23,1031,61.51,55.52,55.8,57.61
2024-06-24,1031,63.19,59.33,54.13,58.88
2024-06-25,1031,59.09,56.62,51.98,55.9
2024-06-26,1031,62.98,58.19,67.16,62.78
2024-06-27,1031,61.19,58.35,53.84,57.79
2024-06-28,1031,53.19,58.5,54.17,55.29
2024-06-29,1031,56.34,62.1,66.13,61.52
2024-06-30,1031,53.65,56.38,61.27,57.1
2024-07-01,1031,58.65,64.87,64.65,62.72
2024-07-02,1031,65.67,57.64,59.26,60.86
2024-07-03,1031,56.23,61.96,55.53,57.91
2024-07-04,1031,56.43,62.21,68.75,62.46
2024-07-05,1031,59.12,62.21,61.46,60.93
2024-07-06,1031,57.63,62.94,52.98,57.85
2024-07-07,1031,60.0,63.43,63.35,62.26
2024-07-08,1031,54.82,65.09,54.08,58.0
2024-07-09,1031,56.7,61.6,51.91,56.74
2024-07-10,1031,56.71,63.84,65.12,61.89
2024-07-11,1031,63.31,58.99,69.27,63.86
2024-07-12,1031,62.83,61.24,64.25,62.77
2024-07-13,1031,57.68,58.56,64.2,60.15
2024-07-14,1031,64.33,60.57,55.23,60.04
2024-07-15,1031,53.5,57.79,62.77,58.02
2024-07-16,1031,65.98,65.13,62.81,64.64
2024-07-17,1031,60.25,57.26,61.7,59.74
2024-07-18,1031,64.05,58.02,58.86,60.31
2024-07-19,1031,57.8,55.97,55.17,56.31
2024-07-20,1031,65.36,58.41,51.33,58.37
2024-07-21,1031,56.66,59.74,54.41,56.94
2024-07-22,1031,58.77,59.82,65.57,61.39
2024-07-23,1031,58.6,63.7,59.55,60.62
2024-07-24,1031,53.88,57.1,58.55,56.51
2024-07-25,1031,60.33,61.56,63.74,61.88
2024-07-26,1031,63.48,58.9,52.82,58.4
2024-07-27,1031,62.5,62.81,62.37,62.56
2024-07-28,1031,62.75,63.67,59.24,61.89
2024-07-29,1031,62.99,56.34,62.46,60.6
2024-07-30,1031,60.63,56.58,60.87,59.36
2024-07-31,1031,59.76,60.15,64.3,61.4
2024-08-01,1031,57.76,62.15,54.31,58.07
2024-08-02,1031,62.72,56.65,69.15,62.84
2024-08-03,1031,60.75,64.08,60.23,61.69
2024-08-04,1031,61.71,61.06,58.63,60.47
2024-08-05,1031,64.56,62.96,58.78,62.1
2024-08-06,1031,61.9,60.98,56.71,59.86
2024-08-07,1031,65.21,57.49,59.54,60.75
2024-08-08,1031,66.05,60.51,66.3,64.29
2024-08-09,1031,62.32,61.75,65.01,63.03
2024-08-10,1031,63.3,59.08,67.77,63.38
2024-08-11,1031,62.37,60.46,57.02,59.95
2024-08-12,1031,55.24,61.13,65.21,60.53
2024-08-13,1031,65.03,61.5,65.32,63.95
2024-08-14,1031,57.94,62.35,63.7,61.33
2024-08-15,1031,58.55,63.2,54.05,58.6
2024-08-16,1031,55.13,57.07,69.08,60.43
2024-08-17,1031,56.65,59.1,52.29,56.01
2024-08-18,1031,63.53,65.04,52.5,60.36
2024-08-19,1031,57.44,56.73,69.13,61.1
2024-08-20,1031,54.3,63.63,62.77,60.23
2024-08-21,1031,62.24,63.26,66.63,64.04
2024-08-22,1031,62.17,63.01,54.37,59.85
2024-08-23,1031,58.18,56.25,61.93,58.79
2024-08-24,1031,61.33,65.06,55.73,60.71
2024-08-25,1031,57.05,56.43,62.75,58.74
2024-08-26,1031,66.28,62.78,60.07,63.04
2024-08-27,1031,57.06,60.21,60.28,59.18
2024-08-28,1031,60.29,55.69,63.97,59.98
2024-08-29,1031,62.4,65.01,57.47,61.63
2024-08-30,1031,54.04,63.33,64.29,60.55
2024-08-31,1031,63.75,56.4,67.64,62.6
2024-09-01,1031,57.17,57.25,64.03,59.48
2024-09-02,1031,57.25,58.92,54.71,56.96
2024-09-03,1031,65.08,61.31,61.94,62.78
2024-09-04,1031,57.13,58.88,54.41,56.81
2024-09-05,1031,61.76,57.14,66.92,61.94
2024-09-06,1031,54.25,63.21,67.22,61.56
2024-09-07,1031,57.08,57.55,58.79,57.81
2024-09-08,1031,56.65,60.54,62.57,59.92
2024-09-09,1031,62.61,56.64,64.03,61.09
2024-09-10,1031,54.64,60.88,52.12,55.88
2024-09-11,1031,59.48,57.9,59.89,59.09
2024-09-12,1031,65.65,60.37,57.71,61.24
2024-09-13,1031,65.61,62.88,55.01,61.17
2024-09-14,1031,54.79,62.38,56.52,57.9
2024-09-15,1031,54.21,62.92,66.28,61.14
2024-09-16,1031,58.8,63.34,52.68,58.27
2024-09-17,1031,60.54,56.09,56.16,57.6
2024-09-18,1031,63.86,56.04,56.42,58.77
2024-09-19,1031,56.41,63.02,61.84,60.42
2024-09-20,1031,53.44,60.62,64.8,59.62
2024-09-21,1031,57.62,56.26,66.39,60.09
2024-09-22,1031,53.37,56.49,62.58,57.48
2024-09-23,1031,63.68,59.54,69.11,64.11
2024-09-24,1031,63.02,59.68,63.23,61.98
2024-09-25,1031,63.64,61.2,68.47,64.44
2024-09-26,1031,53.58,57.88,57.09,56.18
2024-09-27,1031,53.99,57.13,54.96,55.36
2024-09-28,1031,65.9,60.91,66.0,64.27
2024-09-29,1031,65.09,64.21,53.59,60.96
2024-09-30,1031,56.65,61.38,56.36,58.13
2024-10-01,1031,53.52,57.27,68.59,59.79
2024-10-02,1031,65.34,64.3,52.08,60.57
2024-10-03,1031,55.48,61.08,57.09,57.88
2024-10-04,1031,61.0,55.5,55.85,57.45
2024-10-05,1031,64.51,64.33,64.95,64.6
2024-10-06,1031,56.74,58.49,65.34,60.19
2024-10-07,1031,63.66,65.15,59.59,62.8
2024-10-08,1031,61.1,64.9,51.83,59.28
2024-10-09,1031,66.13,56.78,65.98,62.96
2024-10-10,1031,59.56,57.84,64.13,60.51
2024-10-11,1031,62.57,57.26,68.25,62.69
2024-10-12,1031,56.92,56.98,58.64,57.51
2024-10-13,1031,53.63,57.62,65.9,59.05
2024-10-14,1031,59.21,57.27,66.16,60.88
2024-10-15,1031,63.47,58.91,51.33,57.9
2024-10-16,1031,63.16,62.73,68.4,64.76
2024-10-17,1031,58.4,58.37,62.82,59.86
2024-10-18,1031,66.12,62.1,65.4,64.54
2024-10-19,1031,54.04,63.13,67.04,61.4
2024-10-20,1031,54.89,58.63,68.01,60.51
2024-10-21,1031,64.44,63.33,52.77,60.18
2024-10-22,1031,54.69,55.81,67.09,59.2
2024-10-23,1031,65.89,62.93,58.47,62.43
2024-10-24,1031,57.13,59.8,56.01,57.65
2024-10-25,1031,60.88,62.95,64.53,62.79
2024-10-26,1031,65.28,58.68,64.86,62.94
2024-10-27,1031,65.66,62.99,62.44,63.7
2024-10-28,1031,53.67,59.67,64.97,59.44
2024-10-29,1031,53.72,63.25,58.92,58.63
2024-10-30,1031,61.59,61.13,66.74,63.15
2024-10-31,1031,64.87,59.81,52.67,59.12
2024-11-01,1031,60.93,60.26,66.39,62.53
2024-11-02,1031,64.78,64.81,61.22,63.6
2024-11-03,1031,64.12,58.59,61.71,61.47
2024-11-04,1031,64.16,57.31,57.13,59.53
2024-11-05,1031,62.8,58.56,55.68,59.01
2024-11-06,1031,60.97,61.77,61.39,61.38
2024-11-07,1031,64.61,56.94,61.9,61.15
2024-11-08,1031,61.47,60.44,65.31,62.41
2024-11-09,1031,53.43,62.7,67.8,61.31
2024-11-10,1031,53.71,60.37,60.82,58.3
2024-11-11,1031,56.78,62.49,58.57,59.28
2024-11-12,1031,53.86,64.96,55.69,58.17
2024-11-13,1031,61.58,61.26,64.08,62.31
2024-11-14,1031,59.44,60.51,58.72,59.56
2024-11-15,1031,57.22,63.06,59.19,59.82
2024-11-16,1031,57.81,59.65,64.75,60.74
2024-11-17,1031,62.7,56.25,54.92,57.96
2024-11-18,1031,62.76,60.59,53.07,58.81
2024-11-19,1031,58.2,55.99,64.12,59.44
2024-11-20,1031,54.93,63.41,60.52,59.62
2024-11-21,1031,63.58,59.75,55.49,59.61
2024-11-22,1031,66.34,62.91,63.73,64.33
2024-11-23,1031,59.76,59.14,53.99,57.63
2024-11-24,1031,56.95,56.31,64.9,59.39
2024-11-25,1031,58.13,63.09,61.92,61.05
2024-11-26,1031,63.43,55.91,52.74,57.36
2024-11-27,1031,60.94,61.74,64.18,62.29
2024-11-28,1031,54.65,55.6,63.85,58.03
2024-11-29,1031,56.53,64.46,67.13,62.71
2024-11-30,1031,57.05,60.24,68.07,61.79
2024-12-01,1031,54.14,57.54,54.14,55.27
2024-12-02,1031,54.11,60.43,63.39,59.31
2024-12-03,1031,59.49,59.27,63.66,60.81
2024-12-04,1031,58.47,59.88,56.64,58.33
2024-12-05,1031,57.18,64.77,68.36,63.44
2024-12-06,1031,63.06,58.84,62.21,61.37
2024-12-07,1031,53.69,63.53,61.84,59.69
2024-12-08,1031,64.74,63.74,65.29,64.59
2024-12-09,1031,54.9,58.29,57.56,56.92
2024-12-10,1031,55.86,57.33,64.26,59.15
2024-12-11,1031,58.86,56.94,68.65,61.48
2024-12-12,1031,54.58,59.22,63.06,58.95
2024-12-13,1031,62.28,57.39,62.57,60.75
2024-12-14,1031,59.85,57.55,64.34,60.58
2024-12-15,1031,57.37,57.2,58.35,57.64
2024-12-16,1031,61.36,61.9,53.05,58.77
2024-12-17,1031,53.44,60.83,62.21,58.83
2024-12-18,1031,63.96,60.72,58.68,61.12
2024-12-19,1031,63.87,64.49,56.09,61.48
2024-12-20,1031,53.68,62.02,55.62,57.11
2024-12-21,1031,59.5,57.78,67.21,61.5
2024-12-22,1031,62.36,59.51,58.08,59.98
2024-12-23,1031,58.15,62.19,56.71,59.02
2024-12-24,1031,61.39,63.3,63.23,62.64
2024-12-25,1031,60.51,56.14,55.82,57.49
2024-12-26,1031,60.28,62.51,63.65,62.15
2024-12-27,1031,61.42,56.62,57.84,58.63
2024-12-28,1031,59.01,60.67,68.74,62.81
2024-12-29,1031,54.98,55.72,53.55,54.75
2024-12-30,1031,54.65,62.64,54.8,57.36
2024-01-01,1032,105.6,112.4,102.11,106.7
2024-01-02,1032,103.21,110.04,118.14,110.46
2024-01-03,1032,105.54,105.53,103.11,104.73
2024-01-04,1032,101.68,98.94,116.25,105.62
2024-01-05,1032,92.76,106.21,107.95,102.31
2024-01-06,1032,111.33,108.47,103.34,107.71
2024-01-07,1032,113.35,109.5,89.39,104.08
2024-01-08,1032,104.76,109.28,106.09,106.71
2024-01-09,1032,98.66,109.79,114.33,107.59
2024-01-10,1032,109.98,96.45,95.0,100.48
2024-01-11,1032,94.23,96.53,107.64,99.47
2024-01-12,1032,101.54,100.95,106.56,103.02
2024-01-13,1032,114.52,97.27,91.3,101.03
2024-01-14,1032,101.36,100.6,113.36,105.11
2024-01-15,1032,106.21,108.17,114.24,109.54
2024-01-16,1032,110.24,106.88,100.3,105.81
2024-01-17,1032,98.67,96.35,98.77,97.93
2024-01-18,1032,95.96,96.04,109.46,100.49
2024-01-19,1032,113.81,106.13,108.91,109.62
2024-01-20,1032,104.46,105.44,118.78,109.56
2024-01-21,1032,104.85,109.93,114.54,109.77
2024-01-22,1032,95.81,103.53,116.84,105.39
2024-01-23,1032,111.95,111.27,109.09,110.77
2024-01-24,1032,98.22,96.66,104.27,99.72
2024-01-25,1032,94.27,99.68,94.91,96.29
2024-01-26,1032,91.75,98.68,116.32,102.25
2024-01-27,1032,100.38,104.81,112.41,105.87
2024-01-28,1032,110.23,112.25,109.13,110.54
2024-01-29,1032,96.91,101.68,95.39,97.99
2024-01-30,1032,95.01,97.38,99.72,97.37
2024-01-31,1032,93.27,110.46,112.91,105.55
2024-02-01,1032,113.32,98.95,116.67,109.65
2024-02-02,1032,106.7,101.29,90.0,99.33
2024-02-03,1032,110.61,101.02,112.49,108.04
2024-02-04,1032,94.59,110.23,118.79,107.87
2024-02-05,1032,108.91,95.86,103.71,102.83
2024-02-06,1032,104.27,103.3,100.89,102.82
2024-02-07,1032,109.24,109.01,108.07,108.77
2024-02-08,1032,112.2,102.99,107.33,107.51
2024-02-09,1032,93.66,109.15,108.75,103.85
2024-02-10,1032,95.31,98.67,94.47,96.15
2024-02-11,1032,111.87,105.68,109.11,108.89
2024-02-12,1032,96.94,107.59,112.6,105.71
2024-02-13,1032,100.83,103.68,93.09,99.2
2024-02-14,1032,103.12,96.68,118.19,106.0
2024-02-15,1032,92.42,99.05,110.21,100.56
2024-02-16,1032,91.72,103.59,111.09,102.13
2024-02-17,1032,110.93,109.21,97.79,105.98
2024-02-18,1032,94.06,111.49,94.07,99.87
2024-02-19,1032,106.0,106.92,95.82,102.91
2024-02-20,1032,94.56,109.59,112.01,105.39
2024-02-21,1032,101.98,100.74,112.86,105.19
2024-02-22,1032,105.22,112.27,91.34,102.94
2024-02-23,1032,100.97,108.23,113.03,107.41
2024-02-24,1032,98.0,108.58,114.81,107.13
2024-02-25,1032,97.69,102.92,117.12,105.91
2024-02-26,1032,99.19,108.84,101.88,103.3
2024-02-27,1032,97.22,98.98,92.91,96.37
2024-02-28,1032,95.6,100.14,90.91,95.55
2024-02-29,1032,113.32,101.62,89.51,101.48
2024-03-01,1032,99.46,100.7,117.26,105.81
2024-03-02,1032,110.75,107.24,107.24,108.41
2024-03-03,1032,99.63,103.93,91.8,98.45
2024-03-04,1032,102.4,101.56,103.29,102.42
2024-03-05,1032,103.27,107.52,114.85,108.55
2024-03-06,1032,99.77,100.05,110.2,103.34
2024-03-07,1032,100.53,107.47,106.36,104.79
2024-03-08,1032,109.77,112.21,101.55,107.84
2024-03-09,1032,97.84,98.99,92.7,96.51
2024-03-10,1032,109.03,103.33,96.06,102.81
2024-03-11,1032,104.64,99.54,98.67,100.95
2024-03-12,1032,103.26,97.74,115.11,105.37
2024-03-13,1032,95.75,104.09,89.41,96.42
2024-03-14,1032,112.61,112.38,107.85,110.95
2024-03-15,1032,92.09,109.17,109.54,103.6
2024-03-16,1032,112.94,102.33,101.87,105.71
2024-03-17,1032,111.18,99.53,98.45,103.05
2024-03-18,1032,111.93,104.36,118.35,111.55
2024-03-19,1032,94.83,99.45,108.54,100.94
2024-03-20,1032,109.9,97.92,91.06,99.63
2024-03-21,1032,112.55,106.87,118.11,112.51
2024-03-22,1032,110.9,109.35,109.32,109.86
2024-03-23,1032,98.1,98.48,90.14,95.57
2024-03-24,1032,99.86,112.13,101.33,104.44
2024-03-25,1032,110.23,100.49,113.84,108.19
2024-03-26,1032,94.53,102.97,104.81,100.77
2024-03-27,1032,111.23,98.91,109.21,106.45
2024-03-28,1032,103.69,96.29,90.74,96.91
2024-03-29,1032,99.6,106.51,95.44,100.52
2024-03-30,1032,93.02,111.12,117.92,107.35
2024-03-31,1032,102.45,97.5,100.98,100.31
2024-04-01,1032,97.99,104.51,88.97,97.16
2024-04-02,1032,112.87,104.19,91.67,102.91
2024-04-03,1032,103.84,97.88,103.33,101.68
2024-04-04,1032,102.72,109.97,117.96,110.22
2024-04-05,1032,109.26,103.14,101.86,104.75
2024-04-06,1032,102.62,105.72,90.61,99.65
2024-04-07,1032,106.72,111.3,111.04,109.69
2024-04-08,1032,102.96,105.25,110.08,106.1
2024-04-09,1032,95.02,96.96,103.21,98.4
2024-04-10,1032,107.68,105.69,95.25,102.87
2024-04-11,1032,96.78,107.61,92.12,98.84
2024-04-12,1032,110.71,101.59,95.0,102.43
2024-04-13,1032,110.17,99.55,101.81,103.84
2024-04-14,1032,96.73,100.89,119.71,105.78
2024-04-15,1032,112.4,99.94,93.07,101.8
2024-04-16,1032,106.93,103.36,114.18,108.16
2024-04-17,1032,104.67,109.0,96.66,103.44
2024-04-18,1032,94.75,108.3,106.59,103.21
2024-04-19,1032,108.46,98.32,101.68,102.82
2024-04-20,1032,108.15,103.7,114.28,108.71
2024-04-21,1032,92.4,98.08,112.17,100.88
2024-04-22,1032,108.25,106.87,114.12,109.75
2024-04-23,1032,104.72,104.3,104.46,104.49
2024-04-24,1032,107.6,99.88,91.43,99.64
2024-04-25,1032,107.4,102.91,114.7,108.34
2024-04-26,1032,102.39,96.3,101.97,100.22
2024-04-27,1032,110.23,96.72,89.62,98.86
2024-04-28,1032,102.37,97.63,119.69,106.56
2024-04-29,1032,104.69,111.28,112.6,109.52
2024-04-30,1032,96.96,103.01,105.19,101.72
2024-05-01,1032,93.42,110.27,114.38,106.02
2024-05-02,1032,108.15,103.78,96.58,102.84
2024-05-03,1032,110.87,103.6,95.59,103.35
2024-05-04,1032,100.95,97.7,112.04,103.56
2024-05-05,1032,104.72,107.5,105.35,105.86
2024-05-06,1032,106.92,99.07,100.79,102.26
2024-05-07,1032,108.68,107.59,91.52,102.6
2024-05-08,1032,100.8,106.62,94.57,100.66
2024-05-09,1032,108.43,107.93,115.07,110.48
2024-05-10,1032,93.01,96.78,98.91,96.23
2024-05-11,1032,95.87,112.1,115.14,107.7
2024-05-12,1032,113.47,101.97,104.1,106.51
2024-05-13,1032,109.73,104.15,97.81,103.9
2024-05-14,1032,108.2,103.36,116.62,109.39
2024-05-15,1032,114.5,112.0,108.14,111.55
2024-05-16,1032,113.91,103.44,116.97,111.44
2024-05-17,1032,101.25,101.88,118.13,107.09
2024-05-18,1032,104.12,111.14,111.67,108.98
2024-05-19,1032,92.1,109.65,98.92,100.22
2024-05-20,1032,106.27,107.04,116.44,109.92
2024-05-21,1032,95.68,103.63,93.23,97.51
2024-05-22,1032,111.36,101.56,97.51,103.48
2024-05-23,1032,96.34,108.89,104.08,103.1
2024-05-24,1032,102.36,108.21,99.52,103.36
2024-05-25,1032,113.65,102.89,96.66,104.4
2024-05-26,1032,92.18,105.14,114.68,104.0
2024-05-27,1032,104.91,104.45,118.66,109.34
2024-05-28,1032,110.43,103.98,88.75,101.05
2024-05-29,1032,104.56,108.15,105.14,105.95
2024-05-30,1032,93.89,110.02,90.09,98.0
2024-05-31,1032,102.19,107.08,95.47,101.58
2024-06-01,1032,106.29,111.84,106.5,108.21
2024-06-02,1032,97.27,100.08,104.34,100.56
2024-06-03,1032,113.85,105.57,96.73,105.38
2024-06-04,1032,111.99,107.15,102.03,107.06
2024-06-05,1032,95.48,110.2,115.07,106.92
2024-06-06,1032,104.63,100.37,93.09,99.36
2024-06-07,1032,102.49,97.94,104.3,101.58
2024-06-08,1032,100.12,98.82,99.64,99.53
2024-06-09,1032,92.35,104.77,106.65,101.26
2024-06-10,1032,92.54,101.51,93.06,95.7
2024-06-11,1032,102.98,97.39,91.71,97.36
2024-06-12,1032,95.72,99.75,111.05,102.17
2024-06-13,1032,99.93,109.36,113.24,107.51
2024-06-14,1032,106.14,106.5,98.93,103.86
2024-06-15,1032,98.88,109.19,104.2,104.09
2024-06-16,1032,98.36,111.16,111.7,107.07
2024-06-17,1032,108.14,100.29,94.05,100.83
2024-06-18,1032,114.52,96.16,105.43,105.37
2024-06-19,1032,107.95,98.12,88.59,98.22
2024-06-20,1032,99.21,110.4,91.15,100.25
2024-06-21,1032,103.19,98.04,97.65,99.63
2024-06-22,1032,113.86,105.29,110.55,109.9
2024-06-23,1032,105.17,106.87,115.45,109.16
2024-06-24,1032,98.16,99.94,88.75,95.62
2024-06-25,1032,99.62,97.5,119.47,105.53
2024-06-26,1032,109.36,108.79,109.07,109.07
2024-06-27,1032,104.72,107.9,105.53,106.05
2024-06-28,1032,104.82,109.88,100.4,105.03
2024-06-29,1032,105.06,99.51,109.87,104.81
2024-06-30,1032,103.65,100.75,116.97,107.12
2024-07-01,1032,106.77,101.45,90.41,99.54
2024-07-02,1032,103.32,106.2,100.43,103.32
2024-07-03,1032,109.32,96.38,108.37,104.69
2024-07-04,1032,103.66,108.85,101.47,104.66
2024-07-05,1032,105.3,109.64,106.09,107.01
2024-07-06,1032,92.36,109.8,117.34,106.5
2024-07-07,1032,93.61,99.64,98.46,97.24
2024-07-08,1032,99.65,98.47,113.88,104.0
2024-07-09,1032,97.23,97.99,93.92,96.38
2024-07-10,1032,103.55,107.96,116.43,109.31
2024-07-11,1032,99.01,104.94,91.67,98.54
2024-07-12,1032,108.82,101.8,101.08,103.9
2024-07-13,1032,100.41,96.06,105.9,100.79
2024-07-14,1032,105.74,109.93,103.98,106.55
2024-07-15,1032,93.16,99.34,116.21,102.9
2024-07-16,1032,99.31,109.37,109.97,106.22
2024-07-17,1032,95.74,97.77,110.95,101.49
2024-07-18,1032,112.59,110.67,112.86,112.04
2024-07-19,1032,108.43,108.4,93.36,103.4
2024-07-20,1032,101.63,96.19,104.9,100.91
2024-07-21,1032,109.23,108.65,111.11,109.66
2024-07-22,1032,110.37,106.74,109.83,108.98
2024-07-23,1032,113.57,109.95,93.7,105.74
2024-07-24,1032,101.84,103.68,108.64,104.72
2024-07-25,1032,111.73,107.56,89.09,102.79
2024-07-26,1032,110.98,111.22,102.66,108.29
2024-07-27,1032,104.93,100.42,117.01,107.45
2024-07-28,1032,94.18,98.97,104.53,99.23
2024-07-29,1032,110.86,102.93,115.2,109.66
2024-07-30,1032,98.06,99.42,101.71,99.73
2024-07-31,1032,108.8,101.81,119.55,110.05
2024-08-01,1032,105.11,102.71,98.33,102.05
2024-08-02,1032,104.35,106.33,106.54,105.74
2024-08-03,1032,99.93,104.44,99.97,101.45
2024-08-04,1032,95.08,105.54,116.14,105.59
2024-08-05,1032,100.33,97.32,101.78,99.81
2024-08-06,1032,102.86,97.4,116.43,105.56
2024-08-07,1032,110.62,101.86,95.6,102.69
2024-08-08,1032,93.54,96.82,108.15,99.5
2024-08-09,1032,101.14,111.62,96.08,102.95
2024-08-10,1032,106.5,96.73,109.61,104.28
2024-08-11,1032,100.44,99.13,108.34,102.64
2024-08-12,1032,107.2,106.81,89.64,101.22
2024-08-13,1032,101.53,110.86,98.81,103.73
2024-08-14,1032,105.54,112.32,95.77,104.54
2024-08-15,1032,111.41,102.75,112.67,108.94
2024-08-16,1032,95.22,111.66,94.1,100.33
2024-08-17,1032,112.79,106.23,118.62,112.55
2024-08-18,1032,100.38,106.19,98.84,101.8
2024-08-19,1032,105.43,102.47,104.43,104.11
2024-08-20,1032,112.85,108.94,102.37,108.05
2024-08-21,1032,103.08,102.94,100.25,102.09
2024-08-22,1032,95.71,104.53,110.02,103.42
2024-08-23,1032,98.52,108.45,103.2,103.39
2024-08-24,1032,110.62,107.78,114.43,110.94
2024-08-25,1032,100.11,108.59,99.84,102.85
2024-08-26,1032,100.77,98.05,108.75,102.52
2024-08-27,1032,104.38,97.3,110.31,104.0
2024-08-28,1032,112.31,97.28,100.2,103.26
2024-08-29,1032,92.48,102.93,115.48,103.63
2024-08-30,1032,94.58,102.59,101.94,99.7
2024-08-31,1032,107.75,112.49,115.55,111.93
2024-09-01,1032,114.38,105.34,97.1,105.61
2024-09-02,1032,93.61,111.44,99.99,101.68
2024-09-03,1032,99.0,104.44,106.66,103.37
2024-09-04,1032,108.57,95.89,118.14,107.53
2024-09-05,1032,101.34,111.93,88.55,100.61
2024-09-06,1032,108.6,100.36,107.13,105.36
2024-09-07,1032,105.32,112.4,119.4,112.37
2024-09-08,1032,98.96,105.17,108.0,104.04
2024-09-09,1032,105.92,110.89,95.97,104.26
2024-09-10,1032,94.65,101.11,90.33,95.36
2024-09-11,1032,112.88,97.53,114.09,108.17
2024-09-12,1032,92.91,105.77,95.88,98.19
2024-09-13,1032,99.84,108.01,107.02,104.96
2024-09-14,1032,97.05,105.29,116.06,106.13
2024-09-15,1032,104.83,106.36,95.22,102.14
2024-09-16,1032,100.48,110.63,114.46,108.52
2024-09-17,1032,96.94,99.43,118.04,104.8
2024-09-18,1032,98.27,110.39,114.55,107.74
2024-09-19,1032,113.76,103.37,103.99,107.04
2024-09-20,1032,113.7,96.51,101.15,103.79
2024-09-21,1032,97.61,102.73,116.09,105.48
2024-09-22,1032,107.06,106.03,106.06,106.38
2024-09-23,1032,105.9,102.83,101.94,103.56
2024-09-24,1032,109.72,103.83,91.96,101.84
2024-09-25,1032,102.84,106.12,93.03,100.66
2024-09-26,1032,92.53,110.23,109.12,103.96
2024-09-27,1032,99.05,103.23,109.11,103.8
2024-09-28,1032,95.27,103.75,114.29,104.44
2024-09-29,1032,101.14,108.42,92.76,100.77
2024-09-30,1032,100.39,96.56,108.33,101.76
2024-10-01,1032,92.78,98.68,115.26,102.24
2024-10-02,1032,112.23,106.92,102.54,107.23
2024-10-03,1032,100.28,100.88,97.55,99.57
2024-10-04,1032,95.0,104.51,89.05,96.19
2024-10-05,1032,106.12,97.33,96.87,100.11
2024-10-06,1032,94.16,106.12,92.75,97.68
2024-10-07,1032,94.57,96.53,98.84,96.65
2024-10-08,1032,109.79,102.79,113.64,108.74
2024-10-09,1032,93.23,109.11,90.72,97.69
2024-10-10,1032,101.92,105.26,118.74,108.64
2024-10-11,1032,105.42,96.64,102.7,101.59
2024-10-12,1032,112.33,100.55,116.74,109.87
2024-10-13,1032,100.39,103.78,99.56,101.24
2024-10-14,1032,94.69,111.09,115.58,107.12
2024-10-15,1032,104.32,105.71,116.31,108.78
2024-10-16,1032,104.57,98.75,92.35,98.56
2024-10-17,1032,114.59,110.74,106.22,110.52
2024-10-18,1032,112.16,103.49,104.84,106.83
2024-10-19,1032,103.0,106.28,93.52,100.93
2024-10-20,1032,104.22,101.34,116.12,107.23
2024-10-21,1032,95.95,96.02,101.86,97.94
2024-10-22,1032,101.95,100.48,107.43,103.29
2024-10-23,1032,112.53,104.78,94.81,104.04
2024-10-24,1032,109.05,105.83,104.78,106.55
2024-10-25,1032,104.77,106.8,93.81,101.79
2024-10-26,1032,113.1,108.97,100.18,107.42
2024-10-27,1032,108.31,101.42,113.42,107.72
2024-10-28,1032,112.99,110.73,110.78,111.5
2024-10-29,1032,96.87,102.05,114.38,104.43
2024-10-30,1032,102.16,106.24,118.48,108.96
2024-10-31,1032,92.98,111.95,106.83,103.92
2024-11-01,1032,92.64,98.96,108.31,99.97
2024-11-02,1032,106.69,110.28,109.75,108.91
2024-11-03,1032,107.61,108.75,98.14,104.83
2024-11-04,1032,94.44,103.54,95.75,97.91
2024-11-05,1032,112.21,107.18,93.91,104.43
2024-11-06,1032,96.35,104.63,94.51,98.5
2024-11-07,1032,106.76,103.8,95.62,102.06
2024-11-08,1032,99.53,106.11,104.16,103.27
2024-11-09,1032,93.68,106.82,113.89,104.8
2024-11-10,1032,108.62,103.26,116.55,109.48
2024-11-11,1032,102.78,103.93,97.26,101.32
2024-11-12,1032,111.01,104.89,115.11,110.34
2024-11-13,1032,95.92,105.29,117.79,106.33
2024-11-14,1032,109.18,104.63,93.84,102.55
2024-11-15,1032,98.92,108.86,100.21,102.66
2024-11-16,1032,107.67,100.06,119.21,108.98
2024-11-17,1032,112.53,98.44,116.01,108.99
2024-11-18,1032,106.9,110.41,113.51,110.27
2024-11-19,1032,96.04,104.97,106.67,102.56
2024-11-20,1032,98.6,99.02,90.24,95.95
2024-11-21,1032,95.71,110.03,107.18,104.31
2024-11-22,1032,105.32,104.59,119.38,109.76
2024-11-23,1032,105.57,99.98,111.51,105.69
2024-11-24,1032,106.27,104.47,115.12,108.62
2024-11-25,1032,92.52,98.55,110.67,100.58
2024-11-26,1032,111.57,96.41,89.38,99.12
2024-11-27,1032,94.89,100.95,119.33,105.06
2024-11-28,1032,97.2,102.48,116.07,105.25
2024-11-29,1032,102.83,106.26,89.43,99.51
2024-11-30,1032,92.29,101.76,117.66,103.9
2024-12-01,1032,98.5,97.61,97.6,97.9
2024-12-02,1032,105.97,111.66,90.71,102.78
2024-12-03,1032,91.69,98.05,103.54,97.76
2024-12-04,1032,92.34,104.09,109.67,102.03
2024-12-05,1032,97.67,99.4,114.12,103.73
2024-12-06,1032,96.64,101.77,91.75,96.72
2024-12-07,1032,91.81,103.58,90.87,95.42
2024-12-08,1032,107.48,109.52,90.14,102.38
2024-12-09,1032,92.81,96.47,103.48,97.59
2024-12-10,1032,97.68,99.91,97.81,98.47
2024-12-11,1032,99.44,108.97,101.6,103.34
2024-12-12,1032,97.01,107.96,119.08,108.02
2024-12-13,1032,94.94,103.27,111.44,103.22
2024-12-14,1032,104.41,108.75,105.97,106.38
2024-12-15,1032,108.17,109.9,115.77,111.28
2024-12-16,1032,114.35,105.62,93.9,104.62
2024-12-17,1032,92.7,103.01,91.68,95.8
2024-12-18,1032,105.71,110.93,110.58,109.07
2024-12-19,1032,98.97,105.72,110.28,104.99
2024-12-20,1032,100.14,103.31,88.99,97.48
2024-12-21,1032,108.88,98.7,105.94,104.51
2024-12-22,1032,99.6,102.31,100.52,100.81
2024-12-23,1032,107.12,103.91,93.47,101.5
2024-12-24,1032,104.56,96.85,117.25,106.22
2024-12-25,1032,94.44,108.67,96.74,99.95
2024-12-26,1032,105.2,110.19,95.56,103.65
2024-12-27,1032,96.84,110.5,105.89,104.41
2024-12-28,1032,106.5,98.99,110.17,105.22
2024-12-29,1032,106.4,110.97,112.66,110.01
2024-12-30,1032,113.82,101.37,94.38,103.19
2024-01-01,1033,38.85,43.49,46.62,42.99
2024-01-02,1033,42.78,40.19,43.19,42.05
2024-01-03,1033,40.49,45.08,40.89,42.15
2024-01-04,1033,45.98,43.94,38.12,42.68
2024-01-05,1033,46.12,44.45,47.21,45.93
2024-01-06,1033,38.98,40.35,40.8,40.04
2024-01-07,1033,42.27,46.35,43.55,44.06
2024-01-08,1033,43.36,45.56,42.45,43.79
2024-01-09,1033,47.4,43.12,43.63,44.72
2024-01-10,1033,47.01,40.38,47.23,44.87
2024-01-11,1033,42.61,41.14,48.46,44.07
2024-01-12,1033,47.37,40.6,46.45,44.81
2024-01-13,1033,46.0,44.94,49.14,46.69
2024-01-14,1033,46.43,40.8,49.27,45.5
2024-01-15,1033,41.6,41.12,38.27,40.33
2024-01-16,1033,43.45,43.24,41.21,42.63
2024-01-17,1033,38.6,42.27,47.1,42.66
2024-01-18,1033,47.87,44.41,40.9,44.39
2024-01-19,1033,42.79,45.95,49.9,46.21
2024-01-20,1033,43.79,46.68,45.75,45.41
2024-01-21,1033,44.16,46.26,41.95,44.12
2024-01-22,1033,41.96,43.37,38.29,41.21
2024-01-23,1033,42.19,46.84,46.31,45.11
2024-01-24,1033,44.92,42.2,49.16,45.43
2024-01-25,1033,40.47,44.32,47.96,44.25
2024-01-26,1033,39.73,44.02,37.28,40.34
2024-01-27,1033,38.76,44.9,44.52,42.73
2024-01-28,1033,45.27,43.75,49.1,46.04
2024-01-29,1033,47.09,46.53,40.47,44.7
2024-01-30,1033,38.53,46.8,39.97,41.77
2024-01-31,1033,38.82,41.97,45.0,41.93
2024-02-01,1033,46.82,41.27,41.88,43.32
2024-02-02,1033,41.3,42.21,41.24,41.58
2024-02-03,1033,38.49,42.36,42.17,41.01
2024-02-04,1033,44.37,40.41,39.54,41.44
2024-02-05,1033,39.26,45.61,39.54,41.47
2024-02-06,1033,44.99,45.5,47.68,46.06
2024-02-07,1033,46.17,40.36,43.77,43.43
2024-02-08,1033,46.06,40.24,48.65,44.98
2024-02-09,1033,41.22,43.51,47.01,43.91
2024-02-10,1033,41.48,45.23,46.02,44.24
2024-02-11,1033,44.65,40.32,38.03,41.0
2024-02-12,1033,45.78,45.48,46.33,45.86
2024-02-13,1033,40.84,41.85,47.27,43.32
2024-02-14,1033,39.66,46.32,46.09,44.02
2024-02-15,1033,46.5,41.34,43.69,43.84
2024-02-16,1033,39.78,43.24,45.37,42.8
2024-02-17,1033,43.47,44.32,48.19,45.33
2024-02-18,1033,46.94,45.9,37.17,43.34
2024-02-19,1033,44.85,42.23,41.27,42.78
2024-02-20,1033,42.54,41.07,37.13,40.25
2024-02-21,1033,47.51,43.78,45.49,45.59
2024-02-22,1033,41.94,44.57,48.79,45.1
2024-02-23,1033,47.07,44.73,47.9,46.57
2024-02-24,1033,39.94,46.56,37.48,41.33
2024-02-25,1033,42.47,42.89,37.92,41.09
2024-02-26,1033,38.87,40.69,46.15,41.9
2024-02-27,1033,44.65,40.88,48.94,44.82
2024-02-28,1033,40.2,40.31,44.76,41.76
2024-02-29,1033,42.89,43.28,48.17,44.78
2024-03-01,1033,42.34,44.79,37.7,41.61
2024-03-02,1033,47.68,45.36,39.07,44.04
2024-03-03,1033,43.38,42.58,41.97,42.64
2024-03-04,1033,45.36,44.35,40.56,43.42
2024-03-05,1033,40.68,45.26,47.62,44.52
2024-03-06,1033,41.86,40.59,44.95,42.47
2024-03-07,1033,41.78,44.77,44.27,43.61
2024-03-08,1033,39.01,42.15,48.43,43.2
2024-03-09,1033,40.11,43.95,40.5,41.52
2024-03-10,1033,41.8,40.76,44.73,42.43
2024-03-11,1033,38.54,43.04,46.83,42.8
2024-03-12,1033,45.89,42.66,39.05,42.53
2024-03-13,1033,46.11,42.27,49.34,45.91
2024-03-14,1033,44.61,47.06,43.13,44.93
2024-03-15,1033,38.44,42.11,38.36,39.64
2024-03-16,1033,39.27,43.03,43.76,42.02
2024-03-17,1033,39.19,43.49,39.15,40.61
2024-03-18,1033,45.28,40.62,43.71,43.2
2024-03-19,1033,46.61,41.53,40.79,42.98
2024-03-20,1033,40.77,42.75,46.03,43.18
2024-03-21,1033,47.8,44.02,43.37,45.06
2024-03-22,1033,43.56,45.71,42.26,43.84
2024-03-23,1033,40.86,41.78,41.76,41.47
2024-03-24,1033,40.57,46.18,44.45,43.73
2024-03-25,1033,45.77,42.62,47.05,45.15
2024-03-26,1033,41.43,41.55,40.36,41.11
2024-03-27,1033,42.25,40.11,48.24,43.53
2024-03-28,1033,47.62,46.65,38.29,44.19
2024-03-29,1033,40.01,40.99,40.44,40.48
2024-03-30,1033,45.83,40.51,47.33,44.56
2024-03-31,1033,41.4,41.99,41.08,41.49
2024-04-01,1033,46.03,40.73,44.82,43.86
2024-04-02,1033,44.44,43.66,41.38,43.16
2024-04-03,1033,41.32,42.46,46.42,43.4
2024-04-04,1033,45.51,46.76,38.32,43.53
2024-04-05,1033,46.26,42.09,41.39,43.25
2024-04-06,1033,42.19,44.73,49.55,45.49
2024-04-07,1033,47.39,46.2,46.57,46.72
2024-04-08,1033,43.17,43.6,37.16,41.31
2024-04-09,1033,43.67,45.4,49.46,46.18
2024-04-10,1033,44.36,40.79,45.17,43.44
2024-04-11,1033,41.72,41.1,40.13,40.98
2024-04-12,1033,43.54,42.35,47.98,44.62
2024-04-13,1033,45.24,41.29,46.75,44.43
2024-04-14,1033,40.63,46.03,39.31,41.99
2024-04-15,1033,41.11,44.02,48.27,44.47
2024-04-16,1033,46.59,44.25,40.08,43.64
2024-04-17,1033,44.88,45.14,48.75,46.26
2024-04-18,1033,38.66,45.32,49.79,44.59
2024-04-19,1033,45.72,44.55,49.1,46.46
2024-04-20,1033,38.72,46.37,40.47,41.85
2024-04-21,1033,40.78,43.47,45.68,43.31
2024-04-22,1033,43.53,46.78,49.62,46.64
2024-04-23,1033,45.27,44.65,38.52,42.81
2024-04-24,1033,40.28,42.52,39.71,40.84
2024-04-25,1033,39.97,45.4,41.8,42.39
2024-04-26,1033,42.88,46.24,45.37,44.83
2024-04-27,1033,47.3,41.16,46.64,45.03
2024-04-28,1033,45.8,46.4,38.63,43.61
2024-04-29,1033,43.15,44.8,42.81,43.59
2024-04-30,1033,43.75,41.21,46.42,43.79
2024-05-01,1033,47.18,46.37,44.9,46.15
2024-05-02,1033,44.61,45.06,39.15,42.94
2024-05-03,1033,44.17,43.8,44.77,44.25
2024-05-04,1033,47.9,46.94,43.9,46.25
2024-05-05,1033,38.9,44.36,43.3,42.19
2024-05-06,1033,46.72,40.59,44.16,43.82
2024-05-07,1033,45.44,43.92,47.07,45.48
2024-05-08,1033,39.2,44.1,47.33,43.54
2024-05-09,1033,41.44,44.47,42.43,42.78
2024-05-10,1033,41.38,44.59,48.46,44.81
2024-05-11,1033,38.69,44.85,50.08,44.54
2024-05-12,1033,42.85,41.66,46.09,43.53
2024-05-13,1033,41.74,42.88,39.87,41.5
2024-05-14,1033,41.25,44.99,45.16,43.8
2024-05-15,1033,46.61,40.18,46.4,44.4
2024-05-16,1033,43.22,40.68,49.88,44.59
2024-05-17,1033,42.38,46.68,40.87,43.31
2024-05-18,1033,41.52,44.95,43.6,43.36
2024-05-19,1033,47.23,40.86,46.07,44.72
2024-05-20,1033,38.63,42.42,47.37,42.81
2024-05-21,1033,42.16,47.02,41.83,43.67
2024-05-22,1033,40.44,42.44,39.56,40.81
2024-05-23,1033,39.76,43.6,37.51,40.29
2024-05-24,1033,41.79,41.05,41.03,41.29
2024-05-25,1033,42.03,45.59,40.45,42.69
2024-05-26,1033,40.02,41.55,43.1,41.56
2024-05-27,1033,42.0,42.19,41.23,41.81
2024-05-28,1033,38.58,44.45,48.65,43.89
2024-05-29,1033,43.97,42.45,38.84,41.75
2024-05-30,1033,45.68,43.81,47.31,45.6
2024-05-31,1033,41.31,40.94,44.02,42.09
2024-06-01,1033,43.29,43.24,43.02,43.18
2024-06-02,1033,43.11,45.29,38.87,42.42
2024-06-03,1033,42.02,43.92,46.34,44.09
2024-06-04,1033,46.26,46.99,39.88,44.38
2024-06-05,1033,42.64,46.32,48.94,45.97
2024-06-06,1033,46.52,43.52,40.81,43.62
2024-06-07,1033,44.2,43.08,42.94,43.41
2024-06-08,1033,39.95,45.32,46.17,43.81
2024-06-09,1033,39.58,46.92,39.51,42.0
2024-06-10,1033,39.7,41.28,48.5,43.16
2024-06-11,1033,46.58,46.88,39.79,44.42
2024-06-12,1033,40.15,44.14,44.01,42.77
2024-06-13,1033,46.51,41.99,44.3,44.27
2024-06-14,1033,38.55,44.27,49.76,44.19
2024-06-15,1033,45.22,42.17,46.9,44.76
2024-06-16,1033,38.37,42.22,39.73,40.11
2024-06-17,1033,38.7,43.8,48.48,43.66
2024-06-18,1033,40.06,42.79,41.37,41.41
2024-06-19,1033,40.64,40.57,48.25,43.15
2024-06-20,1033,44.99,46.56,37.35,42.97
2024-06-21,1033,43.96,44.94,44.57,44.49
2024-06-22,1033,47.18,40.36,42.45,43.33
2024-06-23,1033,38.83,43.39,49.8,44.01
2024-06-24,1033,40.23,44.12,42.1,42.15
2024-06-25,1033,47.68,42.79,45.42,45.3
2024-06-26,1033,38.75,45.49,42.2,42.15
2024-06-27,1033,39.17,41.97,48.24,43.13
2024-06-28,1033,38.81,46.51,38.83,41.38
2024-06-29,1033,43.12,45.79,40.53,43.15
2024-06-30,1033,47.76,40.17,43.63,43.85
2024-07-01,1033,45.5,40.61,43.08,43.06
2024-07-02,1033,39.09,40.43,41.04,40.19
2024-07-03,1033,38.39,42.08,37.27,39.25
2024-07-04,1033,45.63,45.7,48.94,46.76
2024-07-05,1033,45.33,43.84,49.52,46.23
2024-07-06,1033,40.29,41.54,48.82,43.55
2024-07-07,1033,44.94,45.41,37.39,42.58
2024-07-08,1033,43.05,44.91,46.93,44.96
2024-07-09,1033,45.3,40.47,41.51,42.43
2024-07-10,1033,47.08,42.25,45.37,44.9
2024-07-11,1033,47.85,41.32,39.51,42.89
2024-07-12,1033,47.73,40.59,38.27,42.2
2024-07-13,1033,38.72,41.2,46.24,42.05
2024-07-14,1033,47.28,41.87,48.64,45.93
2024-07-15,1033,42.3,42.03,47.6,43.98
2024-07-16,1033,43.79,41.83,49.9,45.17
2024-07-17,1033,42.4,42.6,48.58,44.53
2024-07-18,1033,40.27,41.79,45.75,42.6
2024-07-19,1033,39.4,46.95,48.48,44.94
2024-07-20,1033,43.27,43.28,49.95,45.5
2024-07-21,1033,47.63,42.67,42.25,44.18
2024-07-22,1033,41.17,46.7,40.74,42.87
2024-07-23,1033,39.05,45.76,42.93,42.58
2024-07-24,1033,44.21,41.93,40.15,42.1
2024-07-25,1033,44.51,45.83,46.55,45.63
2024-07-26,1033,38.6,46.46,44.34,43.13
2024-07-27,1033,44.67,44.17,39.5,42.78
2024-07-28,1033,41.2,43.64,40.38,41.74
2024-07-29,1033,45.37,41.58,46.91,44.62
2024-07-30,1033,47.66,46.25,44.41,46.11
2024-07-31,1033,47.17,46.34,46.74,46.75
2024-08-01,1033,40.78,41.41,46.97,43.05
2024-08-02,1033,39.92,41.62,49.63,43.72
2024-08-03,1033,43.19,43.84,40.84,42.62
2024-08-04,1033,42.86,41.88,45.32,43.35
2024-08-05,1033,40.17,45.39,41.24,42.27
2024-08-06,1033,44.67,42.88,37.97,41.84
2024-08-07,1033,45.39,46.69,41.05,44.38
2024-08-08,1033,41.36,43.24,43.91,42.84
2024-08-09,1033,42.81,45.3,38.71,42.27
2024-08-10,1033,44.98,46.42,48.67,46.69
2024-08-11,1033,40.98,42.1,38.12,40.4
2024-08-12,1033,38.43,40.42,46.18,41.68
2024-08-13,1033,42.2,43.19,37.93,41.11
2024-08-14,1033,40.6,45.49,46.27,44.12
2024-08-15,1033,45.14,43.91,45.91,44.99
2024-08-16,1033,40.44,42.92,37.22,40.19
2024-08-17,1033,38.84,43.05,47.71,43.2
2024-08-18,1033,43.57,44.1,46.97,44.88
2024-08-19,1033,38.39,40.11,49.82,42.77
2024-08-20,1033,45.37,44.15,43.1,44.21
2024-08-21,1033,45.1,40.96,42.74,42.93
2024-08-22,1033,46.73,46.12,41.73,44.86
2024-08-23,1033,46.85,40.71,37.56,41.71
2024-08-24,1033,42.27,46.26,40.11,42.88
2024-08-25,1033,44.35,43.16,48.09,45.2
2024-08-26,1033,46.38,42.5,45.17,44.68
2024-08-27,1033,42.64,42.29,38.73,41.22
2024-08-28,1033,39.87,41.31,37.43,39.54
2024-08-29,1033,39.76,46.5,39.65,41.97
2024-08-30,1033,40.2,40.52,46.88,42.53
2024-08-31,1033,42.84,40.36,41.68,41.63
2024-09-01,1033,45.4,46.35,38.88,43.54
2024-09-02,1033,46.27,42.65,37.95,42.29
2024-09-03,1033,45.69,40.98,44.31,43.66
2024-09-04,1033,47.32,40.1,41.67,43.03
2024-09-05,1033,46.19,44.9,43.95,45.01
2024-09-06,1033,40.89,42.43,49.5,44.27
2024-09-07,1033,45.23,46.38,38.23,43.28
2024-09-08,1033,41.59,40.69,37.71,40.0
2024-09-09,1033,43.2,40.85,43.92,42.66
2024-09-10,1033,44.28,45.61,42.84,44.24
2024-09-11,1033,39.55,45.87,47.99,44.47
2024-09-12,1033,43.15,40.83,47.02,43.67
2024-09-13,1033,47.41,43.04,47.37,45.94
2024-09-14,1033,39.54,45.66,47.01,44.07
2024-09-15,1033,45.7,46.95,48.07,46.91
2024-09-16,1033,41.09,40.16,41.24,40.83
2024-09-17,1033,38.83,43.59,38.08,40.17
2024-09-18,1033,47.09,40.47,46.64,44.73
2024-09-19,1033,43.31,43.48,41.6,42.8
2024-09-20,1033,39.09,44.25,46.34,43.23
2024-09-21,1033,46.06,45.89,37.59,43.18
2024-09-22,1033,42.15,43.88,40.51,42.18
2024-09-23,1033,39.8,42.68,40.98,41.15
2024-09-24,1033,46.39,41.78,45.67,44.61
2024-09-25,1033,47.39,44.51,38.41,43.44
2024-09-26,1033,46.86,41.82,47.59,45.42
2024-09-27,1033,47.1,42.16,38.11,42.46
2024-09-28,1033,45.33,44.21,41.57,43.7
2024-09-29,1033,47.14,42.51,47.02,45.56
2024-09-30,1033,38.65,42.15,38.26,39.69
2024-10-01,1033,41.79,46.94,40.23,42.99
2024-10-02,1033,41.56,41.51,45.32,42.8
2024-10-03,1033,47.64,41.68,38.73,42.68
2024-10-04,1033,41.24,46.86,47.23,45.11
2024-10-05,1033,41.27,42.93,43.88,42.69
2024-10-06,1033,42.79,42.11,41.21,42.04
2024-10-07,1033,43.01,41.51,48.49,44.34
2024-10-08,1033,41.87,43.87,42.98,42.91
2024-10-09,1033,38.87,43.38,40.47,40.91
2024-10-10,1033,39.99,41.89,43.67,41.85
2024-10-11,1033,41.03,42.76,42.35,42.05
2024-10-12,1033,39.77,43.73,45.86,43.12
2024-10-13,1033,39.56,46.97,43.14,43.22
2024-10-14,1033,42.84,42.52,39.84,41.73
2024-10-15,1033,41.26,46.91,41.36,43.18
2024-10-16,1033,42.3,41.74,46.15,43.4
2024-10-17,1033,46.35,42.08,46.89,45.11
2024-10-18,1033,41.86,43.17,47.32,44.12
2024-10-19,1033,39.89,42.88,38.17,40.31
2024-10-20,1033,40.8,40.8,43.86,41.82
2024-10-21,1033,40.62,42.08,48.31,43.67
2024-10-22,1033,45.15,41.17,37.83,41.38
2024-10-23,1033,44.15,43.47,46.51,44.71
2024-10-24,1033,43.4,43.12,37.53,41.35
2024-10-25,1033,42.4,43.05,37.64,41.03
2024-10-26,1033,46.15,40.84,48.81,45.27
2024-10-27,1033,43.15,45.91,46.86,45.31
2024-10-28,1033,42.91,45.53,37.93,42.12
2024-10-29,1033,47.13,46.78,38.14,44.02
2024-10-30,1033,41.63,43.24,38.68,41.18
2024-10-31,1033,38.53,44.28,41.21,41.34
2024-11-01,1033,45.14,40.89,40.52,42.18
2024-11-02,1033,41.79,46.19,37.48,41.82
2024-11-03,1033,41.88,41.49,37.54,40.3
2024-11-04,1033,47.48,44.44,42.13,44.68
2024-11-05,1033,41.87,41.34,47.45,43.55
2024-11-06,1033,46.04,43.02,46.73,45.26
2024-11-07,1033,43.3,46.13,48.23,45.89
2024-11-08,1033,38.45,42.26,49.98,43.56
2024-11-09,1033,45.65,44.42,44.7,44.92
2024-11-10,1033,46.7,42.84,48.03,45.86
2024-11-11,1033,38.71,41.13,41.16,40.33
2024-11-12,1033,38.75,42.36,48.16,43.09
2024-11-13,1033,43.04,46.63,42.65,44.11
2024-11-14,1033,46.83,42.4,45.79,45.01
2024-11-15,1033,39.88,43.08,38.67,40.54
2024-11-16,1033,38.93,46.02,41.95,42.3
2024-11-17,1033,43.04,40.21,47.7,43.65
2024-11-18,1033,38.97,43.75,48.92,43.88
2024-11-19,1033,39.3,46.08,40.17,41.85
2024-11-20,1033,42.96,43.29,37.85,41.37
2024-11-21,1033,45.47,43.74,47.67,45.63
2024-11-22,1033,42.2,41.09,38.79,40.69
2024-11-23,1033,44.11,45.2,40.67,43.33
2024-11-24,1033,39.28,45.9,41.53,42.24
2024-11-25,1033,42.91,41.59,39.87,41.46
2024-11-26,1033,41.16,41.3,46.37,42.94
2024-11-27,1033,42.36,42.42,43.44,42.74
2024-11-28,1033,39.05,40.3,42.36,40.57
2024-11-29,1033,41.74,41.92,41.74,41.8
2024-11-30,1033,43.8,46.12,41.89,43.94
2024-12-01,1033,38.57,42.2,42.95,41.24
2024-12-02,1033,42.5,44.04,43.71,43.42
2024-12-03,1033,41.99,40.54,37.77,40.1
2024-12-04,1033,45.68,46.57,46.86,46.37
2024-12-05,1033,40.83,46.77,44.13,43.91
2024-12-06,1033,46.17,41.84,37.58,41.86
2024-12-07,1033,42.32,45.7,47.86,45.29
2024-12-08,1033,45.06,41.92,38.35,41.78
2024-12-09,1033,42.82,40.81,38.46,40.7
2024-12-10,1033,44.54,42.91,42.45,43.3
2024-12-11,1033,43.98,41.39,40.46,41.94
2024-12-12,1033,46.21,45.82,41.44,44.49
2024-12-13,1033,46.28,41.6,40.71,42.86
2024-12-14,1033,41.39,43.84,47.09,44.11
2024-12-15,1033,40.63,46.01,42.03,42.89
2024-12-16,1033,47.09,43.46,39.27,43.27
2024-12-17,1033,42.08,41.34,44.58,42.67
2024-12-18,1033,38.75,40.49,40.06,39.77
2024-12-19,1033,45.04,45.05,45.37,45.15
2024-12-20,1033,43.88,46.1,43.29,44.42
2024-12-21,1033,39.8,46.81,46.24,44.28
2024-12-22,1033,39.29,43.34,45.56,42.73
2024-12-23,1033,46.21,42.01,39.65,42.62
2024-12-24,1033,40.8,42.93,45.83,43.19
2024-12-25,1033,47.45,42.65,46.14,45.41
2024-12-26,1033,46.7,42.32,38.42,42.48
2024-12-27,1033,40.55,46.41,44.91,43.96
2024-12-28,1033,39.67,46.01,40.06,41.91
2024-12-29,1033,44.7,44.91,37.33,42.31
2024-12-30,1033,46.88,44.76,40.52,44.05
2024-01-01,1034,121.88,134.93,132.83,129.88
2024-01-02,1034,136.65,144.08,131.09,137.27
2024-01-03,1034,134.06,124.03,119.9,126.0
2024-01-04,1034,134.61,140.36,132.54,135.84
2024-01-05,1034,139.78,123.33,130.95,131.35
2024-01-06,1034,137.74,138.4,119.85,132.0
2024-01-07,1034,117.97,130.06,117.38,121.8
2024-01-08,1034,125.69,124.93,133.32,127.98
2024-01-09,1034,118.67,124.57,139.61,127.62
2024-01-10,1034,120.36,129.44,134.82,128.21
2024-01-11,1034,131.09,135.87,150.86,139.27
2024-01-12,1034,130.56,132.58,139.89,134.34
2024-01-13,1034,136.74,133.15,130.92,133.6
2024-01-14,1034,135.21,134.08,139.97,136.42
2024-01-15,1034,136.37,127.11,131.95,131.81
2024-01-16,1034,121.49,123.44,120.51,121.81
2024-01-17,1034,136.0,126.1,130.6,130.9
2024-01-18,1034,129.15,144.68,119.49,131.11
2024-01-19,1034,137.05,140.63,150.36,142.68
2024-01-20,1034,138.34,135.33,144.93,139.53
2024-01-21,1034,144.48,139.32,143.76,142.52
2024-01-22,1034,146.56,137.08,147.65,143.76
2024-01-23,1034,137.43,138.87,131.89,136.06
2024-01-24,1034,130.38,127.78,130.62,129.59
2024-01-25,1034,134.9,126.38,131.06,130.78
2024-01-26,1034,123.94,128.11,132.92,128.32
2024-01-27,1034,143.63,139.95,116.1,133.23
2024-01-28,1034,119.68,137.9,129.33,128.97
2024-01-29,1034,127.74,141.72,145.57,138.34
2024-01-30,1034,134.93,128.81,140.68,134.81
2024-01-31,1034,130.95,126.45,146.45,134.62
2024-02-01,1034,119.75,142.67,116.58,126.33
2024-02-02,1034,122.18,126.93,133.17,127.43
2024-02-03,1034,134.6,126.63,117.06,126.1
2024-02-04,1034,136.17,135.74,115.81,129.24
2024-02-05,1034,135.53,123.36,121.89,126.93
2024-02-06,1034,138.63,129.86,137.4,135.3
2024-02-07,1034,130.02,133.11,127.18,130.1
2024-02-08,1034,129.12,127.58,144.35,133.68
2024-02-09,1034,134.25,129.24,148.59,137.36
2024-02-10,1034,123.51,136.74,147.67,135.97
2024-02-11,1034,147.17,123.73,127.21,132.7
2024-02-12,1034,133.87,136.92,126.81,132.53
2024-02-13,1034,127.81,133.54,129.71,130.35
2024-02-14,1034,123.32,130.79,132.91,129.01
2024-02-15,1034,127.03,127.05,148.55,134.21
2024-02-16,1034,147.0,138.19,134.05,139.75
2024-02-17,1034,138.81,125.44,113.99,126.08
2024-02-18,1034,123.27,134.18,134.78,130.74
2024-02-19,1034,120.62,137.53,133.33,130.49
2024-02-20,1034,140.02,137.88,140.01,139.3
2024-02-21,1034,128.99,126.16,144.24,133.13
2024-02-22,1034,140.94,132.58,144.22,139.25
2024-02-23,1034,135.97,130.97,135.83,134.26
2024-02-24,1034,140.81,144.4,126.75,137.32
2024-02-25,1034,118.46,132.01,150.63,133.7
2024-02-26,1034,134.77,127.11,127.14,129.67
2024-02-27,1034,136.62,126.19,140.8,134.54
2024-02-28,1034,121.55,124.26,152.77,132.86
2024-02-29,1034,145.01,127.63,148.83,140.49
2024-03-01,1034,141.74,125.62,124.47,130.61
2024-03-02,1034,120.81,144.26,118.29,127.79
2024-03-03,1034,145.34,130.18,127.22,134.25
2024-03-04,1034,118.78,136.87,123.67,126.44
2024-03-05,1034,140.37,132.59,120.22,131.06
2024-03-06,1034,144.78,132.95,123.75,133.83
2024-03-07,1034,133.67,137.7,120.27,130.55
2024-03-08,1034,141.79,131.83,132.25,135.29
2024-03-09,1034,141.56,123.64,149.07,138.09
2024-03-10,1034,138.72,124.7,121.73,128.38
2024-03-11,1034,122.15,131.39,124.36,125.97
2024-03-12,1034,122.79,127.31,138.01,129.37
2024-03-13,1034,126.38,134.93,129.42,130.24
2024-03-14,1034,141.35,130.3,138.91,136.85
2024-03-15,1034,126.18,126.92,151.65,134.92
2024-03-16,1034,141.74,137.96,136.57,138.76
2024-03-17,1034,121.83,142.2,142.4,135.48
2024-03-18,1034,122.2,132.75,145.37,133.44
2024-03-19,1034,147.15,144.1,129.95,140.4
2024-03-20,1034,142.79,133.08,127.38,134.42
2024-03-21,1034,146.44,135.03,152.76,144.74
2024-03-22,1034,128.24,140.61,151.09,139.98
2024-03-23,1034,146.15,131.29,134.44,137.29
2024-03-24,1034,143.64,136.5,143.61,141.25
2024-03-25,1034,140.6,131.91,128.46,133.66
2024-03-26,1034,123.57,133.37,134.72,130.55
2024-03-27,1034,133.2,132.51,150.67,138.79
2024-03-28,1034,131.59,129.21,152.48,137.76
2024-03-29,1034,123.29,127.05,133.08,127.81
2024-03-30,1034,143.0,144.24,128.14,138.46
2024-03-31,1034,131.15,127.92,121.15,126.74
2024-04-01,1034,145.64,132.47,117.2,131.77
2024-04-02,1034,134.15,138.34,126.25,132.91
2024-04-03,1034,142.23,130.19,129.19,133.87
2024-04-04,1034,125.55,144.63,147.97,139.38
2024-04-05,1034,135.19,123.52,127.79,128.83
2024-04-06,1034,123.17,133.64,129.2,128.67
2024-04-07,1034,126.86,132.04,120.8,126.57
2024-04-08,1034,129.33,142.43,130.74,134.17
2024-04-09,1034,135.74,143.32,125.59,134.88
2024-04-10,1034,120.64,143.62,132.67,132.31
2024-04-11,1034,128.91,130.66,141.74,133.77
2024-04-12,1034,127.39,139.93,126.27,131.2
2024-04-13,1034,126.09,142.74,133.08,133.97
2024-04-14,1034,125.17,139.61,139.98,134.92
2024-04-15,1034,143.61,133.44,128.96,135.34
2024-04-16,1034,129.95,125.82,116.49,124.09
2024-04-17,1034,123.0,125.54,119.63,122.72
2024-04-18,1034,123.59,139.45,121.64,128.23
2024-04-19,1034,131.09,126.9,149.83,135.94
2024-04-20,1034,121.4,141.3,121.28,127.99
2024-04-21,1034,123.49,141.36,129.57,131.47
2024-04-22,1034,138.95,130.62,151.61,140.39
2024-04-23,1034,119.86,139.08,148.04,135.66
2024-04-24,1034,124.55,135.37,121.78,127.23
2024-04-25,1034,126.29,131.3,128.36,128.65
2024-04-26,1034,140.95,137.51,114.93,131.13
2024-04-27,1034,145.02,143.91,132.68,140.54
2024-04-28,1034,125.57,124.83,132.03,127.48
2024-04-29,1034,133.26,139.0,149.89,140.72
2024-04-30,1034,142.89,135.56,144.36,140.94
2024-05-01,1034,122.88,129.39,125.32,125.86
2024-05-02,1034,120.35,131.55,136.23,129.38
2024-05-03,1034,129.1,133.14,150.24,137.49
2024-05-04,1034,131.79,136.98,124.25,131.01
2024-05-05,1034,120.2,127.08,139.62,128.97
2024-05-06,1034,136.06,137.22,116.27,129.85
2024-05-07,1034,129.6,144.33,114.28,129.4
2024-05-08,1034,127.6,126.11,140.73,131.48
2024-05-09,1034,137.16,142.92,123.55,134.54
2024-05-10,1034,142.61,127.79,151.92,140.77
2024-05-11,1034,131.2,134.53,153.96,139.9
2024-05-12,1034,135.15,143.75,141.52,140.14
2024-05-13,1034,140.91,136.93,143.07,140.3
2024-05-14,1034,126.05,136.86,134.92,132.61
2024-05-15,1034,135.48,129.96,148.55,138.0
2024-05-16,1034,137.14,127.31,150.17,138.21
2024-05-17,1034,127.3,143.85,144.13,138.43
2024-05-18,1034,120.32,135.32,133.29,129.64
2024-05-19,1034,129.58,123.35,132.67,128.53
2024-05-20,1034,145.06,140.48,120.22,135.25
2024-05-21,1034,139.33,142.64,149.81,143.93
2024-05-22,1034,122.51,141.26,137.46,133.74
2024-05-23,1034,143.53,136.91,147.98,142.81
2024-05-24,1034,147.16,137.43,153.12,145.9
2024-05-25,1034,122.88,134.31,140.56,132.58
2024-05-26,1034,127.35,144.12,114.14,128.54
2024-05-27,1034,144.16,138.69,136.98,139.94
2024-05-28,1034,130.42,138.25,143.26,137.31
2024-05-29,1034,133.47,125.34,148.1,135.64
2024-05-30,1034,141.07,134.21,118.86,131.38
2024-05-31,1034,141.07,127.46,120.48,129.67
2024-06-01,1034,137.76,136.94,119.07,131.26
2024-06-02,1034,131.38,125.93,142.35,133.22
2024-06-03,1034,130.49,124.3,142.15,132.31
2024-06-04,1034,123.83,136.64,124.93,128.47
2024-06-05,1034,140.79,125.18,149.68,138.55
2024-06-06,1034,144.67,144.07,149.54,146.09
2024-06-07,1034,120.14,134.94,135.17,130.08
2024-06-08,1034,125.55,135.73,132.54,131.27
2024-06-09,1034,144.84,142.46,118.81,135.37
2024-06-10,1034,138.05,136.78,153.82,142.88
2024-06-11,1034,146.75,138.16,139.95,141.62
2024-06-12,1034,129.02,133.22,133.86,132.03
2024-06-13,1034,125.21,126.33,143.43,131.66
2024-06-14,1034,139.21,123.71,127.82,130.25
2024-06-15,1034,124.07,133.25,117.41,124.91
2024-06-16,1034,119.03,136.41,123.24,126.23
2024-06-17,1034,136.09,128.75,149.34,138.06
2024-06-18,1034,123.36,140.39,128.0,130.58
2024-06-19,1034,141.98,133.16,129.1,134.75
2024-06-20,1034,137.37,129.16,151.71,139.41
2024-06-21,1034,126.26,143.21,147.17,138.88
2024-06-22,1034,138.11,128.19,152.77,139.69
2024-06-23,1034,128.4,134.76,144.01,135.72
2024-06-24,1034,131.82,138.61,150.03,140.15
2024-06-25,1034,138.1,131.35,125.19,131.55
2024-06-26,1034,128.14,134.14,152.4,138.23
2024-06-27,1034,121.55,130.22,118.14,123.3
2024-06-28,1034,118.46,133.44,124.47,125.46
2024-06-29,1034,119.57,130.18,125.75,125.17
2024-06-30,1034,126.48,135.48,116.74,126.23
2024-07-01,1034,126.14,129.3,132.6,129.35
2024-07-02,1034,126.19,126.87,129.63,127.56
2024-07-03,1034,143.16,124.38,142.44,136.66
2024-07-04,1034,141.33,138.31,127.31,135.65
2024-07-05,1034,123.24,143.24,135.16,133.88
2024-07-06,1034,134.29,127.33,146.37,136.0
2024-07-07,1034,129.44,135.65,137.68,134.26
2024-07-08,1034,133.56,132.4,125.22,130.39
2024-07-09,1034,145.86,129.23,149.41,141.5
2024-07-10,1034,135.55,141.9,134.57,137.34
2024-07-11,1034,122.98,126.72,147.34,132.35
2024-07-12,1034,126.46,133.61,135.72,131.93
2024-07-13,1034,141.6,135.52,127.86,134.99
2024-07-14,1034,125.11,131.1,126.73,127.65
2024-07-15,1034,130.29,124.86,125.38,126.84
2024-07-16,1034,120.24,132.52,131.9,128.22
2024-07-17,1034,136.02,130.11,118.84,128.32
2024-07-18,1034,128.61,139.67,147.6,138.63
2024-07-19,1034,130.31,130.12,146.81,135.75
2024-07-20,1034,140.37,136.27,139.77,138.8
2024-07-21,1034,133.91,136.4,152.58,140.96
2024-07-22,1034,147.19,131.25,120.41,132.95
2024-07-23,1034,145.07,132.42,119.89,132.46
2024-07-24,1034,128.68,131.05,138.48,132.74
2024-07-25,1034,137.27,123.36,150.34,136.99
2024-07-26,1034,124.13,127.93,147.43,133.16
2024-07-27,1034,125.29,127.82,136.16,129.76
2024-07-28,1034,127.69,138.69,143.51,136.63
2024-07-29,1034,143.53,139.12,120.41,134.35
2024-07-30,1034,133.38,138.67,117.57,129.87
2024-07-31,1034,123.07,131.4,117.21,123.89
2024-08-01,1034,132.34,132.94,132.5,132.59
2024-08-02,1034,121.68,127.21,152.54,133.81
2024-08-03,1034,144.06,132.12,135.12,137.1
2024-08-04,1034,132.81,131.07,115.41,126.43
2024-08-05,1034,121.31,123.65,118.65,121.2
2024-08-06,1034,119.33,142.28,139.09,133.57
2024-08-07,1034,128.85,143.55,150.51,140.97
2024-08-08,1034,124.1,143.69,144.23,137.34
2024-08-09,1034,124.14,127.82,145.66,132.54
2024-08-10,1034,134.8,125.95,127.92,129.56
2024-08-11,1034,132.75,135.19,151.77,139.9
2024-08-12,1034,146.82,127.26,145.22,139.77
2024-08-13,1034,132.28,144.09,120.71,132.36
2024-08-14,1034,139.08,125.42,125.47,129.99
2024-08-15,1034,137.79,124.43,143.22,135.15
2024-08-16,1034,124.56,125.34,132.32,127.41
2024-08-17,1034,146.26,129.6,144.5,140.12
2024-08-18,1034,145.3,143.22,129.8,139.44
2024-08-19,1034,132.48,140.38,115.33,129.4
2024-08-20,1034,131.28,141.56,136.77,136.54
2024-08-21,1034,119.77,139.68,136.81,132.09
2024-08-22,1034,129.73,144.14,119.55,131.14
2024-08-23,1034,133.32,135.01,122.4,130.24
2024-08-24,1034,125.51,129.56,149.26,134.78
2024-08-25,1034,121.44,128.65,130.62,126.9
2024-08-26,1034,145.92,127.97,145.18,139.69
2024-08-27,1034,145.1,127.26,133.63,135.33
2024-08-28,1034,142.42,131.6,129.82,134.61
2024-08-29,1034,127.44,126.59,126.33,126.79
2024-08-30,1034,125.98,131.5,152.47,136.65
2024-08-31,1034,140.07,139.68,152.06,143.94
2024-09-01,1034,131.29,138.32,153.0,140.87
2024-09-02,1034,132.4,132.11,132.19,132.23
2024-09-03,1034,141.57,139.04,130.38,137.0
2024-09-04,1034,122.12,143.7,136.66,134.16
2024-09-05,1034,146.63,142.15,123.46,137.41
2024-09-06,1034,134.97,144.52,152.3,143.93
2024-09-07,1034,140.21,142.05,127.27,136.51
2024-09-08,1034,120.57,143.42,120.15,128.05
2024-09-09,1034,147.02,139.89,147.6,144.84
2024-09-10,1034,136.23,139.0,137.74,137.66
2024-09-11,1034,139.65,141.68,117.73,133.02
2024-09-12,1034,133.03,136.39,147.87,139.1
2024-09-13,1034,145.05,143.99,116.1,135.05
2024-09-14,1034,140.22,137.87,136.57,138.22
2024-09-15,1034,124.93,139.42,145.36,136.57
2024-09-16,1034,139.93,124.42,114.71,126.35
2024-09-17,1034,127.21,126.17,152.82,135.4
2024-09-18,1034,145.88,136.3,115.33,132.5
2024-09-19,1034,141.54,136.17,120.99,132.9
2024-09-20,1034,136.7,141.89,124.34,134.31
2024-09-21,1034,132.87,135.22,125.35,131.15
2024-09-22,1034,125.51,128.36,138.01,130.63
2024-09-23,1034,138.71,127.5,143.85,136.69
2024-09-24,1034,146.75,140.37,127.65,138.26
2024-09-25,1034,131.52,136.43,114.12,127.36
2024-09-26,1034,135.85,129.95,117.86,127.89
2024-09-27,1034,137.02,137.19,135.85,136.69
2024-09-28,1034,127.39,140.81,121.64,129.95
2024-09-29,1034,139.7,138.7,127.42,135.27
2024-09-30,1034,140.6,127.47,146.8,138.29
2024-10-01,1034,143.15,128.0,130.61,133.92
2024-10-02,1034,119.36,136.99,135.3,130.55
2024-10-03,1034,136.82,131.86,147.21,138.63
2024-10-04,1034,120.33,126.76,142.83,129.97
2024-10-05,1034,139.99,138.13,146.6,141.57
2024-10-06,1034,118.02,134.31,137.8,130.04
2024-10-07,1034,134.85,134.85,118.03,129.24
2024-10-08,1034,119.45,130.31,139.82,129.86
2024-10-09,1034,126.58,124.24,130.06,126.96
2024-10-10,1034,134.37,123.9,128.78,129.02
2024-10-11,1034,137.56,127.24,120.06,128.29
2024-10-12,1034,124.86,125.12,130.03,126.67
2024-10-13,1034,118.0,135.19,141.68,131.62
2024-10-14,1034,132.35,125.42,139.75,132.51
2024-10-15,1034,127.58,141.32,151.93,140.28
2024-10-16,1034,138.65,138.43,134.39,137.16
2024-10-17,1034,131.96,124.01,115.99,123.99
2024-10-18,1034,135.25,123.33,139.3,132.63
2024-10-19,1034,118.34,126.6,138.0,127.65
2024-10-20,1034,122.41,142.78,130.39,131.86
2024-10-21,1034,131.76,134.43,144.84,137.01
2024-10-22,1034,126.22,144.11,125.31,131.88
2024-10-23,1034,127.53,125.99,142.34,131.95
2024-10-24,1034,147.16,137.29,142.14,142.2
2024-10-25,1034,118.48,139.78,150.48,136.25
2024-10-26,1034,133.64,129.37,150.89,137.97
2024-10-27,1034,144.01,133.56,137.95,138.51
2024-10-28,1034,124.24,144.66,123.42,130.77
2024-10-29,1034,142.99,143.87,119.55,135.47
2024-10-30,1034,142.15,132.69,122.93,132.59
2024-10-31,1034,147.18,135.13,121.72,134.68
2024-11-01,1034,132.13,138.61,140.41,137.05
2024-11-02,1034,130.91,142.84,137.41,137.05
2024-11-03,1034,124.89,144.55,122.88,130.77
2024-11-04,1034,123.25,141.95,150.0,138.4
2024-11-05,1034,133.53,124.38,151.87,136.59
2024-11-06,1034,120.99,123.95,132.68,125.87
2024-11-07,1034,141.31,123.93,138.48,134.57
2024-11-08,1034,146.18,125.64,126.86,132.89
2024-11-09,1034,126.56,131.57,147.94,135.36
2024-11-10,1034,134.34,137.47,127.91,133.24
2024-11-11,1034,139.88,129.84,149.22,139.65
2024-11-12,1034,133.24,128.91,115.0,125.72
2024-11-13,1034,145.64,125.81,128.94,133.46
2024-11-14,1034,126.7,142.82,150.39,139.97
2024-11-15,1034,120.09,136.06,148.72,134.96
2024-11-16,1034,146.13,139.26,123.89,136.43
2024-11-17,1034,118.46,124.62,148.42,130.5
2024-11-18,1034,127.29,140.96,147.93,138.73
2024-11-19,1034,130.36,135.56,150.69,138.87
2024-11-20,1034,123.84,133.88,141.25,132.99
2024-11-21,1034,140.33,137.4,130.25,135.99
2024-11-22,1034,125.62,143.4,119.41,129.48
2024-11-23,1034,137.36,125.03,150.81,137.73
2024-11-24,1034,143.97,128.49,150.63,141.03
2024-11-25,1034,144.85,134.54,131.58,136.99
2024-11-26,1034,119.71,127.12,114.42,120.42
2024-11-27,1034,118.03,129.78,131.93,126.58
2024-11-28,1034,140.98,132.01,117.83,130.27
2024-11-29,1034,119.6,135.51,133.71,129.61
2024-11-30,1034,135.37,126.99,142.9,135.09
2024-12-01,1034,143.91,133.72,121.6,133.08
2024-12-02,1034,139.42,130.11,125.86,131.8
2024-12-03,1034,143.45,131.56,114.65,129.89
2024-12-04,1034,143.22,135.43,125.7,134.78
2024-12-05,1034,127.21,131.51,135.57,131.43
2024-12-06,1034,124.01,125.16,117.69,122.29
2024-12-07,1034,140.47,133.89,140.9,138.42
2024-12-08,1034,141.79,124.58,125.78,130.72
2024-12-09,1034,140.66,130.37,141.59,137.54
2024-12-10,1034,143.63,136.06,125.15,134.95
2024-12-11,1034,120.95,142.77,131.66,131.79
2024-12-12,1034,143.16,142.2,116.02,133.79
2024-12-13,1034,147.05,139.94,114.03,133.67
2024-12-14,1034,130.17,136.38,150.7,139.08
2024-12-15,1034,127.23,129.24,128.52,128.33
2024-12-16,1034,133.45,139.83,117.66,130.31
2024-12-17,1034,133.67,133.29,131.94,132.97
2024-12-18,1034,132.09,127.59,135.88,131.85
2024-12-19,1034,123.9,128.45,123.84,125.4
2024-12-20,1034,125.64,142.2,126.72,131.52
2024-12-21,1034,146.41,134.73,138.41,139.85
2024-12-22,1034,146.45,126.52,132.27,135.08
2024-12-23,1034,121.06,135.13,118.09,124.76
2024-12-24,1034,144.52,124.39,140.0,136.3
2024-12-25,1034,143.76,144.2,124.08,137.35
2024-12-26,1034,133.74,131.12,143.63,136.16
2024-12-27,1034,139.0,142.18,145.08,142.09
2024-12-28,1034,133.28,139.16,121.95,131.46
2024-12-29,1034,146.62,133.42,144.24,141.43
2024-12-30,1034,133.9,134.83,142.64,137.12
2024-01-01,1035,177.14,161.34,184.99,174.49
2024-01-02,1035,167.84,176.71,157.01,167.19
2024-01-03,1035,154.28,169.22,158.05,160.52
2024-01-04,1035,185.25,179.69,186.73,183.89
2024-01-05,1035,161.68,181.29,179.55,174.17
2024-01-06,1035,156.18,182.12,150.07,162.79
2024-01-07,1035,175.23,187.9,152.79,171.97
2024-01-08,1035,184.82,179.46,190.26,184.85
2024-01-09,1035,176.99,185.35,176.84,179.73
2024-01-10,1035,176.12,177.74,187.42,180.43
2024-01-11,1035,175.58,168.55,152.62,165.58
2024-01-12,1035,177.49,187.79,152.63,172.64
2024-01-13,1035,156.99,183.45,148.07,162.84
2024-01-14,1035,188.61,184.34,176.25,183.07
2024-01-15,1035,158.46,170.54,176.14,168.38
2024-01-16,1035,178.77,179.19,193.91,183.96
2024-01-17,1035,154.05,166.04,196.67,172.25
2024-01-18,1035,190.61,184.49,151.43,175.51
2024-01-19,1035,161.75,178.9,198.75,179.8
2024-01-20,1035,157.09,180.52,158.75,165.45
2024-01-21,1035,182.04,175.48,196.73,184.75
2024-01-22,1035,189.09,164.51,187.67,180.42
2024-01-23,1035,166.01,174.07,172.45,170.84
2024-01-24,1035,159.01,182.6,198.13,179.91
2024-01-25,1035,153.37,161.27,173.92,162.85
2024-01-26,1035,176.25,187.51,173.85,179.2
2024-01-27,1035,166.29,179.28,179.49,175.02
2024-01-28,1035,166.41,161.48,178.4,168.76
2024-01-29,1035,175.32,176.45,178.8,176.86
2024-01-30,1035,184.75,173.28,176.06,178.03
2024-01-31,1035,181.11,173.43,191.45,182.0
2024-02-01,1035,161.24,184.55,185.59,177.13
2024-02-02,1035,154.62,165.31,179.03,166.32
2024-02-03,1035,176.57,187.14,192.74,185.48
2024-02-04,1035,186.61,187.27,148.71,174.2
2024-02-05,1035,173.52,171.8,196.12,180.48
2024-02-06,1035,179.79,160.78,178.93,173.17
2024-02-07,1035,156.18,161.79,157.33,158.43
2024-02-08,1035,169.91,171.12,185.38,175.47
2024-02-09,1035,167.77,180.53,195.86,181.39
2024-02-10,1035,155.81,169.46,149.22,158.16
2024-02-11,1035,167.42,170.76,181.49,173.22
2024-02-12,1035,185.74,165.88,186.02,179.21
2024-02-13,1035,187.77,185.37,179.68,184.27
2024-02-14,1035,168.92,181.35,187.48,179.25
2024-02-15,1035,183.99,164.59,149.63,166.07
2024-02-16,1035,174.38,180.34,169.32,174.68
2024-02-17,1035,154.94,185.46,150.8,163.73
2024-02-18,1035,188.03,185.14,194.2,189.12
2024-02-19,1035,177.03,185.21,191.85,184.7
2024-02-20,1035,176.97,185.95,158.12,173.68
2024-02-21,1035,174.48,173.72,192.5,180.23
2024-02-22,1035,159.93,182.41,189.11,177.15
2024-02-23,1035,171.67,173.34,199.56,181.52
2024-02-24,1035,164.01,169.54,198.14,177.23
2024-02-25,1035,182.0,167.88,184.72,178.2
2024-02-26,1035,191.07,170.53,186.18,182.59
2024-02-27,1035,166.96,181.79,179.77,176.17
2024-02-28,1035,186.38,166.8,149.33,167.5
2024-02-29,1035,188.35,184.3,159.66,177.44
2024-03-01,1035,181.42,179.43,190.23,183.69
2024-03-02,1035,157.95,180.37,192.01,176.78
2024-03-03,1035,183.4,169.83,168.94,174.06
2024-03-04,1035,189.25,182.7,161.14,177.7
2024-03-05,1035,169.19,160.44,194.41,174.68
2024-03-06,1035,184.16,180.68,181.21,182.02
2024-03-07,1035,177.43,182.23,160.92,173.53
2024-03-08,1035,178.13,162.39,192.64,177.72
2024-03-09,1035,186.12,169.6,156.38,170.7
2024-03-10,1035,177.45,182.43,158.78,172.89
2024-03-11,1035,164.64,168.04,159.55,164.08
2024-03-12,1035,157.12,184.27,174.02,171.8
2024-03-13,1035,164.94,186.84,152.43,168.07
2024-03-14,1035,168.91,172.75,195.84,179.17
2024-03-15,1035,189.75,174.03,169.39,177.72
2024-03-16,1035,189.29,171.32,184.44,181.68
2024-03-17,1035,189.03,167.71,153.54,170.09
2024-03-18,1035,163.71,178.04,166.35,169.37
2024-03-19,1035,172.35,169.95,151.87,164.72
2024-03-20,1035,189.8,162.38,189.72,180.63
2024-03-21,1035,166.38,163.43,180.03,169.95
2024-03-22,1035,154.11,184.88,184.52,174.5
2024-03-23,1035,187.4,171.93,194.96,184.76
2024-03-24,1035,179.08,175.69,151.28,168.68
2024-03-25,1035,181.11,180.22,171.24,177.52
2024-03-26,1035,188.75,166.15,181.01,178.64
2024-03-27,1035,157.04,187.84,179.97,174.95
2024-03-28,1035,179.51,179.68,162.42,173.87
2024-03-29,1035,177.61,160.72,165.16,167.83
2024-03-30,1035,157.04,161.9,181.0,166.65
2024-03-31,1035,155.58,180.81,188.12,174.84
2024-04-01,1035,182.91,176.33,173.74,177.66
2024-04-02,1035,164.46,179.3,196.48,180.08
2024-04-03,1035,171.6,177.73,148.14,165.82
2024-04-04,1035,187.52,161.38,177.82,175.57
2024-04-05,1035,171.84,171.0,180.67,174.5
2024-04-06,1035,176.95,176.06,198.05,183.69
2024-04-07,1035,173.92,180.42,190.06,181.47
2024-04-08,1035,158.46,172.24,197.09,175.93
2024-04-09,1035,158.88,171.22,159.82,163.31
2024-04-10,1035,187.31,163.32,188.21,179.61
2024-04-11,1035,191.47,162.16,149.25,167.63
2024-04-12,1035,154.05,166.45,179.57,166.69
2024-04-13,1035,155.29,175.83,177.41,169.51
2024-04-14,1035,172.43,176.99,159.67,169.7
2024-04-15,1035,191.25,176.87,193.05,187.06
2024-04-16,1035,180.99,166.18,163.63,170.27
2024-04-17,1035,162.91,178.55,195.42,178.96
2024-04-18,1035,175.56,163.78,152.77,164.04
2024-04-19,1035,187.93,171.3,163.08,174.1
2024-04-20,1035,184.69,169.56,181.43,178.56
2024-04-21,1035,176.35,181.33,188.12,181.93
2024-04-22,1035,183.21,167.53,195.9,182.21
2024-04-23,1035,164.67,163.18,153.31,160.39
2024-04-24,1035,163.38,166.44,177.42,169.08
2024-04-25,1035,158.58,186.13,170.41,171.71
2024-04-26,1035,159.13,168.53,180.98,169.55
2024-04-27,1035,183.54,185.64,168.51,179.23
2024-04-28,1035,187.64,160.55,173.48,173.89
2024-04-29,1035,172.34,175.67,180.41,176.14
2024-04-30,1035,173.1,167.87,199.47,180.15
2024-05-01,1035,163.58,185.89,182.48,177.32
2024-05-02,1035,187.77,171.44,177.51,178.91
2024-05-03,1035,168.9,182.35,184.56,178.6
2024-05-04,1035,185.71,161.07,196.12,180.97
2024-05-05,1035,174.91,171.29,149.7,165.3
2024-05-06,1035,170.38,171.78,153.16,165.11
2024-05-07,1035,156.26,162.1,173.74,164.03
2024-05-08,1035,165.76,182.45,193.47,180.56
2024-05-09,1035,185.1,187.39,164.81,179.1
2024-05-10,1035,163.38,179.25,172.22,171.62
2024-05-11,1035,186.5,184.73,151.97,174.4
2024-05-12,1035,178.05,185.54,161.65,175.08
2024-05-13,1035,181.46,171.63,192.39,181.83
2024-05-14,1035,154.79,174.44,186.7,171.98
2024-05-15,1035,164.21,160.57,185.44,170.07
2024-05-16,1035,162.27,187.89,175.84,175.33
2024-05-17,1035,168.99,177.17,197.76,181.31
2024-05-18,1035,164.88,180.16,153.24,166.09
2024-05-19,1035,164.85,186.95,156.16,169.32
2024-05-20,1035,190.86,179.51,154.02,174.8
2024-05-21,1035,191.3,177.77,175.85,181.64
2024-05-22,1035,181.32,162.43,154.88,166.21
2024-05-23,1035,165.2,166.21,196.39,175.93
2024-05-24,1035,188.04,179.3,149.75,172.36
2024-05-25,1035,187.99,187.13,200.1,191.74
2024-05-26,1035,185.24,169.16,170.81,175.07
2024-05-27,1035,156.06,160.84,175.6,164.17
2024-05-28,1035,184.94,184.99,155.36,175.1
2024-05-29,1035,180.6,174.39,173.56,176.18
2024-05-30,1035,190.02,169.74,178.96,179.57
2024-05-31,1035,169.54,177.08,167.51,171.38
2024-06-01,1035,158.64,178.86,198.05,178.52
2024-06-02,1035,185.54,174.33,196.3,185.39
2024-06-03,1035,176.94,164.98,168.29,170.07
2024-06-04,1035,175.78,180.97,153.57,170.11
2024-06-05,1035,183.64,162.05,159.82,168.5
2024-06-06,1035,168.67,165.79,171.54,168.67
2024-06-07,1035,158.03,180.16,148.29,162.16
2024-06-08,1035,171.24,164.06,188.0,174.43
2024-06-09,1035,182.92,180.9,187.47,183.76
2024-06-10,1035,186.18,174.4,185.64,182.07
2024-06-11,1035,163.06,170.61,189.84,174.5
2024-06-12,1035,168.46,187.23,169.74,175.14
2024-06-13,1035,165.15,178.11,190.25,177.84
2024-06-14,1035,186.85,174.85,153.68,171.79
2024-06-15,1035,186.55,164.64,185.21,178.8
2024-06-16,1035,155.2,173.68,168.51,165.8
2024-06-17,1035,171.95,182.77,196.62,183.78
2024-06-18,1035,189.86,187.08,158.0,178.31
2024-06-19,1035,184.79,179.34,172.69,178.94
2024-06-20,1035,161.93,172.19,177.67,170.6
2024-06-21,1035,174.3,168.03,191.79,178.04
2024-06-22,1035,155.48,173.81,155.15,161.48
2024-06-23,1035,182.96,162.06,174.87,173.3
2024-06-24,1035,176.55,173.12,162.67,170.78
2024-06-25,1035,186.63,180.69,194.72,187.35
2024-06-26,1035,180.03,171.32,196.1,182.48
2024-06-27,1035,153.83,176.29,186.83,172.32
2024-06-28,1035,181.77,169.67,170.46,173.97
2024-06-29,1035,157.25,187.02,165.76,170.01
2024-06-30,1035,159.94,172.25,165.93,166.04
2024-07-01,1035,177.87,173.99,190.63,180.83
2024-07-02,1035,157.78,171.57,181.21,170.19
2024-07-03,1035,189.62,180.59,156.05,175.42
2024-07-04,1035,153.67,171.16,181.93,168.92
2024-07-05,1035,162.1,169.62,175.26,168.99
2024-07-06,1035,159.71,168.33,178.23,168.76
2024-07-07,1035,189.46,179.52,190.52,186.5
2024-07-08,1035,165.87,178.65,175.15,173.22
2024-07-09,1035,179.08,180.46,158.31,172.62
2024-07-10,1035,159.97,172.84,193.84,175.55
2024-07-11,1035,161.55,162.03,151.16,158.25
2024-07-12,1035,186.42,169.04,150.15,168.54
2024-07-13,1035,157.37,185.95,195.08,179.47
2024-07-14,1035,170.93,187.62,150.95,169.83
2024-07-15,1035,181.11,163.34,180.87,175.11
2024-07-16,1035,170.68,174.06,169.78,171.51
2024-07-17,1035,191.52,163.49,162.96,172.66
2024-07-18,1035,153.39,185.92,175.81,171.71
2024-07-19,1035,159.02,165.6,172.65,165.76
2024-07-20,1035,183.58,179.81,194.89,186.09
2024-07-21,1035,173.56,165.32,174.82,171.23
2024-07-22,1035,166.61,162.82,179.27,169.57
2024-07-23,1035,156.74,181.05,179.19,172.33
2024-07-24,1035,154.28,182.13,185.74,174.05
2024-07-25,1035,188.5,185.3,195.1,189.63
2024-07-26,1035,157.68,161.67,151.12,156.82
2024-07-27,1035,175.49,176.76,195.45,182.57
2024-07-28,1035,184.64,160.33,148.86,164.61
2024-07-29,1035,183.71,172.71,197.18,184.53
2024-07-30,1035,170.15,187.97,169.47,175.86
2024-07-31,1035,171.92,180.59,150.53,167.68
2024-08-01,1035,183.21,185.76,153.01,173.99
2024-08-02,1035,185.35,186.79,163.61,178.58
2024-08-03,1035,167.8,173.53,189.38,176.9
2024-08-04,1035,161.01,161.73,181.68,168.14
2024-08-05,1035,179.55,172.76,195.4,182.57
2024-08-06,1035,158.28,185.17,168.79,170.75
2024-08-07,1035,153.64,172.82,185.38,170.61
2024-08-08,1035,171.12,183.87,149.92,168.3
2024-08-09,1035,159.62,180.44,148.28,162.78
2024-08-10,1035,157.99,179.35,184.27,173.87
2024-08-11,1035,165.35,187.95,151.87,168.39
2024-08-12,1035,161.87,168.0,178.15,169.34
2024-08-13,1035,185.34,166.96,193.74,182.01
2024-08-14,1035,166.99,169.21,166.55,167.58
2024-08-15,1035,182.38,172.77,162.8,172.65
2024-08-16,1035,170.66,179.64,167.35,172.55
2024-08-17,1035,179.42,181.69,192.56,184.56
2024-08-18,1035,163.77,179.31,160.87,167.98
2024-08-19,1035,182.79,167.76,152.64,167.73
2024-08-20,1035,154.83,164.67,200.07,173.19
2024-08-21,1035,153.7,176.74,165.05,165.16
2024-08-22,1035,190.35,167.72,177.86,178.64
2024-08-23,1035,155.41,179.43,158.26,164.37
2024-08-24,1035,171.22,170.71,160.72,167.55
2024-08-25,1035,162.56,182.12,192.09,178.92
2024-08-26,1035,184.37,163.81,175.5,174.56
2024-08-27,1035,173.23,182.82,189.81,181.95
2024-08-28,1035,154.36,174.84,183.45,170.88
2024-08-29,1035,190.63,168.13,185.31,181.36
2024-08-30,1035,177.19,183.16,163.96,174.77
2024-08-31,1035,178.94,173.41,180.37,177.57
2024-09-01,1035,157.94,168.97,188.85,171.92
2024-09-02,1035,158.38,180.01,183.28,173.89
2024-09-03,1035,187.0,183.36,154.72,175.03
2024-09-04,1035,166.07,184.76,177.3,176.04
2024-09-05,1035,174.48,184.16,153.43,170.69
2024-09-06,1035,161.91,165.25,160.51,162.56
2024-09-07,1035,162.08,167.78,153.24,161.03
2024-09-08,1035,158.87,183.51,192.6,178.33
2024-09-09,1035,181.49,184.49,151.8,172.59
2024-09-10,1035,177.56,160.86,196.56,178.33
2024-09-11,1035,160.35,169.2,187.1,172.22
2024-09-12,1035,184.3,183.86,198.71,188.96
2024-09-13,1035,155.3,174.21,198.14,175.88
2024-09-14,1035,184.96,186.13,184.56,185.22
2024-09-15,1035,172.57,170.41,165.43,169.47
2024-09-16,1035,170.54,175.02,162.49,169.35
2024-09-17,1035,153.31,167.71,200.27,173.76
2024-09-18,1035,174.9,185.37,185.08,181.78
2024-09-19,1035,190.67,175.28,181.75,182.57
2024-09-20,1035,182.7,172.49,174.31,176.5
2024-09-21,1035,171.54,163.76,149.56,161.62
2024-09-22,1035,153.38,170.91,195.82,173.37
2024-09-23,1035,158.01,160.38,193.44,170.61
2024-09-24,1035,162.0,185.81,184.02,177.28
2024-09-25,1035,179.84,181.03,151.9,170.92
2024-09-26,1035,174.95,160.57,159.08,164.87
2024-09-27,1035,179.66,178.65,154.73,171.01
2024-09-28,1035,170.3,182.87,157.54,170.24
2024-09-29,1035,168.6,167.38,161.79,165.92
2024-09-30,1035,165.53,175.2,170.93,170.55
2024-10-01,1035,185.71,163.05,197.4,182.05
2024-10-02,1035,162.98,162.19,177.65,167.61
2024-10-03,1035,181.35,173.3,177.35,177.33
2024-10-04,1035,158.62,170.74,153.01,160.79
2024-10-05,1035,173.98,163.61,148.49,162.03
2024-10-06,1035,168.62,171.11,160.68,166.8
2024-10-07,1035,156.6,166.22,169.25,164.02
2024-10-08,1035,179.18,170.92,155.91,168.67
2024-10-09,1035,159.41,172.02,160.89,164.11
2024-10-10,1035,179.77,182.78,161.38,174.64
2024-10-11,1035,190.07,178.92,164.61,177.87
2024-10-12,1035,167.7,185.21,161.81,171.57
2024-10-13,1035,168.31,181.03,195.61,181.65
2024-10-14,1035,171.97,177.35,172.5,173.94
2024-10-15,1035,168.81,161.38,158.22,162.8
2024-10-16,1035,175.03,175.03,185.88,178.65
2024-10-17,1035,166.51,187.97,193.82,182.77
2024-10-18,1035,174.53,168.71,183.29,175.51
2024-10-19,1035,161.52,177.21,184.35,174.36
2024-10-20,1035,184.87,180.4,183.77,183.01
2024-10-21,1035,163.57,165.33,181.42,170.11
2024-10-22,1035,170.91,164.81,198.09,177.94
2024-10-23,1035,168.06,183.54,163.08,171.56
2024-10-24,1035,188.76,167.86,161.97,172.86
2024-10-25,1035,169.97,183.48,157.04,170.16
2024-10-26,1035,165.26,166.31,165.72,165.76
2024-10-27,1035,179.49,172.79,164.93,172.4
2024-10-28,1035,176.41,180.63,160.05,172.36
2024-10-29,1035,171.37,180.22,188.5,180.03
2024-10-30,1035,155.27,184.08,182.58,173.98
2024-10-31,1035,172.89,170.25,161.01,168.05
2024-11-01,1035,156.45,183.83,179.03,173.1
2024-11-02,1035,186.42,169.16,167.92,174.5
2024-11-03,1035,178.54,172.35,174.19,175.03
2024-11-04,1035,185.14,164.72,159.79,169.88
2024-11-05,1035,172.8,185.38,150.6,169.59
2024-11-06,1035,181.79,173.2,148.84,167.94
2024-11-07,1035,163.26,165.34,197.49,175.36
2024-11-08,1035,162.2,178.25,183.09,174.51
2024-11-09,1035,180.2,186.74,185.94,184.29
2024-11-10,1035,155.87,174.25,175.59,168.57
2024-11-11,1035,186.8,178.75,149.68,171.74
2024-11-12,1035,182.63,165.01,150.44,166.03
2024-11-13,1035,172.27,167.11,197.33,178.9
2024-11-14,1035,171.46,174.65,187.57,177.89
2024-11-15,1035,169.09,181.5,177.1,175.9
2024-11-16,1035,187.93,183.08,190.82,187.28
2024-11-17,1035,190.84,186.73,159.89,179.15
2024-11-18,1035,163.34,165.39,152.28,160.34
2024-11-19,1035,191.3,174.61,166.82,177.58
2024-11-20,1035,158.15,174.12,171.1,167.79
2024-11-21,1035,167.49,173.33,175.16,171.99
2024-11-22,1035,187.97,178.99,172.6,179.85
2024-11-23,1035,173.61,181.04,175.94,176.86
2024-11-24,1035,182.46,181.24,187.25,183.65
2024-11-25,1035,183.13,175.9,188.76,182.6
2024-11-26,1035,165.02,177.0,163.19,168.4
2024-11-27,1035,166.96,187.96,157.94,170.95
2024-11-28,1035,184.31,168.72,156.49,169.84
2024-11-29,1035,181.7,168.34,157.38,169.14
2024-11-30,1035,166.0,181.99,174.81,174.27
2024-12-01,1035,182.01,165.04,190.31,179.12
2024-12-02,1035,161.43,171.27,189.96,174.22
2024-12-03,1035,183.68,163.27,170.3,172.42
2024-12-04,1035,164.65,165.62,155.86,162.04
2024-12-05,1035,166.95,160.72,161.61,163.09
2024-12-06,1035,156.1,178.27,197.99,177.45
2024-12-07,1035,188.51,171.93,182.78,181.07
2024-12-08,1035,172.58,184.93,174.56,177.36
2024-12-09,1035,188.44,178.28,149.09,171.94
2024-12-10,1035,157.66,180.2,164.88,167.58
2024-12-11,1035,162.71,172.42,182.83,172.65
2024-12-12,1035,161.21,184.29,181.91,175.8
2024-12-13,1035,181.47,186.23,179.28,182.33
2024-12-14,1035,161.0,169.89,174.68,168.52
2024-12-15,1035,165.81,183.22,148.86,165.96
2024-12-16,1035,165.0,186.39,167.92,173.1
2024-12-17,1035,155.65,184.81,196.51,178.99
2024-12-18,1035,153.55,181.25,172.73,169.18
2024-12-19,1035,163.67,179.65,163.5,168.94
2024-12-20,1035,179.15,165.53,156.96,167.21
2024-12-21,1035,162.19,166.44,165.18,164.6
2024-12-22,1035,157.85,179.81,176.01,171.22
2024-12-23,1035,162.6,181.98,172.28,172.29
2024-12-24,1035,169.9,182.71,187.18,179.93
2024-12-25,1035,173.15,177.74,193.31,181.4
2024-12-26,1035,177.35,172.14,189.28,179.59
2024-12-27,1035,155.06,164.6,179.35,166.34
2024-12-28,1035,189.91,170.44,177.56,179.3
2024-12-29,1035,179.12,174.54,167.98,173.88
2024-12-30,1035,187.16,165.09,159.51,170.59
2024-01-01,1036,31.76,32.6,34.53,32.96
2024-01-02,1036,30.25,32.34,29.17,30.59
2024-01-03,1036,31.87,28.87,33.34,31.36
2024-01-04,1036,27.69,29.24,29.4,28.78
2024-01-05,1036,32.8,28.96,32.54,31.43
2024-01-06,1036,29.34,30.58,26.38,28.77
2024-01-07,1036,30.29,28.68,33.72,30.9
2024-01-08,1036,27.39,31.89,28.11,29.13
2024-01-09,1036,27.39,29.63,30.05,29.02
2024-01-10,1036,28.97,28.67,31.79,29.81
2024-01-11,1036,32.04,32.09,27.63,30.59
2024-01-12,1036,27.12,32.54,33.28,30.98
2024-01-13,1036,27.06,28.82,26.62,27.5
2024-01-14,1036,28.24,32.05,27.82,29.37
2024-01-15,1036,32.02,31.17,28.35,30.51
2024-01-16,1036,29.75,31.58,27.68,29.67
2024-01-17,1036,29.05,32.1,30.09,30.41
2024-01-18,1036,28.92,29.04,31.3,29.75
2024-01-19,1036,29.22,32.51,34.9,32.21
2024-01-20,1036,33.77,32.18,29.71,31.89
2024-01-21,1036,33.76,28.6,34.34,32.23
2024-01-22,1036,33.39,32.53,29.44,31.79
2024-01-23,1036,33.13,31.19,34.94,33.09
2024-01-24,1036,28.94,30.88,34.11,31.31
2024-01-25,1036,33.61,32.22,29.02,31.62
2024-01-26,1036,31.51,28.32,27.86,29.23
2024-01-27,1036,27.38,28.51,31.2,29.03
2024-01-28,1036,28.28,31.12,26.62,28.67
2024-01-29,1036,33.46,32.09,33.74,33.1
2024-01-30,1036,32.56,31.01,31.19,31.59
2024-01-31,1036,28.05,33.04,32.42,31.17
2024-02-01,1036,31.35,28.73,32.24,30.77
2024-02-02,1036,31.26,30.06,29.62,30.31
2024-02-03,1036,31.46,32.44,27.52,30.47
2024-02-04,1036,30.76,32.33,28.08,30.39
2024-02-05,1036,33.0,32.31,31.34,32.22
2024-02-06,1036,28.4,30.5,32.17,30.36
2024-02-07,1036,29.97,31.92,27.11,29.67
2024-02-08,1036,33.78,30.18,26.88,30.28
2024-02-09,1036,28.99,32.53,30.56,30.69
2024-02-10,1036,29.86,31.89,32.69,31.48
2024-02-11,1036,32.77,31.53,34.93,33.08
2024-02-12,1036,28.04,29.3,33.65,30.33
2024-02-13,1036,28.8,29.37,27.09,28.42
2024-02-14,1036,31.81,31.89,29.52,31.07
2024-02-15,1036,27.78,32.91,31.09,30.59
2024-02-16,1036,32.15,28.8,33.98,31.64
2024-02-17,1036,27.69,31.0,28.8,29.16
2024-02-18,1036,32.46,32.24,34.32,33.01
2024-02-19,1036,33.35,29.73,28.14,30.41
2024-02-20,1036,28.46,32.06,32.1,30.87
2024-02-21,1036,31.55,30.38,28.7,30.21
2024-02-22,1036,27.27,29.55,33.81,30.21
2024-02-23,1036,33.13,29.56,31.44,31.38
2024-02-24,1036,30.06,29.14,28.32,29.17
2024-02-25,1036,33.29,30.1,28.43,30.61
2024-02-26,1036,30.74,31.15,30.24,30.71
2024-02-27,1036,29.63,30.56,31.62,30.6
2024-02-28,1036,31.63,29.73,30.35,30.57
2024-02-29,1036,32.52,30.78,31.81,31.7
2024-03-01,1036,28.33,32.73,32.93,31.33
2024-03-02,1036,30.41,32.31,26.23,29.65
2024-03-03,1036,31.2,29.9,32.36,31.15
2024-03-04,1036,32.81,30.69,26.89,30.13
2024-03-05,1036,27.5,28.61,30.03,28.71
2024-03-06,1036,30.28,29.64,28.13,29.35
2024-03-07,1036,27.58,31.62,31.51,30.24
2024-03-08,1036,33.49,32.96,31.01,32.49
2024-03-09,1036,27.22,30.3,34.49,30.67
2024-03-10,1036,28.1,28.34,35.27,30.57
2024-03-11,1036,30.89,31.93,28.43,30.42
2024-03-12,1036,30.28,29.06,30.81,30.05
2024-03-13,1036,31.28,32.89,31.64,31.94
2024-03-14,1036,31.53,30.1,31.21,30.95
2024-03-15,1036,33.18,29.81,33.42,32.14
2024-03-16,1036,30.16,30.16,31.82,30.71
2024-03-17,1036,27.92,28.52,34.89,30.44
2024-03-18,1036,30.69,29.22,31.89,30.6
2024-03-19,1036,29.55,31.46,31.81,30.94
2024-03-20,1036,31.33,30.9,33.01,31.75
2024-03-21,1036,28.86,29.55,33.62,30.68
2024-03-22,1036,29.25,30.97,28.24,29.49
2024-03-23,1036,33.11,30.09,30.46,31.22
2024-03-24,1036,32.53,30.46,34.59,32.53
2024-03-25,1036,28.61,30.66,29.11,29.46
2024-03-26,1036,28.94,32.39,34.73,32.02
2024-03-27,1036,30.85,32.29,26.52,29.89
2024-03-28,1036,29.72,32.03,28.57,30.11
2024-03-29,1036,31.16,30.83,28.07,30.02
2024-03-30,1036,27.11,30.06,33.78,30.32
2024-03-31,1036,28.58,31.37,33.36,31.1
2024-04-01,1036,27.56,30.75,32.41,30.24
2024-04-02,1036,30.88,29.03,28.6,29.5
2024-04-03,1036,31.33,31.77,31.47,31.52
2024-04-04,1036,32.41,31.09,35.27,32.92
2024-04-05,1036,32.5,32.32,33.66,32.83
2024-04-06,1036,33.33,29.29,34.75,32.46
2024-04-07,1036,32.01,29.72,28.14,29.96
2024-04-08,1036,32.2,30.65,35.13,32.66
2024-04-09,1036,33.58,28.37,27.08,29.68
2024-04-10,1036,32.7,30.06,27.95,30.24
2024-04-11,1036,27.25,32.22,34.93,31.47
2024-04-12,1036,32.57,31.14,35.23,32.98
2024-04-13,1036,31.59,31.47,27.13,30.06
2024-04-14,1036,29.76,30.94,28.31,29.67
2024-04-15,1036,33.03,29.77,34.14,32.31
2024-04-16,1036,28.97,32.24,33.89,31.7
2024-04-17,1036,29.09,31.39,34.95,31.81
2024-04-18,1036,29.09,32.42,32.73,31.41
2024-04-19,1036,30.28,31.64,34.7,32.21
2024-04-20,1036,27.37,28.33,30.66,28.79
2024-04-21,1036,31.72,30.95,28.79,30.49
2024-04-22,1036,30.66,30.47,28.78,29.97
2024-04-23,1036,30.58,30.83,27.9,29.77
2024-04-24,1036,33.1,28.68,26.6,29.46
2024-04-25,1036,30.75,28.63,33.88,31.09
2024-04-26,1036,27.42,29.03,30.83,29.09
2024-04-27,1036,27.95,28.46,35.06,30.49
2024-04-28,1036,29.45,28.47,32.52,30.15
2024-04-29,1036,27.97,31.56,34.34,31.29
2024-04-30,1036,30.63,28.45,33.21,30.76
2024-05-01,1036,32.4,32.18,33.35,32.64
2024-05-02,1036,32.11,28.97,32.68,31.25
2024-05-03,1036,32.63,31.62,26.98,30.41
2024-05-04,1036,31.68,33.06,26.97,30.57
2024-05-05,1036,28.02,31.5,33.48,31.0
2024-05-06,1036,27.66,31.17,33.47,30.77
2024-05-07,1036,29.91,31.25,30.02,30.39
2024-05-08,1036,32.88,29.03,27.25,29.72
2024-05-09,1036,27.13,29.05,27.89,28.02
2024-05-10,1036,27.67,30.92,32.74,30.44
2024-05-11,1036,30.01,31.38,34.42,31.94
2024-05-12,1036,30.89,30.84,30.28,30.67
2024-05-13,1036,27.29,30.62,33.64,30.52
2024-05-14,1036,32.27,32.89,33.96,33.04
2024-05-15,1036,31.03,31.78,32.25,31.69
2024-05-16,1036,32.77,30.25,27.32,30.11
2024-05-17,1036,32.04,29.81,28.54,30.13
2024-05-18,1036,27.61,31.65,33.05,30.77
2024-05-19,1036,29.55,32.89,28.82,30.42
2024-05-20,1036,33.74,30.27,27.76,30.59
2024-05-21,1036,33.01,28.81,31.38,31.07
2024-05-22,1036,32.74,31.18,29.75,31.22
2024-05-23,1036,31.36,30.05,29.07,30.16
2024-05-24,1036,32.96,33.05,33.69,33.23
2024-05-25,1036,28.48,30.0,35.25,31.24
2024-05-26,1036,29.13,30.08,31.62,30.28
2024-05-27,1036,28.71,28.39,27.97,28.36
2024-05-28,1036,30.84,28.89,30.82,30.18
2024-05-29,1036,29.11,28.72,33.82,30.55
2024-05-30,1036,29.15,30.72,30.22,30.03
2024-05-31,1036,30.39,31.6,29.93,30.64
2024-06-01,1036,32.1,30.58,26.15,29.61
2024-06-02,1036,31.44,30.84,31.27,31.18
2024-06-03,1036,27.45,28.37,35.0,30.27
2024-06-04,1036,32.13,31.91,32.08,32.04
2024-06-05,1036,31.96,32.44,27.29,30.56
2024-06-06,1036,31.53,30.21,28.31,30.02
2024-06-07,1036,29.86,29.88,31.0,30.25
2024-06-08,1036,32.11,31.88,33.23,32.41
2024-06-09,1036,32.65,29.11,32.79,31.52
2024-06-10,1036,28.37,30.78,28.11,29.09
2024-06-11,1036,29.16,32.63,28.01,29.93
2024-06-12,1036,33.2,29.82,28.38,30.47
2024-06-13,1036,28.4,29.93,32.69,30.34
2024-06-14,1036,32.15,28.29,30.04,30.16
2024-06-15,1036,32.01,32.16,33.62,32.6
2024-06-16,1036,33.78,30.64,34.25,32.89
2024-06-17,1036,31.02,28.87,26.81,28.9
2024-06-18,1036,33.3,29.9,35.1,32.77
2024-06-19,1036,30.99,33.09,33.93,32.67
2024-06-20,1036,32.57,30.96,27.62,30.38
2024-06-21,1036,28.07,31.7,32.65,30.81
2024-06-22,1036,33.36,31.94,33.37,32.89
2024-06-23,1036,31.03,32.06,26.15,29.75
2024-06-24,1036,29.99,33.09,26.96,30.01
2024-06-25,1036,31.17,31.02,32.94,31.71
2024-06-26,1036,28.33,28.66,29.24,28.74
2024-06-27,1036,27.37,28.54,28.48,28.13
2024-06-28,1036,28.2,29.95,30.21,29.45
2024-06-29,1036,30.24,32.27,35.2,32.57
2024-06-30,1036,31.3,30.65,27.63,29.86
2024-07-01,1036,31.36,29.66,34.84,31.95
2024-07-02,1036,31.2,31.06,28.79,30.35
2024-07-03,1036,32.02,28.86,33.03,31.3
2024-07-04,1036,29.29,33.13,31.55,31.32
2024-07-05,1036,33.68,29.13,31.69,31.5
2024-07-06,1036,33.1,31.21,33.73,32.68
2024-07-07,1036,30.03,32.45,30.04,30.84
2024-07-08,1036,32.48,29.25,31.58,31.1
2024-07-09,1036,31.8,28.4,33.87,31.36
2024-07-10,1036,29.1,29.19,29.7,29.33
2024-07-11,1036,29.74,32.87,29.88,30.83
2024-07-12,1036,27.51,29.98,26.96,28.15
2024-07-13,1036,30.25,30.62,28.45,29.77
2024-07-14,1036,30.87,31.17,28.14,30.06
2024-07-15,1036,32.17,29.83,28.61,30.2
2024-07-16,1036,32.82,29.3,33.22,31.78
2024-07-17,1036,28.95,28.76,31.8,29.84
2024-07-18,1036,31.04,30.09,32.29,31.14
2024-07-19,1036,30.95,30.65,27.29,29.63
2024-07-20,1036,28.61,32.95,34.55,32.04
2024-07-21,1036,33.19,31.95,26.47,30.54
2024-07-22,1036,27.48,28.51,30.38,28.79
2024-07-23,1036,28.15,32.74,33.17,31.35
2024-07-24,1036,31.67,30.59,26.7,29.65
2024-07-25,1036,30.32,32.5,27.19,30.0
2024-07-26,1036,33.75,31.61,35.04,33.47
2024-07-27,1036,33.29,31.34,31.42,32.02
2024-07-28,1036,30.62,30.06,33.98,31.55
2024-07-29,1036,32.69,28.4,28.71,29.93
2024-07-30,1036,29.17,32.98,31.79,31.31
2024-07-31,1036,28.54,31.03,31.11,30.23
2024-08-01,1036,31.77,32.63,35.17,33.19
2024-08-02,1036,30.94,33.07,28.39,30.8
2024-08-03,1036,27.9,30.41,26.83,28.38
2024-08-04,1036,30.32,29.57,30.45,30.11
2024-08-05,1036,27.91,28.75,28.97,28.54
2024-08-06,1036,33.52,30.52,28.99,31.01
2024-08-07,1036,27.1,32.29,27.67,29.02
2024-08-08,1036,27.78,30.64,26.74,28.39
2024-08-09,1036,29.25,31.2,32.71,31.05
2024-08-10,1036,33.11,32.89,27.92,31.31
2024-08-11,1036,33.04,30.35,32.21,31.87
2024-08-12,1036,30.97,30.63,32.5,31.37
2024-08-13,1036,32.84,32.2,28.95,31.33
2024-08-14,1036,29.22,28.47,35.22,30.97
2024-08-15,1036,30.35,30.22,34.88,31.82
2024-08-16,1036,32.4,30.18,27.92,30.17
2024-08-17,1036,27.34,32.49,30.15,29.99
2024-08-18,1036,28.42,29.9,26.76,28.36
2024-08-19,1036,31.68,32.05,27.64,30.46
2024-08-20,1036,29.35,32.08,31.08,30.84
2024-08-21,1036,29.49,30.25,27.27,29.0
2024-08-22,1036,31.85,28.45,34.16,31.49
2024-08-23,1036,28.08,28.92,32.76,29.92
2024-08-24,1036,29.76,33.13,29.25,30.71
2024-08-25,1036,33.64,31.17,28.04,30.95
2024-08-26,1036,32.28,28.64,32.45,31.12
2024-08-27,1036,30.63,33.13,33.05,32.27
2024-08-28,1036,30.7,28.82,34.45,31.32
2024-08-29,1036,29.09,29.35,28.92,29.12
2024-08-30,1036,27.76,28.94,29.6,28.77
2024-08-31,1036,30.9,29.18,26.37,28.82
2024-09-01,1036,32.76,32.11,33.39,32.75
2024-09-02,1036,27.62,32.3,27.0,28.97
2024-09-03,1036,27.39,30.2,29.34,28.98
2024-09-04,1036,27.65,28.45,33.26,29.79
2024-09-05,1036,33.66,30.41,27.92,30.66
2024-09-06,1036,30.43,31.66,30.85,30.98
2024-09-07,1036,28.21,30.62,29.77,29.53
2024-09-08,1036,27.37,28.69,32.36,29.47
2024-09-09,1036,28.09,30.8,33.19,30.69
2024-09-10,1036,27.73,32.54,30.96,30.41
2024-09-11,1036,28.64,29.77,29.97,29.46
2024-09-12,1036,28.67,29.19,27.98,28.61
2024-09-13,1036,29.37,30.65,31.24,30.42
2024-09-14,1036,27.76,29.82,29.92,29.17
2024-09-15,1036,32.79,32.37,33.54,32.9
2024-09-16,1036,28.04,31.86,31.59,30.5
2024-09-17,1036,33.19,31.38,28.65,31.07
2024-09-18,1036,31.83,29.65,27.22,29.57
2024-09-19,1036,28.5,29.07,34.06,30.54
2024-09-20,1036,30.73,32.94,28.22,30.63
2024-09-21,1036,29.86,30.15,34.86,31.62
2024-09-22,1036,32.21,28.99,34.98,32.06
2024-09-23,1036,27.11,31.7,26.62,28.48
2024-09-24,1036,29.59,32.17,32.63,31.46
2024-09-25,1036,30.15,28.42,28.17,28.91
2024-09-26,1036,28.31,28.45,28.83,28.53
2024-09-27,1036,30.91,28.71,30.74,30.12
2024-09-28,1036,33.75,31.7,30.04,31.83
2024-09-29,1036,28.01,32.07,34.58,31.55
2024-09-30,1036,30.67,32.08,30.87,31.21
2024-10-01,1036,30.69,30.5,30.95,30.71
2024-10-02,1036,31.51,32.23,31.55,31.76
2024-10-03,1036,27.85,29.15,33.91,30.3
2024-10-04,1036,32.18,28.87,26.17,29.07
2024-10-05,1036,29.11,33.05,31.34,31.17
2024-10-06,1036,29.72,33.07,35.08,32.62
2024-10-07,1036,32.98,28.76,31.92,31.22
2024-10-08,1036,33.14,32.99,34.47,33.53
2024-10-09,1036,33.49,28.79,31.49,31.26
2024-10-10,1036,33.03,28.92,31.57,31.17
2024-10-11,1036,28.46,31.33,35.22,31.67
2024-10-12,1036,32.15,32.39,30.47,31.67
2024-10-13,1036,31.74,28.93,33.3,31.32
2024-10-14,1036,32.36,32.35,26.33,30.35
2024-10-15,1036,32.44,31.05,29.24,30.91
2024-10-16,1036,30.7,28.97,31.34,30.34
2024-10-17,1036,28.09,30.39,34.21,30.9
2024-10-18,1036,31.29,31.3,26.95,29.85
2024-10-19,1036,29.51,29.84,30.22,29.86
2024-10-20,1036,32.26,30.77,34.16,32.4
2024-10-21,1036,28.75,30.59,31.04,30.13
2024-10-22,1036,28.74,30.95,26.52,28.74
2024-10-23,1036,31.44,29.25,31.26,30.65
2024-10-24,1036,32.76,32.02,31.15,31.98
2024-10-25,1036,30.36,31.45,30.17,30.66
2024-10-26,1036,31.33,29.21,27.39,29.31
2024-10-27,1036,27.97,33.06,33.1,31.38
2024-10-28,1036,27.09,32.41,28.61,29.37
2024-10-29,1036,29.26,31.05,33.89,31.4
2024-10-30,1036,32.9,30.17,30.72,31.26
2024-10-31,1036,31.07,31.1,34.16,32.11
2024-11-01,1036,30.25,31.64,31.29,31.06
2024-11-02,1036,27.46,31.9,34.25,31.2
2024-11-03,1036,30.86,30.42,30.75,30.68
2024-11-04,1036,33.25,30.92,26.77,30.31
2024-11-05,1036,32.34,30.85,32.94,32.04
2024-11-06,1036,29.57,31.31,31.91,30.93
2024-11-07,1036,28.97,28.48,33.38,30.28
2024-11-08,1036,30.29,32.49,28.33,30.37
2024-11-09,1036,27.37,31.65,27.85,28.96
2024-11-10,1036,31.35,28.58,29.25,29.73
2024-11-11,1036,31.71,29.42,27.65,29.59
2024-11-12,1036,33.12,31.64,27.69,30.82
2024-11-13,1036,31.22,31.25,32.13,31.53
2024-11-14,1036,28.05,31.64,34.26,31.32
2024-11-15,1036,33.74,29.53,29.71,30.99
2024-11-16,1036,30.48,29.29,27.3,29.02
2024-11-17,1036,33.04,32.85,34.12,33.34
2024-11-18,1036,27.86,30.0,27.26,28.37
2024-11-19,1036,28.11,31.32,26.32,28.58
2024-11-20,1036,33.78,32.8,27.47,31.35
2024-11-21,1036,30.93,30.89,32.8,31.54
2024-11-22,1036,29.86,30.94,31.23,30.68
2024-11-23,1036,33.71,33.13,27.02,31.29
2024-11-24,1036,29.56,30.66,29.12,29.78
2024-11-25,1036,29.94,31.09,35.04,32.02
2024-11-26,1036,29.19,30.33,32.93,30.82
2024-11-27,1036,32.71,28.78,33.17,31.55
2024-11-28,1036,33.5,29.78,30.07,31.12
2024-11-29,1036,29.26,32.54,26.69,29.5
2024-11-30,1036,32.21,31.69,26.54,30.15
2024-12-01,1036,33.71,33.17,26.58,31.15
2024-12-02,1036,29.23,31.67,27.84,29.58
2024-12-03,1036,31.38,32.28,31.02,31.56
2024-12-04,1036,32.99,28.34,28.02,29.78
2024-12-05,1036,27.7,32.43,27.58,29.24
2024-12-06,1036,30.12,30.54,32.68,31.11
2024-12-07,1036,32.26,28.3,30.76,30.44
2024-12-08,1036,30.79,30.56,30.46,30.6
2024-12-09,1036,32.21,30.28,30.6,31.03
2024-12-10,1036,33.31,28.64,31.81,31.25
2024-12-11,1036,31.63,31.11,30.77,31.17
2024-12-12,1036,32.58,32.84,32.67,32.7
2024-12-13,1036,28.86,30.21,32.93,30.67
2024-12-14,1036,32.16,30.72,29.8,30.89
2024-12-15,1036,27.77,32.29,30.81,30.29
2024-12-16,1036,30.57,31.96,33.18,31.9
2024-12-17,1036,30.88,29.89,29.73,30.17
2024-12-18,1036,32.12,30.27,34.1,32.16
2024-12-19,1036,31.79,28.53,26.73,29.02
2024-12-20,1036,28.31,32.52,35.17,32.0
2024-12-21,1036,27.04,28.78,32.3,29.37
2024-12-22,1036,32.04,30.32,32.18,31.51
2024-12-23,1036,31.33,32.14,27.55,30.34
2024-12-24,1036,29.89,30.85,29.0,29.91
2024-12-25,1036,31.86,32.8,34.06,32.91
2024-12-26,1036,29.74,29.44,28.36,29.18
2024-12-27,1036,31.46,29.7,34.33,31.83
2024-12-28,1036,27.45,28.97,28.06,28.16
2024-12-29,1036,28.4,29.48,31.98,29.95
2024-12-30,1036,30.59,32.64,33.21,32.15
2024-01-01,1037,34.04,30.94,34.13,33.04
2024-01-02,1037,30.05,33.85,35.04,32.98
2024-01-03,1037,32.82,34.48,30.85,32.72
2024-01-04,1037,31.87,35.56,31.56,33.0
2024-01-05,1037,29.74,32.13,29.3,30.39
2024-01-06,1037,29.51,33.31,28.47,30.43
2024-01-07,1037,32.59,34.4,33.9,33.63
2024-01-08,1037,34.53,32.61,37.14,34.76
2024-01-09,1037,33.09,33.17,36.62,34.29
2024-01-10,1037,33.95,32.4,37.53,34.63
2024-01-11,1037,32.04,31.16,33.42,32.21
2024-01-12,1037,31.16,31.41,32.43,31.67
2024-01-13,1037,30.18,32.97,37.25,33.47
2024-01-14,1037,35.85,31.06,35.31,34.07
2024-01-15,1037,29.42,35.57,35.64,33.54
2024-01-16,1037,35.72,30.94,37.07,34.58
2024-01-17,1037,29.84,35.01,37.76,34.2
2024-01-18,1037,36.0,32.49,29.16,32.55
2024-01-19,1037,33.56,32.14,34.21,33.3
2024-01-20,1037,30.48,30.44,30.55,30.49
2024-01-21,1037,32.85,34.04,33.46,33.45
2024-01-22,1037,32.23,32.15,33.44,32.61
2024-01-23,1037,34.48,31.19,32.57,32.75
2024-01-24,1037,32.16,34.5,35.09,33.92
2024-01-25,1037,30.05,32.23,34.94,32.41
2024-01-26,1037,33.09,30.4,31.7,31.73
2024-01-27,1037,29.56,30.67,32.41,30.88
2024-01-28,1037,30.93,35.48,33.11,33.17
2024-01-29,1037,29.33,32.39,36.6,32.77
2024-01-30,1037,34.64,34.31,32.81,33.92
2024-01-31,1037,31.05,32.13,36.07,33.08
2024-02-01,1037,29.72,32.96,34.63,32.44
2024-02-02,1037,35.0,32.7,36.6,34.77
2024-02-03,1037,31.91,32.14,31.91,31.99
2024-02-04,1037,30.65,32.01,33.92,32.19
2024-02-05,1037,30.32,34.83,32.01,32.39
2024-02-06,1037,33.04,31.25,36.22,33.5
2024-02-07,1037,34.8,31.05,37.61,34.49
2024-02-08,1037,32.3,31.33,35.53,33.05
2024-02-09,1037,30.89,31.61,32.56,31.69
2024-02-10,1037,29.49,34.21,33.77,32.49
2024-02-11,1037,33.06,32.3,28.84,31.4
2024-02-12,1037,33.89,31.36,34.6,33.28
2024-02-13,1037,31.44,31.17,37.0,33.2
2024-02-14,1037,29.76,33.95,29.13,30.95
2024-02-15,1037,35.31,32.46,28.19,31.99
2024-02-16,1037,35.26,32.63,32.1,33.33
2024-02-17,1037,33.28,33.87,35.16,34.1
2024-02-18,1037,35.75,32.15,30.16,32.69
2024-02-19,1037,35.05,33.77,28.66,32.49
2024-02-20,1037,30.83,33.63,33.4,32.62
2024-02-21,1037,30.89,35.06,33.38,33.11
2024-02-22,1037,34.76,34.73,34.35,34.61
2024-02-23,1037,29.95,30.78,29.27,30.0
2024-02-24,1037,30.3,31.09,32.44,31.28
2024-02-25,1037,35.2,34.4,28.64,32.75
2024-02-26,1037,34.29,32.9,32.82,33.34
2024-02-27,1037,31.74,33.41,30.08,31.74
2024-02-28,1037,30.54,31.43,30.61,30.86
2024-02-29,1037,30.29,33.99,37.01,33.76
2024-03-01,1037,33.28,32.08,34.15,33.17
2024-03-02,1037,29.18,33.33,31.19,31.23
2024-03-03,1037,34.84,35.22,31.34,33.8
2024-03-04,1037,29.81,30.89,36.12,32.27
2024-03-05,1037,35.49,35.11,29.15,33.25
2024-03-06,1037,34.97,34.15,29.04,32.72
2024-03-07,1037,30.24,34.43,31.12,31.93
2024-03-08,1037,29.63,33.11,31.07,31.27
2024-03-09,1037,33.51,30.88,28.9,31.1
2024-03-10,1037,31.75,31.05,37.33,33.38
2024-03-11,1037,34.6,34.46,36.95,35.34
2024-03-12,1037,33.02,32.37,35.44,33.61
2024-03-13,1037,30.33,32.65,32.31,31.76
2024-03-14,1037,34.94,30.85,28.83,31.54
2024-03-15,1037,33.94,33.65,35.7,34.43
2024-03-16,1037,33.65,33.79,33.91,33.78
2024-03-17,1037,36.1,33.98,32.43,34.17
2024-03-18,1037,31.66,35.49,33.45,33.53
2024-03-19,1037,35.45,33.34,30.69,33.16
2024-03-20,1037,35.7,32.95,28.97,32.54
2024-03-21,1037,30.17,35.19,30.4,31.92
2024-03-22,1037,35.03,34.04,29.25,32.77
2024-03-23,1037,34.2,33.22,31.4,32.94
2024-03-24,1037,30.57,34.11,34.07,32.92
2024-03-25,1037,32.54,34.53,35.76,34.28
2024-03-26,1037,33.95,34.3,35.72,34.66
2024-03-27,1037,29.78,31.34,35.73,32.28
2024-03-28,1037,35.45,32.02,36.4,34.62
2024-03-29,1037,34.81,35.53,36.22,35.52
2024-03-30,1037,35.37,33.36,36.52,35.08
2024-03-31,1037,29.4,33.88,29.17,30.82
2024-04-01,1037,33.11,34.57,30.54,32.74
2024-04-02,1037,35.69,31.87,34.19,33.92
2024-04-03,1037,35.5,35.3,37.23,36.01
2024-04-04,1037,29.72,31.52,30.56,30.6
2024-04-05,1037,31.16,30.82,29.71,30.56
2024-04-06,1037,34.98,34.63,36.99,35.53
2024-04-07,1037,34.12,34.32,33.41,33.95
2024-04-08,1037,33.34,32.87,36.0,34.07
2024-04-09,1037,33.08,35.34,28.86,32.43
2024-04-10,1037,29.79,32.42,33.8,32.0
2024-04-11,1037,32.59,31.85,30.93,31.79
2024-04-12,1037,30.09,34.14,37.54,33.92
2024-04-13,1037,30.76,30.48,36.27,32.5
2024-04-14,1037,35.52,33.17,35.33,34.67
2024-04-15,1037,32.4,31.86,30.97,31.74
2024-04-16,1037,31.9,33.23,35.06,33.4
2024-04-17,1037,36.22,35.29,35.59,35.7
2024-04-18,1037,32.89,33.84,32.12,32.95
2024-04-19,1037,35.6,31.72,31.98,33.1
2024-04-20,1037,35.08,33.86,31.52,33.49
2024-04-21,1037,34.64,30.71,32.26,32.54
2024-04-22,1037,34.48,34.78,34.48,34.58
2024-04-23,1037,33.94,30.51,36.75,33.73
2024-04-24,1037,34.62,31.85,30.73,32.4
2024-04-25,1037,29.83,30.42,30.99,30.41
2024-04-26,1037,32.54,31.67,33.99,32.73
2024-04-27,1037,32.66,30.38,31.19,31.41
2024-04-28,1037,36.0,35.07,35.73,35.6
2024-04-29,1037,31.19,31.07,37.92,33.39
2024-04-30,1037,35.41,31.1,32.68,33.06
2024-05-01,1037,34.12,30.76,33.98,32.95
2024-05-02,1037,32.16,31.92,33.44,32.51
2024-05-03,1037,34.47,33.22,31.66,33.12
2024-05-04,1037,31.09,34.6,34.32,33.34
2024-05-05,1037,35.83,31.86,34.6,34.1
2024-05-06,1037,30.7,31.08,35.69,32.49
2024-05-07,1037,29.1,31.85,31.6,30.85
2024-05-08,1037,33.58,34.51,32.26,33.45
2024-05-09,1037,32.12,32.62,34.08,32.94
2024-05-10,1037,30.75,31.05,34.97,32.26
2024-05-11,1037,32.88,32.28,35.64,33.6
2024-05-12,1037,31.99,31.2,34.67,32.62
2024-05-13,1037,33.26,31.86,33.6,32.91
2024-05-14,1037,29.96,32.15,30.99,31.03
2024-05-15,1037,34.9,31.27,37.02,34.4
2024-05-16,1037,29.13,31.31,37.55,32.66
2024-05-17,1037,35.73,34.09,32.06,33.96
2024-05-18,1037,32.6,32.05,31.6,32.08
2024-05-19,1037,34.96,34.41,35.62,35.0
2024-05-20,1037,33.94,34.92,33.55,34.14
2024-05-21,1037,30.23,34.44,37.3,33.99
2024-05-22,1037,29.26,34.38,33.57,32.4
2024-05-23,1037,34.9,31.69,34.81,33.8
2024-05-24,1037,29.39,34.26,35.9,33.18
2024-05-25,1037,31.51,35.24,35.5,34.08
2024-05-26,1037,31.55,33.67,34.82,33.35
2024-05-27,1037,31.93,30.79,29.01,30.58
2024-05-28,1037,29.55,35.43,37.45,34.14
2024-05-29,1037,35.35,32.79,30.25,32.8
2024-05-30,1037,34.8,32.37,34.89,34.02
2024-05-31,1037,29.92,32.1,36.35,32.79
2024-06-01,1037,30.04,34.33,31.35,31.91
2024-06-02,1037,33.75,30.62,37.25,33.87
2024-06-03,1037,30.66,35.58,28.75,31.66
2024-06-04,1037,29.81,34.45,36.41,33.56
2024-06-05,1037,35.41,30.72,31.42,32.52
2024-06-06,1037,33.23,33.29,37.85,34.79
2024-06-07,1037,34.76,32.11,33.31,33.39
2024-06-08,1037,32.85,34.05,29.01,31.97
2024-06-09,1037,31.06,34.38,29.82,31.75
2024-06-10,1037,31.83,30.48,33.38,31.9
2024-06-11,1037,29.24,34.61,30.68,31.51
2024-06-12,1037,29.72,33.58,33.5,32.27
2024-06-13,1037,31.84,34.01,36.56,34.14
2024-06-14,1037,29.74,32.61,36.46,32.94
2024-06-15,1037,29.82,30.72,37.07,32.54
2024-06-16,1037,31.39,31.12,34.29,32.27
2024-06-17,1037,31.59,34.1,29.45,31.71
2024-06-18,1037,31.63,34.24,29.21,31.69
2024-06-19,1037,30.49,31.74,34.57,32.27
2024-06-20,1037,31.63,34.25,30.86,32.25
2024-06-21,1037,32.01,33.98,32.58,32.86
2024-06-22,1037,31.11,30.88,28.12,30.04
2024-06-23,1037,34.46,35.3,29.17,32.98
2024-06-24,1037,29.22,32.8,34.43,32.15
2024-06-25,1037,29.68,32.25,32.7,31.54
2024-06-26,1037,33.26,32.1,31.89,32.42
2024-06-27,1037,34.54,31.08,36.51,34.04
2024-06-28,1037,35.43,35.02,32.51,34.32
2024-06-29,1037,30.36,34.51,35.07,33.31
2024-06-30,1037,33.07,30.88,34.84,32.93
2024-07-01,1037,35.17,34.42,33.33,34.31
2024-07-02,1037,31.57,31.14,34.42,32.38
2024-07-03,1037,32.33,35.6,29.88,32.6
2024-07-04,1037,33.67,32.73,33.13,33.18
2024-07-05,1037,32.32,34.42,37.27,34.67
2024-07-06,1037,36.24,32.21,34.16,34.2
2024-07-07,1037,34.87,32.52,32.98,33.46
2024-07-08,1037,31.38,33.23,31.46,32.02
2024-07-09,1037,35.15,32.51,28.85,32.17
2024-07-10,1037,33.37,34.05,29.92,32.45
2024-07-11,1037,36.23,34.33,31.13,33.9
2024-07-12,1037,32.34,31.77,28.6,30.9
2024-07-13,1037,30.52,30.68,29.21,30.14
2024-07-14,1037,29.56,32.74,30.05,30.78
2024-07-15,1037,33.18,34.7,31.02,32.97
2024-07-16,1037,34.67,31.62,30.56,32.28
2024-07-17,1037,36.04,33.81,30.16,33.34
2024-07-18,1037,34.46,34.88,31.18,33.51
2024-07-19,1037,32.99,33.95,32.1,33.01
2024-07-20,1037,31.36,32.05,34.48,32.63
2024-07-21,1037,31.87,34.59,29.25,31.9
2024-07-22,1037,35.63,34.76,35.72,35.37
2024-07-23,1037,30.49,34.94,34.76,33.4
2024-07-24,1037,29.53,34.25,32.17,31.98
2024-07-25,1037,29.33,31.7,29.77,30.27
2024-07-26,1037,33.26,33.0,34.56,33.61
2024-07-27,1037,29.61,31.36,32.81,31.26
2024-07-28,1037,29.24,33.65,36.72,33.2
2024-07-29,1037,31.33,31.86,28.43,30.54
2024-07-30,1037,34.18,35.4,32.39,33.99
2024-07-31,1037,35.37,30.55,34.49,33.47
2024-08-01,1037,32.68,34.54,37.61,34.94
2024-08-02,1037,32.53,33.99,32.14,32.89
2024-08-03,1037,35.59,33.94,36.32,35.28
2024-08-04,1037,34.98,32.44,28.43,31.95
2024-08-05,1037,30.14,32.16,37.28,33.19
2024-08-06,1037,34.17,31.14,35.48,33.6
2024-08-07,1037,33.7,31.57,36.29,33.85
2024-08-08,1037,29.7,33.59,30.92,31.4
2024-08-09,1037,29.43,34.16,29.05,30.88
2024-08-10,1037,30.44,31.67,35.23,32.45
2024-08-11,1037,33.17,32.46,33.37,33.0
2024-08-12,1037,30.52,34.99,33.17,32.89
2024-08-13,1037,30.64,32.93,30.68,31.42
2024-08-14,1037,30.99,31.88,37.66,33.51
2024-08-15,1037,29.35,30.35,33.17,30.96
2024-08-16,1037,33.51,31.08,37.71,34.1
2024-08-17,1037,32.03,30.72,32.17,31.64
2024-08-18,1037,31.29,33.06,32.97,32.44
2024-08-19,1037,29.37,32.84,37.85,33.35
2024-08-20,1037,33.94,32.08,29.93,31.98
2024-08-21,1037,35.25,32.35,35.52,34.37
2024-08-22,1037,30.56,30.46,36.09,32.37
2024-08-23,1037,29.29,34.36,36.3,33.32
2024-08-24,1037,31.98,32.66,36.41,33.68
2024-08-25,1037,29.97,33.9,28.87,30.91
2024-08-26,1037,34.06,31.39,37.5,34.32
2024-08-27,1037,34.5,32.52,32.54,33.19
2024-08-28,1037,34.84,32.7,32.62,33.39
2024-08-29,1037,33.92,31.19,33.63,32.91
2024-08-30,1037,32.98,32.61,33.27,32.95
2024-08-31,1037,31.29,30.54,34.58,32.14
2024-09-01,1037,29.87,33.1,29.52,30.83
2024-09-02,1037,35.24,34.74,33.45,34.48
2024-09-03,1037,33.09,35.01,30.1,32.73
2024-09-04,1037,34.58,34.36,29.19,32.71
2024-09-05,1037,31.62,30.36,30.01,30.66
2024-09-06,1037,33.48,34.18,34.43,34.03
2024-09-07,1037,35.1,33.84,28.26,32.4
2024-09-08,1037,31.67,33.39,31.66,32.24
2024-09-09,1037,32.67,32.6,31.1,32.12
2024-09-10,1037,34.03,33.14,29.04,32.07
2024-09-11,1037,34.54,32.37,36.0,34.3
2024-09-12,1037,35.16,35.28,28.77,33.07
2024-09-13,1037,36.26,34.97,29.01,33.41
2024-09-14,1037,33.6,33.34,30.92,32.62
2024-09-15,1037,33.2,32.96,30.2,32.12
2024-09-16,1037,29.55,34.45,34.72,32.91
2024-09-17,1037,31.79,32.45,32.13,32.12
2024-09-18,1037,34.67,31.49,32.33,32.83
2024-09-19,1037,34.12,30.64,33.83,32.86
2024-09-20,1037,31.31,32.61,36.12,33.35
2024-09-21,1037,35.14,31.36,29.57,32.02
2024-09-22,1037,33.26,31.0,33.3,32.52
2024-09-23,1037,33.01,34.7,34.38,34.03
2024-09-24,1037,32.19,31.45,28.14,30.59
2024-09-25,1037,30.59,34.26,31.85,32.23
2024-09-26,1037,32.93,33.58,36.72,34.41
2024-09-27,1037,29.5,31.77,29.41,30.23
2024-09-28,1037,30.19,33.86,30.4,31.48
2024-09-29,1037,34.42,32.15,28.59,31.72
2024-09-30,1037,29.95,30.98,34.64,31.86
2024-10-01,1037,33.0,35.1,35.92,34.67
2024-10-02,1037,33.76,34.89,34.37,34.34
2024-10-03,1037,33.65,35.15,36.85,35.22
2024-10-04,1037,32.73,32.79,31.5,32.34
2024-10-05,1037,31.74,34.37,31.79,32.63
2024-10-06,1037,29.87,31.19,34.53,31.86
2024-10-07,1037,31.38,32.12,33.95,32.48
2024-10-08,1037,34.62,31.09,34.71,33.47
2024-10-09,1037,35.23,31.16,35.73,34.04
2024-10-10,1037,30.49,34.53,28.7,31.24
2024-10-11,1037,33.8,34.03,31.5,33.11
2024-10-12,1037,33.13,33.23,29.7,32.02
2024-10-13,1037,30.5,32.54,32.63,31.89
2024-10-14,1037,34.53,34.89,29.44,32.95
2024-10-15,1037,32.96,31.79,30.09,31.61
2024-10-16,1037,33.75,34.57,37.28,35.2
2024-10-17,1037,32.65,30.55,28.55,30.58
2024-10-18,1037,31.45,31.22,36.45,33.04
2024-10-19,1037,29.67,32.98,31.37,31.34
2024-10-20,1037,29.52,33.22,31.36,31.37
2024-10-21,1037,35.75,30.5,29.05,31.77
2024-10-22,1037,32.97,34.69,30.84,32.83
2024-10-23,1037,33.7,34.94,32.53,33.72
2024-10-24,1037,30.45,33.35,29.05,30.95
2024-10-25,1037,32.95,30.54,30.81,31.43
2024-10-26,1037,29.76,34.93,36.44,33.71
2024-10-27,1037,34.08,32.44,29.55,32.02
2024-10-28,1037,30.62,33.53,36.6,33.58
2024-10-29,1037,33.71,32.0,36.47,34.06
2024-10-30,1037,32.49,35.37,29.85,32.57
2024-10-31,1037,29.74,34.21,30.65,31.53
2024-11-01,1037,34.02,34.74,29.51,32.76
2024-11-02,1037,29.78,32.34,37.6,33.24
2024-11-03,1037,34.93,35.19,37.64,35.92
2024-11-04,1037,30.69,33.5,29.98,31.39
2024-11-05,1037,32.54,33.02,34.06,33.21
2024-11-06,1037,35.66,34.65,30.14,33.48
2024-11-07,1037,33.17,34.38,35.23,34.26
2024-11-08,1037,34.58,31.62,36.67,34.29
2024-11-09,1037,35.0,30.73,35.66,33.8
2024-11-10,1037,32.35,30.7,30.93,31.33
2024-11-11,1037,30.13,33.06,32.82,32.0
2024-11-12,1037,32.28,32.39,34.29,32.99
2024-11-13,1037,32.4,33.71,31.22,32.44
2024-11-14,1037,32.24,32.66,35.33,33.41
2024-11-15,1037,29.65,30.52,28.07,29.41
2024-11-16,1037,29.4,32.23,34.66,32.1
2024-11-17,1037,34.93,34.87,35.02,34.94
2024-11-18,1037,36.04,31.36,32.52,33.31
2024-11-19,1037,31.37,31.34,36.71,33.14
2024-11-20,1037,35.86,35.37,33.97,35.07
2024-11-21,1037,34.45,35.52,28.8,32.92
2024-11-22,1037,31.19,33.33,30.97,31.83
2024-11-23,1037,30.61,33.14,28.27,30.67
2024-11-24,1037,35.89,30.88,35.28,34.02
2024-11-25,1037,31.55,32.23,32.3,32.03
2024-11-26,1037,35.42,30.55,35.71,33.89
2024-11-27,1037,33.47,31.96,34.11,33.18
2024-11-28,1037,32.47,34.42,28.48,31.79
2024-11-29,1037,33.29,31.24,28.77,31.1
2024-11-30,1037,31.42,33.34,32.48,32.41
2024-12-01,1037,33.53,33.75,31.81,33.03
2024-12-02,1037,31.94,30.59,29.18,30.57
2024-12-03,1037,34.08,31.99,28.3,31.46
2024-12-04,1037,34.27,30.38,31.12,31.92
2024-12-05,1037,34.49,32.71,35.14,34.11
2024-12-06,1037,34.62,35.49,29.07,33.06
2024-12-07,1037,33.6,33.85,30.05,32.5
2024-12-08,1037,33.8,30.88,37.15,33.94
2024-12-09,1037,31.32,32.01,32.45,31.93
2024-12-10,1037,30.87,35.42,36.71,34.33
2024-12-11,1037,30.5,33.24,31.65,31.8
2024-12-12,1037,30.85,32.47,37.19,33.5
2024-12-13,1037,30.69,33.82,36.02,33.51
2024-12-14,1037,32.77,34.14,29.77,32.23
2024-12-15,1037,33.4,33.45,31.11,32.65
2024-12-16,1037,29.2,31.29,33.42,31.3
2024-12-17,1037,33.22,32.08,34.66,33.32
2024-12-18,1037,35.96,34.94,34.04,34.98
2024-12-19,1037,34.85,32.07,36.07,34.33
2024-12-20,1037,30.88,33.36,34.89,33.04
2024-12-21,1037,35.74,31.32,28.36,31.81
2024-12-22,1037,31.5,34.49,36.21,34.07
2024-12-23,1037,33.68,32.15,37.62,34.48
2024-12-24,1037,31.78,30.4,28.94,30.37
2024-12-25,1037,32.23,33.45,37.37,34.35
2024-12-26,1037,31.77,32.12,34.22,32.7
2024-12-27,1037,34.55,30.44,34.2,33.06
2024-12-28,1037,35.83,35.29,31.42,34.18
2024-12-29,1037,35.15,32.55,31.49,33.06
2024-12-30,1037,31.96,31.06,33.4,32.14
2024-01-01,1038,98.71,104.87,94.15,99.24
2024-01-02,1038,97.29,101.9,114.22,104.47
2024-01-03,1038,98.23,100.52,108.92,102.56
2024-01-04,1038,89.88,104.13,108.25,100.75
2024-01-05,1038,105.41,97.13,104.11,102.22
2024-01-06,1038,90.5,97.48,101.45,96.48
2024-01-07,1038,103.28,106.94,100.87,103.7
2024-01-08,1038,88.83,95.58,87.62,90.68
2024-01-09,1038,103.07,95.07,92.24,96.79
2024-01-10,1038,89.42,106.49,104.8,100.24
2024-01-11,1038,101.05,101.85,110.11,104.34
2024-01-12,1038,101.69,101.82,87.95,97.15
2024-01-13,1038,110.8,100.32,98.91,103.34
2024-01-14,1038,102.33,99.08,113.36,104.92
2024-01-15,1038,97.5,108.4,102.11,102.67
2024-01-16,1038,97.3,102.99,86.91,95.73
2024-01-17,1038,93.62,95.75,111.49,100.29
2024-01-18,1038,91.39,102.38,98.92,97.56
2024-01-19,1038,92.49,102.41,110.61,101.84
2024-01-20,1038,88.81,107.07,104.3,100.06
2024-01-21,1038,105.8,95.75,106.27,102.61
2024-01-22,1038,101.38,93.35,88.49,94.41
2024-01-23,1038,95.39,101.95,92.2,96.51
2024-01-24,1038,95.22,93.42,107.56,98.73
2024-01-25,1038,100.94,99.66,113.74,104.78
2024-01-26,1038,108.29,102.51,115.2,108.67
2024-01-27,1038,109.24,98.33,106.95,104.84
2024-01-28,1038,94.27,108.12,86.25,96.21
2024-01-29,1038,105.87,100.74,113.27,106.63
2024-01-30,1038,91.44,94.36,111.48,99.09
2024-01-31,1038,91.93,97.78,113.84,101.18
2024-02-01,1038,98.71,107.48,86.19,97.46
2024-02-02,1038,91.1,100.04,101.11,97.42
2024-02-03,1038,100.13,101.04,107.73,102.97
2024-02-04,1038,88.79,92.83,104.67,95.43
2024-02-05,1038,93.68,99.38,110.8,101.29
2024-02-06,1038,90.02,100.97,107.83,99.61
2024-02-07,1038,91.72,102.58,108.92,101.07
2024-02-08,1038,94.08,98.52,102.1,98.23
2024-02-09,1038,109.86,93.93,106.91,103.57
2024-02-10,1038,91.92,108.8,98.68,99.8
2024-02-11,1038,97.52,96.59,104.78,99.63
2024-02-12,1038,97.84,104.19,110.97,104.33
2024-02-13,1038,96.66,93.02,102.66,97.45
2024-02-14,1038,106.77,98.48,87.14,97.46
2024-02-15,1038,91.74,94.82,96.44,94.33
2024-02-16,1038,110.28,93.12,110.87,104.76
2024-02-17,1038,109.69,97.02,115.46,107.39
2024-02-18,1038,91.66,106.84,114.24,104.25
2024-02-19,1038,90.65,98.57,107.07,98.76
2024-02-20,1038,100.43,98.58,102.72,100.58
2024-02-21,1038,95.23,100.36,106.01,100.53
2024-02-22,1038,95.92,100.66,102.14,99.57
2024-02-23,1038,97.03,97.59,95.06,96.56
2024-02-24,1038,91.75,92.9,86.64,90.43
2024-02-25,1038,103.35,107.79,89.56,100.23
2024-02-26,1038,107.44,108.84,107.28,107.85
2024-02-27,1038,107.35,106.76,85.82,99.98
2024-02-28,1038,92.79,104.93,86.02,94.58
2024-02-29,1038,98.34,104.73,101.79,101.62
2024-03-01,1038,99.33,106.38,88.55,98.09
2024-03-02,1038,101.26,108.35,87.47,99.03
2024-03-03,1038,96.97,101.2,89.21,95.79
2024-03-04,1038,107.15,103.23,111.07,107.15
2024-03-05,1038,110.58,94.14,100.25,101.66
2024-03-06,1038,99.85,102.84,99.03,100.57
2024-03-07,1038,89.54,95.62,99.33,94.83
2024-03-08,1038,107.01,103.83,96.12,102.32
2024-03-09,1038,94.2,98.65,115.79,102.88
2024-03-10,1038,100.33,100.36,88.11,96.27
2024-03-11,1038,107.01,104.22,113.41,108.21
2024-03-12,1038,99.04,92.92,92.01,94.66
2024-03-13,1038,98.87,107.41,85.86,97.38
2024-03-14,1038,91.15,107.6,110.51,103.09
2024-03-15,1038,106.61,94.6,110.87,104.03
2024-03-16,1038,102.47,99.12,103.93,101.84
2024-03-17,1038,107.2,103.5,115.69,108.8
2024-03-18,1038,95.86,97.9,96.7,96.82
2024-03-19,1038,90.4,100.84,90.62,93.95
2024-03-20,1038,98.87,99.17,88.53,95.52
2024-03-21,1038,91.82,108.67,87.51,96.0
2024-03-22,1038,96.7,100.55,91.39,96.21
2024-03-23,1038,107.6,101.51,102.33,103.81
2024-03-24,1038,105.26,106.65,88.52,100.14
2024-03-25,1038,95.0,93.04,112.78,100.27
2024-03-26,1038,96.04,100.55,100.69,99.09
2024-03-27,1038,103.16,107.07,97.79,102.67
2024-03-28,1038,91.46,96.66,91.99,93.37
2024-03-29,1038,103.22,104.03,99.21,102.15
2024-03-30,1038,99.28,108.2,102.95,103.48
2024-03-31,1038,91.98,99.0,109.72,100.23
2024-04-01,1038,90.9,96.63,102.83,96.79
2024-04-02,1038,105.32,103.22,101.6,103.38
2024-04-03,1038,94.88,96.88,93.54,95.1
2024-04-04,1038,96.03,101.22,99.45,98.9
2024-04-05,1038,106.85,101.42,92.05,100.11
2024-04-06,1038,105.04,103.75,87.94,98.91
2024-04-07,1038,105.21,97.27,101.65,101.38
2024-04-08,1038,95.34,100.2,106.2,100.58
2024-04-09,1038,108.02,95.17,109.49,104.23
2024-04-10,1038,94.05,92.96,89.24,92.08
2024-04-11,1038,97.36,97.1,90.7,95.05
2024-04-12,1038,100.99,93.37,110.05,101.47
2024-04-13,1038,96.9,96.51,94.87,96.09
2024-04-14,1038,96.14,98.28,99.39,97.94
2024-04-15,1038,104.42,99.8,89.44,97.89
2024-04-16,1038,106.45,93.34,94.02,97.94
2024-04-17,1038,95.31,96.05,94.87,95.41
2024-04-18,1038,101.94,99.64,108.83,103.47
2024-04-19,1038,97.61,95.49,99.7,97.6
2024-04-20,1038,101.94,93.92,99.66,98.51
2024-04-21,1038,110.11,107.23,91.07,102.8
2024-04-22,1038,104.35,94.92,90.79,96.69
2024-04-23,1038,92.25,96.79,112.74,100.59
2024-04-24,1038,97.55,104.69,97.75,100.0
2024-04-25,1038,100.37,101.22,105.37,102.32
2024-04-26,1038,91.9,107.22,90.1,96.41
2024-04-27,1038,96.33,98.08,114.97,103.13
2024-04-28,1038,92.84,107.41,108.19,102.81
2024-04-29,1038,100.96,95.26,92.44,96.22
2024-04-30,1038,99.34,106.81,86.44,97.53
2024-05-01,1038,107.97,97.6,97.32,100.96
2024-05-02,1038,104.27,103.38,111.26,106.3
2024-05-03,1038,100.75,95.8,92.46,96.34
2024-05-04,1038,100.54,107.9,93.68,100.71
2024-05-05,1038,108.28,100.03,88.84,99.05
2024-05-06,1038,98.51,96.59,99.72,98.27
2024-05-07,1038,102.52,103.77,97.72,101.34
2024-05-08,1038,90.32,97.99,91.79,93.37
2024-05-09,1038,110.7,107.71,110.6,109.67
2024-05-10,1038,105.45,100.4,103.94,103.26
2024-05-11,1038,96.61,99.33,107.92,101.29
2024-05-12,1038,96.57,108.25,109.93,104.92
2024-05-13,1038,96.88,93.35,101.82,97.35
2024-05-14,1038,109.62,102.65,91.06,101.11
2024-05-15,1038,99.27,106.27,89.92,98.49
2024-05-16,1038,103.42,92.89,109.57,101.96
2024-05-17,1038,108.2,98.62,96.35,101.06
2024-05-18,1038,109.67,107.09,90.29,102.35
2024-05-19,1038,95.32,103.05,113.17,103.85
2024-05-20,1038,90.85,103.23,114.4,102.83
2024-05-21,1038,107.94,99.65,106.35,104.65
2024-05-22,1038,92.93,94.23,112.53,99.9
2024-05-23,1038,101.69,101.61,102.92,102.07
2024-05-24,1038,89.23,93.55,114.28,99.02
2024-05-25,1038,97.88,103.33,97.14,99.45
2024-05-26,1038,96.92,107.89,93.62,99.48
2024-05-27,1038,99.22,93.53,90.8,94.52
2024-05-28,1038,110.11,93.9,88.06,97.36
2024-05-29,1038,103.2,104.69,109.86,105.92
2024-05-30,1038,108.5,100.38,115.13,108.0
2024-05-31,1038,102.59,95.55,93.43,97.19
2024-06-01,1038,93.94,101.03,105.14,100.04
2024-06-02,1038,97.62,106.77,111.15,105.18
2024-06-03,1038,106.22,106.66,91.03,101.3
2024-06-04,1038,109.25,103.56,92.03,101.61
2024-06-05,1038,104.67,105.11,105.69,105.16
2024-06-06,1038,109.99,97.46,109.09,105.51
2024-06-07,1038,101.14,103.0,92.99,99.04
2024-06-08,1038,90.27,104.45,102.55,99.09
2024-06-09,1038,100.78,102.71,87.99,97.16
2024-06-10,1038,91.63,99.05,88.71,93.13
2024-06-11,1038,91.83,96.87,107.67,98.79
2024-06-12,1038,90.09,107.6,95.76,97.82
2024-06-13,1038,99.33,105.24,101.51,102.03
2024-06-14,1038,95.68,103.82,101.58,100.36
2024-06-15,1038,102.8,101.2,95.15,99.72
2024-06-16,1038,104.68,96.62,96.87,99.39
2024-06-17,1038,103.6,104.1,95.37,101.02
2024-06-18,1038,92.95,93.93,106.06,97.65
2024-06-19,1038,99.43,102.79,104.48,102.23
2024-06-20,1038,107.85,96.66,108.7,104.4
2024-06-21,1038,89.87,105.71,102.23,99.27
2024-06-22,1038,109.41,104.31,113.81,109.18
2024-06-23,1038,102.91,94.83,96.22,97.99
2024-06-24,1038,100.82,97.89,105.85,101.52
2024-06-25,1038,110.82,105.86,97.85,104.84
2024-06-26,1038,92.62,106.97,110.74,103.44
2024-06-27,1038,91.79,95.71,88.55,92.02
2024-06-28,1038,90.78,103.74,93.17,95.9
2024-06-29,1038,98.53,93.12,95.54,95.73
2024-06-30,1038,99.53,107.13,86.6,97.75
2024-07-01,1038,100.77,96.53,103.26,100.19
2024-07-02,1038,96.38,101.96,98.35,98.9
2024-07-03,1038,95.22,97.67,104.22,99.04
2024-07-04,1038,107.35,108.02,90.32,101.9
2024-07-05,1038,108.0,107.26,108.75,108.0
2024-07-06,1038,94.9,102.53,89.96,95.8
2024-07-07,1038,109.99,92.88,111.84,104.9
2024-07-08,1038,98.73,107.63,85.97,97.44
2024-07-09,1038,102.99,98.02,101.56,100.86
2024-07-10,1038,103.5,107.3,113.01,107.94
2024-07-11,1038,105.8,100.01,99.66,101.82
2024-07-12,1038,89.6,101.38,95.08,95.35
2024-07-13,1038,96.47,107.31,101.37,101.72
2024-07-14,1038,100.3,103.58,90.3,98.06
2024-07-15,1038,110.8,98.62,110.62,106.68
2024-07-16,1038,109.8,95.3,89.99,98.36
2024-07-17,1038,103.56,101.23,109.16,104.65
2024-07-18,1038,93.23,99.93,113.67,102.28
2024-07-19,1038,109.68,104.66,102.45,105.6
2024-07-20,1038,88.96,97.98,114.37,100.44
2024-07-21,1038,100.59,99.21,105.87,101.89
2024-07-22,1038,101.87,94.14,102.31,99.44
2024-07-23,1038,108.26,97.42,100.62,102.1
2024-07-24,1038,98.59,101.36,89.62,96.52
2024-07-25,1038,97.66,102.0,104.46,101.37
2024-07-26,1038,96.53,108.58,94.87,99.99
2024-07-27,1038,94.78,108.24,92.28,98.43
2024-07-28,1038,108.18,96.38,86.79,97.12
2024-07-29,1038,100.37,93.47,88.55,94.13
2024-07-30,1038,95.42,101.88,87.97,95.09
2024-07-31,1038,106.03,106.14,115.63,109.27
2024-08-01,1038,92.15,93.57,112.56,99.43
2024-08-02,1038,99.78,107.0,108.43,105.07
2024-08-03,1038,94.69,105.28,114.44,104.8
2024-08-04,1038,89.98,105.34,107.22,100.85
2024-08-05,1038,89.11,102.99,110.93,101.01
2024-08-06,1038,110.76,98.55,97.25,102.19
2024-08-07,1038,94.78,105.7,106.67,102.38
2024-08-08,1038,110.91,99.01,97.58,102.5
2024-08-09,1038,89.06,103.38,107.52,99.99
2024-08-10,1038,103.95,105.53,88.64,99.37
2024-08-11,1038,90.99,103.61,92.84,95.81
2024-08-12,1038,91.09,96.85,99.02,95.65
2024-08-13,1038,95.89,106.67,113.29,105.28
2024-08-14,1038,101.67,96.26,115.81,104.58
2024-08-15,1038,94.8,103.27,95.51,97.86
2024-08-16,1038,94.69,104.18,114.03,104.3
2024-08-17,1038,109.69,96.09,86.37,97.38
2024-08-18,1038,95.39,96.46,113.51,101.79
2024-08-19,1038,98.82,95.12,113.76,102.57
2024-08-20,1038,109.79,107.89,105.7,107.79
2024-08-21,1038,105.0,95.26,106.67,102.31
2024-08-22,1038,105.7,95.11,104.9,101.9
2024-08-23,1038,102.84,102.05,95.7,100.2
2024-08-24,1038,103.07,93.99,106.26,101.11
2024-08-25,1038,107.57,102.11,114.12,107.93
2024-08-26,1038,96.73,95.11,110.56,100.8
2024-08-27,1038,109.16,101.84,94.62,101.87
2024-08-28,1038,100.63,98.12,106.21,101.65
2024-08-29,1038,93.1,104.05,103.33,100.16
2024-08-30,1038,92.01,97.94,108.25,99.4
2024-08-31,1038,96.63,93.05,95.78,95.15
2024-09-01,1038,103.56,108.44,112.73,108.24
2024-09-02,1038,108.38,97.62,92.5,99.5
2024-09-03,1038,95.47,94.15,87.33,92.32
2024-09-04,1038,100.68,93.94,97.69,97.44
2024-09-05,1038,107.1,94.68,87.76,96.51
2024-09-06,1038,94.55,96.21,95.33,95.36
2024-09-07,1038,102.11,105.72,86.19,98.01
2024-09-08,1038,103.05,107.06,92.73,100.95
2024-09-09,1038,97.84,104.09,102.32,101.42
2024-09-10,1038,98.1,97.44,113.06,102.87
2024-09-11,1038,95.43,93.68,88.17,92.43
2024-09-12,1038,95.04,106.32,93.0,98.12
2024-09-13,1038,89.71,97.07,111.09,99.29
2024-09-14,1038,88.94,102.97,114.27,102.06
2024-09-15,1038,98.8,108.51,108.01,105.11
2024-09-16,1038,99.21,103.0,94.53,98.91
2024-09-17,1038,98.42,102.2,113.47,104.7
2024-09-18,1038,89.03,94.17,114.48,99.23
2024-09-19,1038,96.18,95.78,97.24,96.4
2024-09-20,1038,92.53,99.99,102.89,98.47
2024-09-21,1038,101.65,105.15,98.42,101.74
2024-09-22,1038,106.15,103.09,91.37,100.2
2024-09-23,1038,100.39,98.28,101.55,100.07
2024-09-24,1038,98.78,105.74,108.64,104.39
2024-09-25,1038,90.24,98.06,86.85,91.72
2024-09-26,1038,103.94,96.26,107.16,102.45
2024-09-27,1038,93.19,96.32,114.81,101.44
2024-09-28,1038,96.57,106.22,96.41,99.73
2024-09-29,1038,100.32,107.71,114.72,107.58
2024-09-30,1038,105.96,101.72,102.32,103.33
2024-10-01,1038,89.2,108.02,110.64,102.62
2024-10-02,1038,100.69,105.28,103.86,103.28
2024-10-03,1038,107.57,107.07,115.13,109.92
2024-10-04,1038,103.98,106.6,108.47,106.35
2024-10-05,1038,90.37,103.49,85.98,93.28
2024-10-06,1038,99.36,93.76,100.32,97.81
2024-10-07,1038,92.26,96.34,91.66,93.42
2024-10-08,1038,100.48,99.37,111.15,103.67
2024-10-09,1038,99.19,97.49,98.31,98.33
2024-10-10,1038,102.62,104.0,113.53,106.72
2024-10-11,1038,90.21,108.61,107.03,101.95
2024-10-12,1038,99.4,102.91,94.17,98.83
2024-10-13,1038,98.67,93.51,101.46,97.88
2024-10-14,1038,94.77,108.46,86.79,96.67
2024-10-15,1038,95.85,95.77,115.85,102.49
2024-10-16,1038,102.26,105.26,104.68,104.07
2024-10-17,1038,110.4,106.49,99.46,105.45
2024-10-18,1038,101.41,97.32,89.01,95.91
2024-10-19,1038,91.43,96.34,115.72,101.16
2024-10-20,1038,93.93,101.18,105.38,100.16
2024-10-21,1038,102.67,108.75,99.93,103.78
2024-10-22,1038,88.98,106.52,99.33,98.28
2024-10-23,1038,98.37,104.51,106.94,103.27
2024-10-24,1038,97.45,98.27,100.67,98.8
2024-10-25,1038,101.66,96.21,111.89,103.25
2024-10-26,1038,93.13,107.18,97.27,99.19
2024-10-27,1038,93.38,102.39,88.84,94.87
2024-10-28,1038,110.16,103.94,87.23,100.44
2024-10-29,1038,109.11,99.78,103.7,104.2
2024-10-30,1038,100.94,104.05,98.92,101.3
2024-10-31,1038,104.26,92.89,101.26,99.47
2024-11-01,1038,89.45,107.97,100.2,99.21
2024-11-02,1038,93.99,101.52,111.87,102.46
2024-11-03,1038,96.95,99.0,104.36,100.1
2024-11-04,1038,101.21,105.49,101.78,102.83
2024-11-05,1038,103.21,93.08,92.96,96.42
2024-11-06,1038,109.76,104.95,99.35,104.69
2024-11-07,1038,96.09,93.56,111.93,100.53
2024-11-08,1038,92.16,106.18,110.68,103.01
2024-11-09,1038,100.34,101.71,112.64,104.9
2024-11-10,1038,96.13,97.7,109.06,100.96
2024-11-11,1038,90.73,103.23,94.06,96.01
2024-11-12,1038,108.24,98.71,106.79,104.58
2024-11-13,1038,102.3,107.45,91.59,100.45
2024-11-14,1038,93.59,106.32,99.9,99.94
2024-11-15,1038,103.05,93.37,96.34,97.59
2024-11-16,1038,105.98,108.31,86.87,100.39
2024-11-17,1038,109.12,108.08,102.96,106.72
2024-11-18,1038,109.14,96.55,97.31,101.0
2024-11-19,1038,91.8,102.86,96.36,97.01
2024-11-20,1038,110.47,93.05,92.99,98.84
2024-11-21,1038,105.13,105.95,106.85,105.98
2024-11-22,1038,110.51,94.81,111.34,105.55
2024-11-23,1038,99.52,106.62,106.94,104.36
2024-11-24,1038,108.42,93.2,112.1,104.57
2024-11-25,1038,92.79,95.24,107.59,98.54
2024-11-26,1038,104.05,102.65,106.89,104.53
2024-11-27,1038,90.77,106.6,111.34,102.9
2024-11-28,1038,92.12,98.17,98.25,96.18
2024-11-29,1038,107.11,108.02,114.57,109.9
2024-11-30,1038,101.37,104.53,113.9,106.6
2024-12-01,1038,100.42,103.85,114.33,106.2
2024-12-02,1038,93.45,98.4,96.69,96.18
2024-12-03,1038,107.32,97.96,111.34,105.54
2024-12-04,1038,104.27,105.22,102.72,104.07
2024-12-05,1038,88.8,107.93,93.83,96.85
2024-12-06,1038,106.92,94.78,110.01,103.9
2024-12-07,1038,104.07,106.13,94.56,101.59
2024-12-08,1038,100.47,96.56,107.77,101.6
2024-12-09,1038,91.59,105.9,89.74,95.74
2024-12-10,1038,91.92,101.94,100.78,98.21
2024-12-11,1038,90.55,106.04,111.83,102.81
2024-12-12,1038,104.35,101.66,100.96,102.32
2024-12-13,1038,95.1,100.22,111.68,102.33
2024-12-14,1038,99.55,98.91,103.82,100.76
2024-12-15,1038,99.54,101.13,92.17,97.61
2024-12-16,1038,90.82,97.74,110.88,99.81
2024-12-17,1038,103.6,95.09,95.19,97.96
2024-12-18,1038,91.21,96.55,89.05,92.27
2024-12-19,1038,100.54,99.72,102.97,101.08
2024-12-20,1038,108.14,97.4,91.3,98.95
2024-12-21,1038,96.84,107.24,106.03,103.37
2024-12-22,1038,103.75,106.14,98.38,102.76
2024-12-23,1038,105.08,99.83,98.0,100.97
2024-12-24,1038,109.36,101.01,104.99,105.12
2024-12-25,1038,104.52,106.82,111.59,107.64
2024-12-26,1038,106.09,105.14,112.7,107.98
2024-12-27,1038,105.38,105.83,111.09,107.43
2024-12-28,1038,109.83,96.56,87.2,97.86
2024-12-29,1038,109.18,94.85,108.36,104.13
2024-12-30,1038,98.01,100.79,95.52,98.11
2024-01-01,1039,117.51,127.27,116.4,120.39
2024-01-02,1039,132.28,132.54,141.27,135.36
2024-01-03,1039,119.26,126.0,121.74,122.33
2024-01-04,1039,140.86,131.25,128.17,133.43
2024-01-05,1039,116.81,134.16,145.94,132.3
2024-01-06,1039,138.42,132.89,148.37,139.89
2024-01-07,1039,131.08,126.4,144.03,133.84
2024-01-08,1039,139.98,123.04,117.75,126.92
2024-01-09,1039,135.26,119.95,134.36,129.86
2024-01-10,1039,125.3,119.92,141.95,129.06
2024-01-11,1039,132.85,127.82,136.88,132.52
2024-01-12,1039,135.78,134.62,144.19,138.2
2024-01-13,1039,129.53,129.19,117.45,125.39
2024-01-14,1039,126.77,120.65,114.67,120.7
2024-01-15,1039,118.2,136.64,144.66,133.17
2024-01-16,1039,130.63,137.26,125.55,131.15
2024-01-17,1039,129.41,130.2,115.97,125.19
2024-01-18,1039,120.21,130.24,140.43,130.29
2024-01-19,1039,127.09,136.31,140.77,134.72
2024-01-20,1039,122.34,127.14,130.75,126.74
2024-01-21,1039,117.14,121.54,142.41,127.03
2024-01-22,1039,140.84,120.21,111.21,124.09
2024-01-23,1039,129.76,125.84,117.9,124.5
2024-01-24,1039,131.9,136.91,145.55,138.12
2024-01-25,1039,134.27,130.9,136.67,133.95
2024-01-26,1039,130.34,125.6,139.6,131.85
2024-01-27,1039,118.0,123.34,138.99,126.78
2024-01-28,1039,135.96,124.16,112.64,124.25
2024-01-29,1039,137.75,126.76,116.17,126.89
2024-01-30,1039,141.52,122.36,113.14,125.67
2024-01-31,1039,128.88,128.1,137.0,131.33
2024-02-01,1039,120.34,136.23,116.18,124.25
2024-02-02,1039,131.84,131.64,135.48,132.99
2024-02-03,1039,131.51,133.25,132.68,132.48
2024-02-04,1039,125.74,136.32,128.78,130.28
2024-02-05,1039,122.85,133.78,113.61,123.41
2024-02-06,1039,123.73,123.52,124.84,124.03
2024-02-07,1039,126.98,124.1,143.71,131.6
2024-02-08,1039,123.85,125.66,122.43,123.98
2024-02-09,1039,119.59,132.15,120.09,123.94
2024-02-10,1039,126.47,129.15,143.92,133.18
2024-02-11,1039,126.82,125.74,116.67,123.08
2024-02-12,1039,134.38,125.36,125.03,128.26
2024-02-13,1039,134.7,134.34,136.71,135.25
2024-02-14,1039,141.07,134.37,135.2,136.88
2024-02-15,1039,128.46,138.35,137.46,134.76
2024-02-16,1039,139.05,119.92,143.39,134.12
2024-02-17,1039,124.3,119.47,109.87,117.88
2024-02-18,1039,121.91,121.2,111.91,118.34
2024-02-19,1039,118.24,132.93,148.51,133.23
2024-02-20,1039,136.82,134.23,113.24,128.1
2024-02-21,1039,130.46,129.35,118.63,126.15
2024-02-22,1039,130.14,122.36,118.09,123.53
2024-02-23,1039,136.86,136.0,147.84,140.23
2024-02-24,1039,140.69,126.4,133.35,133.48
2024-02-25,1039,128.57,127.48,138.04,131.36
2024-02-26,1039,136.53,136.23,119.66,130.81
2024-02-27,1039,136.35,121.43,143.58,133.79
2024-02-28,1039,136.3,122.99,125.09,128.13
2024-02-29,1039,118.77,127.24,115.39,120.47
2024-03-01,1039,127.39,130.43,146.43,134.75
2024-03-02,1039,119.6,136.23,113.31,123.05
2024-03-03,1039,115.47,123.27,131.06,123.27
2024-03-04,1039,126.85,134.02,123.31,128.06
2024-03-05,1039,122.91,127.67,135.34,128.64
2024-03-06,1039,127.7,123.68,146.66,132.68
2024-03-07,1039,128.78,124.67,117.57,123.67
2024-03-08,1039,119.73,130.66,130.32,126.9
2024-03-09,1039,121.43,133.14,120.37,124.98
2024-03-10,1039,116.02,121.48,142.13,126.54
2024-03-11,1039,121.85,120.04,133.04,124.98
2024-03-12,1039,140.28,119.87,119.78,126.64
2024-03-13,1039,123.91,130.63,135.36,129.97
2024-03-14,1039,115.12,128.77,124.47,122.79
2024-03-15,1039,136.92,137.07,144.22,139.4
2024-03-16,1039,116.48,132.74,122.6,123.94
2024-03-17,1039,129.44,122.19,147.06,132.9
2024-03-18,1039,122.4,119.88,118.7,120.33
2024-03-19,1039,134.1,119.78,132.6,128.83
2024-03-20,1039,140.98,126.71,127.62,131.77
2024-03-21,1039,124.49,139.17,130.85,131.5
2024-03-22,1039,118.59,119.66,136.63,124.96
2024-03-23,1039,135.91,138.1,114.34,129.45
2024-03-24,1039,117.36,120.76,135.63,124.58
2024-03-25,1039,139.7,127.99,147.78,138.49
2024-03-26,1039,122.81,137.9,118.43,126.38
2024-03-27,1039,124.52,120.07,137.16,127.25
2024-03-28,1039,117.69,131.34,118.76,122.6
2024-03-29,1039,139.85,122.99,113.65,125.5
2024-03-30,1039,120.76,124.71,118.57,121.35
2024-03-31,1039,135.14,135.87,133.85,134.95
2024-04-01,1039,114.69,120.11,136.44,123.75
2024-04-02,1039,135.9,130.77,141.01,135.89
2024-04-03,1039,120.35,121.57,111.23,117.72
2024-04-04,1039,121.59,126.74,132.73,127.02
2024-04-05,1039,135.26,121.72,148.12,135.03
2024-04-06,1039,119.09,138.49,141.84,133.14
2024-04-07,1039,113.79,124.04,121.01,119.61
2024-04-08,1039,127.28,132.66,124.19,128.04
2024-04-09,1039,114.5,125.89,130.25,123.55
2024-04-10,1039,137.79,138.15,141.87,139.27
2024-04-11,1039,133.89,138.99,119.19,130.69
2024-04-12,1039,141.63,120.78,125.1,129.17
2024-04-13,1039,132.26,137.58,142.3,137.38
2024-04-14,1039,125.25,139.46,126.36,130.36
2024-04-15,1039,131.15,123.12,133.2,129.16
2024-04-16,1039,128.02,139.15,115.98,127.72
2024-04-17,1039,138.43,130.48,129.52,132.81
2024-04-18,1039,123.54,124.05,125.76,124.45
2024-04-19,1039,133.25,136.79,112.02,127.35
2024-04-20,1039,113.99,135.72,113.85,121.19
2024-04-21,1039,119.37,122.5,123.28,121.72
2024-04-22,1039,138.13,125.6,133.31,132.35
2024-04-23,1039,113.74,122.27,127.16,121.06
2024-04-24,1039,134.86,122.75,114.29,123.97
2024-04-25,1039,141.78,127.5,126.31,131.86
2024-04-26,1039,118.84,134.24,145.09,132.72
2024-04-27,1039,130.84,128.22,115.4,124.82
2024-04-28,1039,131.46,126.58,117.58,125.21
2024-04-29,1039,138.31,138.81,141.97,139.7
2024-04-30,1039,128.44,123.84,113.41,121.9
2024-05-01,1039,114.41,139.26,142.03,131.9
2024-05-02,1039,114.47,128.87,138.55,127.3
2024-05-03,1039,139.07,123.78,115.82,126.22
2024-05-04,1039,136.37,137.51,121.71,131.86
2024-05-05,1039,132.93,129.75,120.53,127.74
2024-05-06,1039,125.51,133.52,122.91,127.31
2024-05-07,1039,119.43,127.95,126.55,124.64
2024-05-08,1039,115.79,136.83,121.04,124.55
2024-05-09,1039,132.16,139.17,137.68,136.34
2024-05-10,1039,124.06,135.82,122.81,127.56
2024-05-11,1039,123.63,125.85,137.55,129.01
2024-05-12,1039,125.17,135.87,114.85,125.3
2024-05-13,1039,115.08,126.67,135.3,125.68
2024-05-14,1039,127.64,136.23,141.54,135.14
2024-05-15,1039,132.32,136.46,111.7,126.83
2024-05-16,1039,120.93,123.09,127.93,123.98
2024-05-17,1039,125.74,119.28,131.38,125.47
2024-05-18,1039,127.89,125.9,111.3,121.7
2024-05-19,1039,131.27,136.22,117.68,128.39
2024-05-20,1039,115.39,137.11,128.82,127.11
2024-05-21,1039,122.92,124.76,127.17,124.95
2024-05-22,1039,129.25,135.04,112.02,125.44
2024-05-23,1039,120.84,131.24,147.61,133.23
2024-05-24,1039,133.48,130.7,110.18,124.79
2024-05-25,1039,115.9,133.23,136.94,128.69
2024-05-26,1039,124.44,119.1,123.94,122.49
2024-05-27,1039,123.79,133.84,125.91,127.85
2024-05-28,1039,118.63,125.48,130.01,124.71
2024-05-29,1039,115.75,139.28,137.24,130.76
2024-05-30,1039,129.23,139.39,132.87,133.83
2024-05-31,1039,128.96,119.27,132.02,126.75
2024-06-01,1039,137.13,129.98,124.28,130.46
2024-06-02,1039,123.55,129.16,147.9,133.54
2024-06-03,1039,125.85,120.93,120.35,122.38
2024-06-04,1039,133.18,126.03,113.28,124.16
2024-06-05,1039,137.12,126.29,110.55,124.65
2024-06-06,1039,125.35,139.03,141.98,135.45
2024-06-07,1039,119.73,128.9,129.42,126.02
2024-06-08,1039,125.7,132.13,120.05,125.96
2024-06-09,1039,131.59,127.62,142.81,134.01
2024-06-10,1039,118.47,128.29,127.58,124.78
2024-06-11,1039,129.3,131.44,114.12,124.95
2024-06-12,1039,119.55,124.02,113.65,119.07
2024-06-13,1039,140.42,133.07,121.89,131.79
2024-06-14,1039,138.3,123.03,127.96,129.76
2024-06-15,1039,128.92,134.99,113.21,125.71
2024-06-16,1039,132.94,137.14,132.68,134.25
2024-06-17,1039,133.9,135.06,146.41,138.46
2024-06-18,1039,119.37,125.42,115.34,120.04
2024-06-19,1039,114.53,135.66,119.17,123.12
2024-06-20,1039,128.08,123.63,144.92,132.21
2024-06-21,1039,137.74,136.96,123.82,132.84
2024-06-22,1039,123.27,137.37,139.07,133.24
2024-06-23,1039,114.32,133.21,120.6,122.71
2024-06-24,1039,137.49,128.57,133.66,133.24
2024-06-25,1039,114.0,125.53,146.88,128.8
2024-06-26,1039,135.29,121.22,138.25,131.59
2024-06-27,1039,121.34,122.02,123.81,122.39
2024-06-28,1039,122.37,132.36,121.3,125.34
2024-06-29,1039,131.41,123.35,133.52,129.43
2024-06-30,1039,134.36,127.32,117.69,126.46
2024-07-01,1039,131.69,120.34,141.56,131.2
2024-07-02,1039,133.87,125.97,145.07,134.97
2024-07-03,1039,118.9,119.74,140.87,126.5
2024-07-04,1039,113.97,119.22,118.73,117.31
2024-07-05,1039,135.56,135.94,117.04,129.51
2024-07-06,1039,117.94,124.94,130.36,124.41
2024-07-07,1039,124.24,130.59,138.26,131.03
2024-07-08,1039,128.95,139.33,130.33,132.87
2024-07-09,1039,117.9,122.33,132.74,124.32
2024-07-10,1039,117.3,126.72,124.45,122.82
2024-07-11,1039,125.58,124.48,114.9,121.65
2024-07-12,1039,119.47,125.56,115.45,120.16
2024-07-13,1039,131.17,132.15,127.14,130.15
2024-07-14,1039,121.14,119.28,134.8,125.07
2024-07-15,1039,138.57,129.36,121.56,129.83
2024-07-16,1039,134.62,137.63,114.17,128.81
2024-07-17,1039,133.65,126.9,128.32,129.62
2024-07-18,1039,137.7,122.16,117.27,125.71
2024-07-19,1039,128.78,134.4,140.55,134.58
2024-07-20,1039,124.01,121.9,113.36,119.76
2024-07-21,1039,130.38,133.79,118.44,127.54
2024-07-22,1039,126.3,131.93,121.09,126.44
2024-07-23,1039,116.22,129.44,110.53,118.73
2024-07-24,1039,131.42,123.99,120.75,125.39
2024-07-25,1039,120.08,133.27,146.84,133.4
2024-07-26,1039,136.93,128.69,121.51,129.04
2024-07-27,1039,119.94,133.38,134.88,129.4
2024-07-28,1039,132.84,129.55,142.59,134.99
2024-07-29,1039,133.62,136.83,148.49,139.65
2024-07-30,1039,130.75,132.46,137.43,133.55
2024-07-31,1039,124.22,119.65,133.42,125.76
2024-08-01,1039,128.38,134.68,137.41,133.49
2024-08-02,1039,134.93,124.69,131.09,130.24
2024-08-03,1039,132.0,136.36,138.96,135.77
2024-08-04,1039,119.68,138.72,122.98,127.13
2024-08-05,1039,119.76,136.56,146.74,134.35
2024-08-06,1039,121.2,127.26,139.27,129.24
2024-08-07,1039,119.65,130.52,113.87,121.35
2024-08-08,1039,131.71,124.42,114.42,123.52
2024-08-09,1039,119.4,133.14,124.76,125.77
2024-08-10,1039,114.81,121.41,140.13,125.45
2024-08-11,1039,134.08,120.04,118.09,124.07
2024-08-12,1039,126.99,132.33,116.72,125.35
2024-08-13,1039,127.07,128.3,141.67,132.35
2024-08-14,1039,118.96,120.52,129.48,122.99
2024-08-15,1039,135.02,130.9,143.28,136.4
2024-08-16,1039,115.28,124.88,122.83,121.0
2024-08-17,1039,135.33,135.67,135.12,135.37
2024-08-18,1039,136.95,134.12,130.58,133.88
2024-08-19,1039,118.35,130.84,130.96,126.72
2024-08-20,1039,130.05,136.24,141.28,135.86
2024-08-21,1039,124.75,124.3,146.12,131.72
2024-08-22,1039,120.85,130.86,125.83,125.85
2024-08-23,1039,113.72,125.94,145.82,128.49
2024-08-24,1039,140.07,137.46,111.84,129.79
2024-08-25,1039,140.09,136.29,111.65,129.34
2024-08-26,1039,121.52,133.78,124.13,126.48
2024-08-27,1039,140.7,137.56,145.22,141.16
2024-08-28,1039,139.14,123.23,142.28,134.88
2024-08-29,1039,125.0,127.8,138.22,130.34
2024-08-30,1039,124.96,134.21,140.53,133.23
2024-08-31,1039,138.86,133.42,126.02,132.77
2024-09-01,1039,120.2,123.9,124.17,122.76
2024-09-02,1039,137.66,124.0,131.57,131.08
2024-09-03,1039,121.54,120.64,147.87,130.02
2024-09-04,1039,119.34,129.08,134.42,127.61
2024-09-05,1039,120.42,129.75,140.31,130.16
2024-09-06,1039,125.03,120.38,146.25,130.55
2024-09-07,1039,124.27,124.45,130.23,126.32
2024-09-08,1039,131.69,129.72,139.92,133.78
2024-09-09,1039,128.65,125.4,127.1,127.05
2024-09-10,1039,118.19,127.76,144.57,130.17
2024-09-11,1039,135.21,120.55,141.78,132.51
2024-09-12,1039,119.63,120.76,118.78,119.72
2024-09-13,1039,134.65,129.75,146.65,137.02
2024-09-14,1039,114.76,124.79,121.75,120.43
2024-09-15,1039,140.37,134.18,136.62,137.06
2024-09-16,1039,117.08,128.22,117.76,121.02
2024-09-17,1039,123.45,119.73,110.04,117.74
2024-09-18,1039,130.38,129.47,137.97,132.61
2024-09-19,1039,120.62,135.07,148.21,134.63
2024-09-20,1039,126.07,135.83,110.34,124.08
2024-09-21,1039,117.87,121.23,148.55,129.22
2024-09-22,1039,125.02,136.5,145.56,135.69
2024-09-23,1039,130.26,120.88,115.93,122.36
2024-09-24,1039,115.08,129.35,116.41,120.28
2024-09-25,1039,128.52,124.71,128.54,127.26
2024-09-26,1039,138.32,124.66,133.42,132.13
2024-09-27,1039,114.53,136.56,129.09,126.73
2024-09-28,1039,114.62,134.66,125.65,124.98
2024-09-29,1039,129.22,120.12,138.04,129.13
2024-09-30,1039,126.16,124.05,134.77,128.33
2024-10-01,1039,135.6,136.15,118.57,130.11
2024-10-02,1039,129.56,119.86,132.61,127.34
2024-10-03,1039,141.05,124.83,129.44,131.77
2024-10-04,1039,118.16,134.12,136.87,129.72
2024-10-05,1039,140.82,136.65,121.16,132.88
2024-10-06,1039,132.19,127.03,125.68,128.3
2024-10-07,1039,140.51,131.93,140.47,137.64
2024-10-08,1039,134.99,127.84,128.71,130.51
2024-10-09,1039,138.21,136.76,120.71,131.89
2024-10-10,1039,127.41,126.03,125.28,126.24
2024-10-11,1039,125.62,123.04,137.23,128.63
2024-10-12,1039,117.69,121.2,129.8,122.9
2024-10-13,1039,119.25,128.83,133.49,127.19
2024-10-14,1039,135.91,136.51,120.58,131.0
2024-10-15,1039,127.54,123.64,134.05,128.41
2024-10-16,1039,141.81,134.42,144.49,140.24
2024-10-17,1039,121.88,119.86,129.25,123.66
2024-10-18,1039,129.68,125.47,113.13,122.76
2024-10-19,1039,141.6,126.02,136.07,134.56
2024-10-20,1039,140.11,125.85,147.39,137.78
2024-10-21,1039,136.13,124.63,114.34,125.03
2024-10-22,1039,129.11,136.19,112.25,125.85
2024-10-23,1039,121.7,137.89,120.51,126.7
2024-10-24,1039,116.98,122.62,117.96,119.19
2024-10-25,1039,127.24,130.0,124.32,127.19
2024-10-26,1039,115.84,122.67,142.75,127.09
2024-10-27,1039,129.96,129.42,135.61,131.66
2024-10-28,1039,135.5,126.85,147.47,136.61
2024-10-29,1039,126.73,136.58,127.3,130.2
2024-10-30,1039,138.28,132.06,140.77,137.04
2024-10-31,1039,137.75,125.43,137.42,133.53
2024-11-01,1039,125.54,122.26,115.78,121.19
2024-11-02,1039,127.4,139.06,122.71,129.72
2024-11-03,1039,121.15,125.8,114.75,120.57
2024-11-04,1039,131.12,125.11,135.13,130.45
2024-11-05,1039,115.98,127.12,133.43,125.51
2024-11-06,1039,128.65,137.1,129.41,131.72
2024-11-07,1039,138.62,131.3,146.39,138.77
2024-11-08,1039,119.98,129.73,140.65,130.12
2024-11-09,1039,141.7,120.51,111.15,124.45
2024-11-10,1039,133.94,136.43,115.13,128.5
2024-11-11,1039,131.42,137.86,144.93,138.07
2024-11-12,1039,123.91,121.93,136.41,127.42
2024-11-13,1039,115.12,121.84,113.75,116.9
2024-11-14,1039,126.94,130.08,120.5,125.84
2024-11-15,1039,131.99,126.92,112.6,123.84
2024-11-16,1039,119.09,121.01,121.09,120.4
2024-11-17,1039,125.54,125.25,148.13,132.97
2024-11-18,1039,135.98,123.39,124.31,127.89
2024-11-19,1039,120.06,137.91,119.27,125.75
2024-11-20,1039,120.59,128.15,114.13,120.96
2024-11-21,1039,123.26,129.3,147.23,133.26
2024-11-22,1039,116.45,137.16,141.03,131.55
2024-11-23,1039,125.78,124.99,148.34,133.04
2024-11-24,1039,118.48,123.79,137.38,126.55
2024-11-25,1039,122.12,122.99,111.12,118.74
2024-11-26,1039,140.05,127.37,143.5,136.97
2024-11-27,1039,119.43,134.77,129.09,127.76
2024-11-28,1039,134.69,138.82,125.51,133.01
2024-11-29,1039,126.56,127.52,123.0,125.69
2024-11-30,1039,130.94,123.06,119.56,124.52
2024-12-01,1039,114.93,137.21,144.83,132.32
2024-12-02,1039,124.63,134.02,120.9,126.52
2024-12-03,1039,125.34,130.98,145.79,134.04
2024-12-04,1039,135.14,138.04,143.08,138.75
2024-12-05,1039,120.53,132.71,120.52,124.59
2024-12-06,1039,132.86,127.14,116.88,125.63
2024-12-07,1039,120.94,125.6,137.17,127.9
2024-12-08,1039,139.27,133.45,128.97,133.9
2024-12-09,1039,118.59,132.57,110.62,120.59
2024-12-10,1039,128.29,125.36,140.6,131.42
2024-12-11,1039,114.76,136.51,131.38,127.55
2024-12-12,1039,127.05,122.18,124.91,124.71
2024-12-13,1039,133.92,123.96,127.77,128.55
2024-12-14,1039,131.09,130.49,125.56,129.05
2024-12-15,1039,135.48,135.02,128.52,133.01
2024-12-16,1039,129.53,132.64,121.66,127.94
2024-12-17,1039,125.58,121.58,142.95,130.04
2024-12-18,1039,137.88,133.41,126.94,132.74
2024-12-19,1039,116.51,134.01,139.14,129.89
2024-12-20,1039,135.73,138.06,114.4,129.4
2024-12-21,1039,125.03,124.32,127.22,125.52
2024-12-22,1039,115.69,129.01,121.3,122.0
2024-12-23,1039,120.61,120.97,139.0,126.86
2024-12-24,1039,141.8,132.13,117.83,130.59
2024-12-25,1039,129.98,137.15,110.93,126.02
2024-12-26,1039,131.93,125.99,111.33,123.08
2024-12-27,1039,137.94,125.67,138.53,134.05
2024-12-28,1039,136.4,130.55,121.68,129.54
2024-12-29,1039,137.52,131.47,129.52,132.84
2024-12-30,1039,131.3,120.33,123.78,125.14
2024-01-01,1040,124.66,119.06,106.09,116.6
2024-01-02,1040,123.63,116.5,122.36,120.83
2024-01-03,1040,114.88,116.83,110.95,114.22
2024-01-04,1040,126.43,117.32,109.4,117.72
2024-01-05,1040,130.25,114.82,132.31,125.79
2024-01-06,1040,125.22,119.51,119.52,121.42
2024-01-07,1040,132.34,122.67,132.61,129.21
2024-01-08,1040,120.96,120.32,131.6,124.29
2024-01-09,1040,111.53,128.15,111.94,117.21
2024-01-10,1040,116.17,129.11,131.96,125.75
2024-01-11,1040,115.05,124.89,124.54,121.49
2024-01-12,1040,119.64,126.08,138.45,128.06
2024-01-13,1040,119.15,128.02,131.13,126.1
2024-01-14,1040,133.16,128.21,136.13,132.5
2024-01-15,1040,134.44,130.3,133.25,132.66
2024-01-16,1040,123.08,114.25,119.92,119.08
2024-01-17,1040,132.4,116.6,113.62,120.87
2024-01-18,1040,124.17,124.25,112.61,120.34
2024-01-19,1040,127.83,114.95,112.79,118.52
2024-01-20,1040,115.06,117.15,111.41,114.54
2024-01-21,1040,118.02,115.56,109.15,114.24
2024-01-22,1040,120.87,130.7,123.27,124.95
2024-01-23,1040,121.09,120.86,126.02,122.66
2024-01-24,1040,129.24,123.0,137.09,129.78
2024-01-25,1040,113.1,126.18,114.75,118.01
2024-01-26,1040,119.03,127.86,120.25,122.38
2024-01-27,1040,111.95,122.6,139.43,124.66
2024-01-28,1040,131.53,119.27,111.17,120.66
2024-01-29,1040,110.3,131.02,123.1,121.47
2024-01-30,1040,117.06,114.57,111.56,114.4
2024-01-31,1040,115.11,124.53,104.59,114.74
2024-02-01,1040,110.32,122.69,127.84,120.28
2024-02-02,1040,133.48,117.56,132.6,127.88
2024-02-03,1040,113.77,117.97,125.44,119.06
2024-02-04,1040,130.21,123.06,141.29,131.52
2024-02-05,1040,121.77,129.18,112.61,121.19
2024-02-06,1040,133.76,126.23,110.56,123.52
2024-02-07,1040,119.23,127.67,139.15,128.68
2024-02-08,1040,113.57,113.86,105.62,111.02
2024-02-09,1040,109.61,132.39,113.49,118.5
2024-02-10,1040,112.16,120.2,128.46,120.27
2024-02-11,1040,120.09,130.68,129.73,126.83
2024-02-12,1040,123.8,124.87,132.56,127.08
2024-02-13,1040,124.29,128.37,117.53,123.4
2024-02-14,1040,134.36,121.62,141.1,132.36
2024-02-15,1040,123.74,130.26,127.35,127.12
2024-02-16,1040,127.85,129.81,113.9,123.85
2024-02-17,1040,120.71,115.84,138.2,124.92
2024-02-18,1040,110.89,122.19,132.96,122.01
2024-02-19,1040,127.72,120.07,131.69,126.49
2024-02-20,1040,132.0,118.95,112.16,121.04
2024-02-21,1040,110.06,122.95,138.48,123.83
2024-02-22,1040,116.36,116.86,107.03,113.42
2024-02-23,1040,116.64,120.89,122.48,120.0
2024-02-24,1040,134.33,117.32,115.67,122.44
2024-02-25,1040,130.1,117.88,133.45,127.14
2024-02-26,1040,129.87,129.97,123.39,127.74
2024-02-27,1040,116.93,116.08,135.36,122.79
2024-02-28,1040,133.1,115.84,125.12,124.69
2024-02-29,1040,117.48,121.07,123.72,120.76
2024-03-01,1040,120.05,117.05,135.3,124.13
2024-03-02,1040,111.78,114.94,139.99,122.24
2024-03-03,1040,120.66,129.07,135.35,128.36
2024-03-04,1040,134.14,118.68,129.02,127.28
2024-03-05,1040,121.52,122.15,123.79,122.49
2024-03-06,1040,126.14,132.34,113.62,124.03
2024-03-07,1040,122.04,117.2,121.56,120.27
2024-03-08,1040,128.76,131.66,114.46,124.96
2024-03-09,1040,126.23,127.79,115.44,123.15
2024-03-10,1040,134.95,119.8,112.82,122.52
2024-03-11,1040,124.1,131.9,128.46,128.15
2024-03-12,1040,115.86,118.89,105.6,113.45
2024-03-13,1040,116.3,120.42,125.84,120.85
2024-03-14,1040,111.86,131.49,105.52,116.29
2024-03-15,1040,127.46,119.04,110.97,119.16
2024-03-16,1040,121.25,132.57,116.96,123.59
2024-03-17,1040,123.26,128.39,139.8,130.48
2024-03-18,1040,120.01,128.6,110.62,119.74
2024-03-19,1040,123.44,116.49,139.99,126.64
2024-03-20,1040,134.56,122.98,129.53,129.02
2024-03-21,1040,111.07,128.53,136.92,125.51
2024-03-22,1040,121.31,124.42,119.73,121.82
2024-03-23,1040,133.88,121.94,123.54,126.45
2024-03-24,1040,122.14,117.16,125.83,121.71
2024-03-25,1040,120.22,128.31,116.35,121.63
2024-03-26,1040,124.58,121.84,112.57,119.66
2024-03-27,1040,132.9,123.44,128.64,128.33
2024-03-28,1040,133.6,123.79,136.16,131.18
2024-03-29,1040,113.5,126.03,109.75,116.43
2024-03-30,1040,115.16,118.7,132.1,121.99
2024-03-31,1040,110.99,118.33,129.36,119.56
2024-04-01,1040,131.6,115.74,128.14,125.16
2024-04-02,1040,118.74,132.45,122.52,124.57
2024-04-03,1040,129.03,127.28,135.84,130.72
2024-04-04,1040,126.13,132.56,112.98,123.89
2024-04-05,1040,112.91,126.54,116.36,118.6
2024-04-06,1040,109.65,117.58,116.97,114.73
2024-04-07,1040,125.08,130.4,129.73,128.4
2024-04-08,1040,109.7,116.34,126.27,117.44
2024-04-09,1040,114.69,122.51,123.68,120.29
2024-04-10,1040,117.93,123.13,108.74,116.6
2024-04-11,1040,120.68,126.08,115.18,120.65
2024-04-12,1040,122.42,120.5,114.17,119.03
2024-04-13,1040,113.48,118.04,122.47,118.0
2024-04-14,1040,121.08,125.45,112.23,119.59
2024-04-15,1040,116.67,119.79,134.35,123.6
2024-04-16,1040,132.51,127.67,106.6,122.26
2024-04-17,1040,122.89,129.54,115.66,122.7
2024-04-18,1040,128.03,128.23,104.97,120.41
2024-04-19,1040,129.22,127.01,125.5,127.24
2024-04-20,1040,109.8,129.55,111.98,117.11
2024-04-21,1040,129.28,116.97,115.62,120.62
2024-04-22,1040,116.34,125.4,107.75,116.5
2024-04-23,1040,113.82,121.21,109.4,114.81
2024-04-24,1040,119.22,119.85,135.92,125.0
2024-04-25,1040,111.7,127.21,120.97,119.96
2024-04-26,1040,109.71,117.02,118.4,115.04
2024-04-27,1040,119.1,128.68,132.9,126.89
2024-04-28,1040,119.27,127.35,109.14,118.59
2024-04-29,1040,131.21,128.79,118.37,126.12
2024-04-30,1040,117.57,120.53,138.11,125.4
2024-05-01,1040,110.66,113.19,120.73,114.86
2024-05-02,1040,115.28,120.19,114.27,116.58
2024-05-03,1040,130.68,130.1,120.61,127.13
2024-05-04,1040,130.35,128.87,126.1,128.44
2024-05-05,1040,130.02,123.34,114.54,122.63
2024-05-06,1040,116.26,118.37,108.46,114.36
2024-05-07,1040,111.17,130.66,112.45,118.09
2024-05-08,1040,129.7,130.35,117.1,125.72
2024-05-09,1040,133.53,121.78,106.66,120.66
2024-05-10,1040,113.59,129.38,110.37,117.78
2024-05-11,1040,116.1,114.68,139.85,123.54
2024-05-12,1040,121.89,126.36,136.36,128.2
2024-05-13,1040,113.12,120.73,126.14,120.0
2024-05-14,1040,134.63,115.5,108.7,119.61
2024-05-15,1040,109.24,132.61,141.01,127.62
2024-05-16,1040,113.77,121.2,124.22,119.73
2024-05-17,1040,134.96,131.68,125.61,130.75
2024-05-18,1040,108.75,127.69,122.88,119.77
2024-05-19,1040,116.17,126.95,127.23,123.45
2024-05-20,1040,132.01,126.6,130.97,129.86
2024-05-21,1040,109.85,121.62,138.9,123.46
2024-05-22,1040,110.86,127.42,113.61,117.3
2024-05-23,1040,127.53,121.06,121.61,123.4
2024-05-24,1040,113.11,124.07,109.91,115.7
2024-05-25,1040,115.69,124.75,105.08,115.17
2024-05-26,1040,121.88,131.29,136.66,129.94
2024-05-27,1040,115.07,117.28,132.24,121.53
2024-05-28,1040,121.5,128.32,116.49,122.1
2024-05-29,1040,128.8,128.9,114.76,124.15
2024-05-30,1040,128.49,118.5,118.99,121.99
2024-05-31,1040,116.14,125.99,140.55,127.56
2024-06-01,1040,111.54,119.96,119.94,117.15
2024-06-02,1040,111.01,127.83,116.45,118.43
2024-06-03,1040,127.03,116.41,139.91,127.78
2024-06-04,1040,126.54,129.97,141.22,132.58
2024-06-05,1040,132.38,113.81,131.62,125.94
2024-06-06,1040,122.45,125.51,129.16,125.71
2024-06-07,1040,123.63,127.22,133.2,128.02
2024-06-08,1040,116.81,127.85,139.49,128.05
2024-06-09,1040,116.14,116.62,121.03,117.93
2024-06-10,1040,116.23,118.63,112.61,115.82
2024-06-11,1040,133.55,119.98,124.57,126.03
2024-06-12,1040,119.72,124.26,132.73,125.57
2024-06-13,1040,120.56,124.01,115.15,119.91
2024-06-14,1040,134.59,125.01,121.12,126.91
2024-06-15,1040,117.95,122.56,133.42,124.64
2024-06-16,1040,116.1,119.99,110.1,115.4
2024-06-17,1040,110.35,119.15,110.19,113.23
2024-06-18,1040,121.68,119.43,122.06,121.06
2024-06-19,1040,115.9,120.48,110.81,115.73
2024-06-20,1040,123.97,126.18,105.87,118.67
2024-06-21,1040,110.49,115.62,120.83,115.65
2024-06-22,1040,125.45,116.21,129.0,123.55
2024-06-23,1040,118.22,118.58,120.5,119.1
2024-06-24,1040,111.88,127.51,129.86,123.08
2024-06-25,1040,115.55,119.65,116.37,117.19
2024-06-26,1040,127.99,124.8,124.69,125.83
2024-06-27,1040,132.26,124.5,123.91,126.89
2024-06-28,1040,126.81,126.76,107.92,120.5
2024-06-29,1040,130.62,132.47,119.86,127.65
2024-06-30,1040,108.49,114.64,131.11,118.08
2024-07-01,1040,119.94,129.9,136.68,128.84
2024-07-02,1040,129.59,126.2,111.45,122.41
2024-07-03,1040,129.16,118.35,114.93,120.81
2024-07-04,1040,133.37,121.7,118.0,124.36
2024-07-05,1040,134.16,119.54,127.31,127.0
2024-07-06,1040,120.93,123.56,105.78,116.76
2024-07-07,1040,134.41,124.36,111.59,123.45
2024-07-08,1040,112.37,119.65,120.98,117.67
2024-07-09,1040,115.72,125.23,125.91,122.29
2024-07-10,1040,113.22,115.35,106.89,111.82
2024-07-11,1040,127.87,126.87,111.99,122.24
2024-07-12,1040,116.91,118.96,105.61,113.83
2024-07-13,1040,122.83,114.43,126.68,121.31
2024-07-14,1040,118.08,127.97,105.98,117.34
2024-07-15,1040,117.58,131.83,130.51,126.64
2024-07-16,1040,124.65,123.36,122.23,123.41
2024-07-17,1040,113.27,117.39,118.69,116.45
2024-07-18,1040,112.73,124.39,114.61,117.24
2024-07-19,1040,124.01,117.41,130.74,124.05
2024-07-20,1040,125.41,127.35,134.49,129.08
2024-07-21,1040,116.87,129.37,122.28,122.84
2024-07-22,1040,125.85,113.87,132.18,123.97
2024-07-23,1040,108.27,119.33,118.89,115.5
2024-07-24,1040,132.41,119.59,131.21,127.74
2024-07-25,1040,126.59,128.05,120.78,125.14
2024-07-26,1040,124.51,125.77,139.7,129.99
2024-07-27,1040,120.75,131.23,105.36,119.11
2024-07-28,1040,116.5,113.66,135.03,121.73
2024-07-29,1040,109.77,128.89,132.11,123.59
2024-07-30,1040,133.69,121.37,136.35,130.47
2024-07-31,1040,108.49,118.76,121.47,116.24
2024-08-01,1040,126.45,129.58,116.61,124.21
2024-08-02,1040,115.94,126.01,109.53,117.16
2024-08-03,1040,134.6,118.03,130.9,127.84
2024-08-04,1040,118.77,132.29,107.6,119.55
2024-08-05,1040,131.7,129.75,136.36,132.6
2024-08-06,1040,120.72,131.66,118.76,123.71
2024-08-07,1040,130.46,127.7,105.86,121.34
2024-08-08,1040,122.68,129.68,135.17,129.18
2024-08-09,1040,113.22,123.17,123.61,120.0
2024-08-10,1040,131.85,123.36,130.57,128.59
2024-08-11,1040,110.75,131.5,120.65,120.97
2024-08-12,1040,129.88,113.86,139.08,127.61
2024-08-13,1040,120.89,128.84,125.78,125.17
2024-08-14,1040,125.24,114.69,116.16,118.7
2024-08-15,1040,133.5,129.68,113.94,125.71
2024-08-16,1040,120.12,114.15,110.97,115.08
2024-08-17,1040,119.39,119.55,120.94,119.96
2024-08-18,1040,112.77,114.27,128.57,118.54
2024-08-19,1040,109.83,118.03,110.24,112.7
2024-08-20,1040,121.65,123.41,127.81,124.29
2024-08-21,1040,135.04,117.31,110.19,120.85
2024-08-22,1040,131.17,121.53,105.36,119.35
2024-08-23,1040,120.36,122.21,141.4,127.99
2024-08-24,1040,127.76,113.17,124.95,121.96
2024-08-25,1040,117.46,120.34,115.76,117.85
2024-08-26,1040,116.1,122.97,124.31,121.13
2024-08-27,1040,112.67,117.6,136.75,122.34
2024-08-28,1040,113.89,114.32,123.87,117.36
2024-08-29,1040,132.72,115.95,115.56,121.41
2024-08-30,1040,131.87,121.29,111.59,121.58
2024-08-31,1040,108.72,115.55,104.69,109.65
2024-09-01,1040,120.4,127.52,131.76,126.56
2024-09-02,1040,122.47,119.5,124.8,122.26
2024-09-03,1040,126.46,113.93,137.6,126.0
2024-09-04,1040,128.66,114.6,137.89,127.05
2024-09-05,1040,110.11,127.28,110.49,115.96
2024-09-06,1040,119.24,119.81,132.87,123.97
2024-09-07,1040,121.31,121.47,126.46,123.08
2024-09-08,1040,129.82,124.79,132.09,128.9
2024-09-09,1040,124.8,123.23,124.28,124.1
2024-09-10,1040,128.06,132.7,106.23,122.33
2024-09-11,1040,130.79,121.43,123.94,125.39
2024-09-12,1040,121.77,126.31,105.28,117.79
2024-09-13,1040,131.71,127.96,108.59,122.75
2024-09-14,1040,111.65,127.74,140.97,126.79
2024-09-15,1040,123.52,129.03,140.07,130.87
2024-09-16,1040,120.51,121.33,123.15,121.66
2024-09-17,1040,111.36,123.01,134.86,123.08
2024-09-18,1040,115.5,120.67,141.02,125.73
2024-09-19,1040,124.55,119.51,129.47,124.51
2024-09-20,1040,123.7,128.35,135.87,129.31
2024-09-21,1040,118.23,130.27,109.84,119.45
2024-09-22,1040,109.39,125.29,137.8,124.16
2024-09-23,1040,118.51,125.34,132.74,125.53
2024-09-24,1040,111.37,131.36,107.49,116.74
2024-09-25,1040,130.47,125.03,125.64,127.05
2024-09-26,1040,114.54,113.54,109.25,112.44
2024-09-27,1040,128.48,130.59,130.78,129.95
2024-09-28,1040,122.34,129.31,139.33,130.33
2024-09-29,1040,122.08,129.07,109.08,120.08
2024-09-30,1040,128.47,114.47,117.27,120.07
2024-10-01,1040,120.8,127.23,127.64,125.22
2024-10-02,1040,119.94,121.04,108.71,116.56
2024-10-03,1040,128.13,116.12,114.35,119.53
2024-10-04,1040,111.07,131.74,110.02,117.61
2024-10-05,1040,108.97,113.77,125.92,116.22
2024-10-06,1040,116.43,131.17,106.83,118.14
2024-10-07,1040,118.58,121.25,124.68,121.5
2024-10-08,1040,108.94,128.08,106.44,114.49
2024-10-09,1040,133.83,127.39,121.64,127.62
2024-10-10,1040,134.01,127.04,107.43,122.83
2024-10-11,1040,114.05,128.77,111.37,118.06
2024-10-12,1040,117.47,128.45,106.23,117.38
2024-10-13,1040,133.92,118.0,110.95,120.96
2024-10-14,1040,125.52,132.82,123.88,127.41
2024-10-15,1040,112.53,113.76,126.89,117.73
2024-10-16,1040,114.5,131.24,117.03,120.92
2024-10-17,1040,110.55,123.26,136.62,123.48
2024-10-18,1040,109.13,117.8,109.41,112.11
2024-10-19,1040,118.36,125.04,137.7,127.03
2024-10-20,1040,110.63,120.04,132.09,120.92
2024-10-21,1040,108.44,115.47,131.53,118.48
2024-10-22,1040,114.37,115.29,136.92,122.19
2024-10-23,1040,124.4,116.91,112.96,118.09
2024-10-24,1040,111.63,131.5,116.6,119.91
2024-10-25,1040,122.3,128.33,114.38,121.67
2024-10-26,1040,131.26,125.39,105.37,120.67
2024-10-27,1040,114.75,120.41,118.94,118.03
2024-10-28,1040,130.37,129.88,126.0,128.75
2024-10-29,1040,109.45,126.88,141.33,125.89
2024-10-30,1040,135.25,115.95,138.74,129.98
2024-10-31,1040,117.58,125.56,135.66,126.27
2024-11-01,1040,125.85,113.67,137.37,125.63
2024-11-02,1040,111.42,131.52,134.27,125.74
2024-11-03,1040,111.35,115.95,111.66,112.99
2024-11-04,1040,109.09,126.73,140.15,125.32
2024-11-05,1040,132.65,127.24,128.91,129.6
2024-11-06,1040,120.95,123.46,120.52,121.64
2024-11-07,1040,111.65,123.66,139.97,125.09
2024-11-08,1040,118.35,120.59,116.58,118.51
2024-11-09,1040,117.71,120.39,132.59,123.56
2024-11-10,1040,132.16,129.41,140.61,134.06
2024-11-11,1040,117.03,115.13,108.47,113.54
2024-11-12,1040,132.78,127.02,112.91,124.24
2024-11-13,1040,130.55,129.69,126.74,128.99
2024-11-14,1040,129.67,129.61,110.38,123.22
2024-11-15,1040,115.18,127.28,114.11,118.86
2024-11-16,1040,132.47,113.93,141.08,129.16
2024-11-17,1040,117.83,122.68,136.87,125.79
2024-11-18,1040,109.77,115.44,130.05,118.42
2024-11-19,1040,112.69,117.28,132.97,120.98
2024-11-20,1040,118.26,115.4,134.28,122.65
2024-11-21,1040,115.35,119.01,126.77,120.38
2024-11-22,1040,125.53,130.27,118.26,124.69
2024-11-23,1040,121.8,119.33,113.8,118.31
2024-11-24,1040,115.09,129.79,115.08,119.99
2024-11-25,1040,134.01,121.72,107.05,120.93
2024-11-26,1040,133.24,127.59,139.03,133.29
2024-11-27,1040,120.89,119.66,119.07,119.87
2024-11-28,1040,132.2,124.82,131.34,129.45
2024-11-29,1040,115.85,116.3,133.28,121.81
2024-11-30,1040,122.89,121.32,115.41,119.87
2024-12-01,1040,121.38,122.14,111.21,118.24
2024-12-02,1040,127.7,123.13,105.99,118.94
2024-12-03,1040,116.37,122.41,120.4,119.73
2024-12-04,1040,126.9,115.27,114.78,118.98
2024-12-05,1040,120.94,128.7,139.07,129.57
2024-12-06,1040,116.7,127.47,128.7,124.29
2024-12-07,1040,124.98,121.64,109.43,118.68
2024-12-08,1040,118.11,129.54,107.28,118.31
2024-12-09,1040,113.4,116.56,118.53,116.16
2024-12-10,1040,133.95,119.96,106.77,120.23
2024-12-11,1040,128.17,120.4,139.07,129.21
2024-12-12,1040,130.56,117.85,134.14,127.52
2024-12-13,1040,133.22,120.82,126.35,126.8
2024-12-14,1040,125.23,117.41,131.82,124.82
2024-12-15,1040,135.2,122.6,125.27,127.69
2024-12-16,1040,133.22,132.59,140.9,135.57
2024-12-17,1040,111.49,116.58,137.22,121.76
2024-12-18,1040,129.09,115.92,138.38,127.8
2024-12-19,1040,122.66,124.46,118.97,122.03
2024-12-20,1040,115.09,113.92,112.05,113.69
2024-12-21,1040,117.68,116.17,136.24,123.36
2024-12-22,1040,110.76,131.09,116.62,119.49
2024-12-23,1040,117.33,127.88,113.06,119.42
2024-12-24,1040,125.51,121.85,134.03,127.13
2024-12-25,1040,118.44,128.02,140.31,128.92
2024-12-26,1040,129.06,121.94,119.27,123.42
2024-12-27,1040,110.52,122.33,108.62,113.82
2024-12-28,1040,110.68,132.14,125.35,122.72
2024-12-29,1040,120.04,131.11,141.09,130.75
2024-12-30,1040,131.6,123.88,139.29,131.59
2024-01-01,1041,16.33,15.93,18.7,16.99
2024-01-02,1041,17.18,17.91,16.35,17.15
2024-01-03,1041,16.88,17.89,15.66,16.81
2024-01-04,1041,18.58,17.4,16.95,17.64
2024-01-05,1041,16.56,16.98,17.57,17.04
2024-01-06,1041,16.34,18.25,18.43,17.67
2024-01-07,1041,16.26,16.18,19.3,17.25
2024-01-08,1041,18.26,16.26,16.93,17.15
2024-01-09,1041,15.34,16.8,17.28,16.47
2024-01-10,1041,16.11,16.43,16.0,16.18
2024-01-11,1041,17.41,18.45,18.79,18.22
2024-01-12,1041,18.78,18.46,18.66,18.63
2024-01-13,1041,15.5,16.1,18.44,16.68
2024-01-14,1041,16.54,16.37,16.74,16.55
2024-01-15,1041,15.81,17.88,19.19,17.63
2024-01-16,1041,18.01,17.86,14.67,16.85
2024-01-17,1041,18.79,17.25,17.53,17.86
2024-01-18,1041,15.96,16.19,16.21,16.12
2024-01-19,1041,16.48,17.84,18.84,17.72
2024-01-20,1041,17.87,18.28,19.33,18.49
2024-01-21,1041,18.56,16.56,18.75,17.96
2024-01-22,1041,17.73,15.98,15.69,16.47
2024-01-23,1041,15.39,15.89,16.25,15.84
2024-01-24,1041,15.19,16.26,18.52,16.66
2024-01-25,1041,15.35,18.19,17.07,16.87
2024-01-26,1041,17.0,17.62,15.27,16.63
2024-01-27,1041,18.19,17.32,16.36,17.29
2024-01-28,1041,15.67,17.33,17.11,16.7
2024-01-29,1041,17.22,18.24,18.56,18.01
2024-01-30,1041,18.82,17.82,18.7,18.45
2024-01-31,1041,15.82,17.91,16.68,16.8
2024-02-01,1041,16.82,18.02,19.5,18.11
2024-02-02,1041,18.14,16.12,19.6,17.95
2024-02-03,1041,18.89,16.12,19.25,18.09
2024-02-04,1041,15.57,18.14,17.87,17.19
2024-02-05,1041,17.97,16.66,19.51,18.05
2024-02-06,1041,15.2,18.37,19.04,17.54
2024-02-07,1041,16.57,17.16,14.99,16.24
2024-02-08,1041,16.74,15.91,17.3,16.65
2024-02-09,1041,15.69,17.62,19.39,17.57
2024-02-10,1041,15.85,18.0,18.89,17.58
2024-02-11,1041,16.7,16.27,18.63,17.2
2024-02-12,1041,15.23,18.46,14.73,16.14
2024-02-13,1041,18.1,16.08,18.16,17.45
2024-02-14,1041,17.12,17.85,16.9,17.29
2024-02-15,1041,18.01,16.1,17.03,17.05
2024-02-16,1041,17.07,16.81,17.01,16.96
2024-02-17,1041,16.54,18.21,19.06,17.94
2024-02-18,1041,18.01,15.96,17.79,17.25
2024-02-19,1041,17.21,17.31,17.26,17.26
2024-02-20,1041,15.97,17.04,17.37,16.79
2024-02-21,1041,15.63,16.17,16.17,15.99
2024-02-22,1041,18.88,18.31,18.84,18.68
2024-02-23,1041,16.11,17.14,15.37,16.21
2024-02-24,1041,15.87,17.8,16.07,16.58
2024-02-25,1041,15.32,15.91,15.82,15.68
2024-02-26,1041,18.43,16.81,16.1,17.11
2024-02-27,1041,18.4,16.96,15.94,17.1
2024-02-28,1041,16.42,17.65,16.34,16.8
2024-02-29,1041,17.42,18.45,17.74,17.87
2024-03-01,1041,17.63,18.13,14.69,16.82
2024-03-02,1041,15.57,18.43,15.31,16.44
2024-03-03,1041,17.52,17.96,17.76,17.75
2024-03-04,1041,18.93,16.31,16.7,17.31
2024-03-05,1041,18.0,16.85,15.55,16.8
2024-03-06,1041,15.58,17.26,18.47,17.1
2024-03-07,1041,16.92,18.2,15.71,16.94
2024-03-08,1041,16.2,15.85,15.28,15.78
2024-03-09,1041,16.09,18.4,18.95,17.81
2024-03-10,1041,15.85,17.61,18.26,17.24
2024-03-11,1041,18.91,17.53,17.99,18.14
2024-03-12,1041,18.77,17.97,18.23,18.32
2024-03-13,1041,17.69,17.41,17.86,17.65
2024-03-14,1041,15.75,18.31,14.68,16.25
2024-03-15,1041,18.11,18.3,17.8,18.07
2024-03-16,1041,15.95,18.32,18.89,17.72
2024-03-17,1041,16.76,17.39,15.2,16.45
2024-03-18,1041,17.69,17.65,17.47,17.6
2024-03-19,1041,15.76,18.29,19.3,17.78
2024-03-20,1041,18.34,16.36,17.5,17.4
2024-03-21,1041,17.42,16.53,17.21,17.05
2024-03-22,1041,17.01,16.67,19.34,17.67
2024-03-23,1041,17.35,18.28,17.75,17.79
2024-03-24,1041,17.9,17.92,19.42,18.41
2024-03-25,1041,15.87,17.48,16.88,16.74
2024-03-26,1041,15.72,17.58,17.79,17.03
2024-03-27,1041,15.6,15.91,14.7,15.4
2024-03-28,1041,17.13,16.17,19.31,17.54
2024-03-29,1041,18.04,17.15,17.39,17.53
2024-03-30,1041,18.74,16.55,17.85,17.71
2024-03-31,1041,17.53,18.57,19.04,18.38
2024-04-01,1041,16.86,17.18,18.2,17.41
2024-04-02,1041,15.22,16.31,17.13,16.22
2024-04-03,1041,16.41,16.58,16.6,16.53
2024-04-04,1041,18.23,16.69,16.09,17.0
2024-04-05,1041,15.58,18.06,17.19,16.94
2024-04-06,1041,16.66,16.52,16.56,16.58
2024-04-07,1041,16.7,17.52,19.5,17.91
2024-04-08,1041,17.28,17.35,18.05,17.56
2024-04-09,1041,15.92,16.19,18.93,17.01
2024-04-10,1041,18.67,17.8,18.14,18.2
2024-04-11,1041,16.98,17.64,16.68,17.1
2024-04-12,1041,18.08,18.44,16.75,17.76
2024-04-13,1041,17.86,16.02,17.63,17.17
2024-04-14,1041,15.42,16.41,17.17,16.33
2024-04-15,1041,16.98,17.79,14.91,16.56
2024-04-16,1041,17.12,16.93,16.67,16.91
2024-04-17,1041,15.45,16.69,18.08,16.74
2024-04-18,1041,16.59,17.58,16.87,17.01
2024-04-19,1041,17.1,16.15,16.64,16.63
2024-04-20,1041,16.67,17.68,15.54,16.63
2024-04-21,1041,16.95,17.69,16.26,16.97
2024-04-22,1041,18.72,16.93,17.79,17.81
2024-04-23,1041,18.44,17.87,18.61,18.31
2024-04-24,1041,17.67,17.33,18.64,17.88
2024-04-25,1041,17.0,18.2,15.6,16.93
2024-04-26,1041,16.86,18.27,18.1,17.74
2024-04-27,1041,16.87,18.15,18.96,17.99
2024-04-28,1041,15.16,18.32,19.58,17.69
2024-04-29,1041,15.96,16.23,18.26,16.82
2024-04-30,1041,16.84,15.93,15.41,16.06
2024-05-01,1041,17.95,16.43,17.99,17.46
2024-05-02,1041,17.18,17.78,19.36,18.11
2024-05-03,1041,18.67,17.05,17.21,17.64
2024-05-04,1041,16.3,17.33,17.87,17.17
2024-05-05,1041,17.27,18.38,14.87,16.84
2024-05-06,1041,17.72,18.16,15.67,17.18
2024-05-07,1041,15.72,16.56,18.42,16.9
2024-05-08,1041,17.01,17.08,15.34,16.48
2024-05-09,1041,17.78,16.72,18.25,17.58
2024-05-10,1041,16.89,16.5,15.16,16.18
2024-05-11,1041,15.8,15.95,16.96,16.24
2024-05-12,1041,16.87,17.95,19.6,18.14
2024-05-13,1041,16.02,17.92,18.16,17.37
2024-05-14,1041,18.57,18.41,18.18,18.39
2024-05-15,1041,15.76,16.57,17.38,16.57
2024-05-16,1041,16.84,17.98,18.32,17.71
2024-05-17,1041,18.31,17.99,14.98,17.09
2024-05-18,1041,17.97,16.01,19.72,17.9
2024-05-19,1041,16.93,18.12,15.57,16.87
2024-05-20,1041,18.14,16.38,16.64,17.05
2024-05-21,1041,18.66,17.13,15.83,17.21
2024-05-22,1041,18.61,17.03,16.49,17.38
2024-05-23,1041,18.0,16.33,17.04,17.12
2024-05-24,1041,17.14,16.01,16.07,16.41
2024-05-25,1041,17.6,16.17,16.51,16.76
2024-05-26,1041,16.03,17.33,15.39,16.25
2024-05-27,1041,17.21,17.78,18.06,17.68
2024-05-28,1041,15.62,18.38,15.75,16.58
2024-05-29,1041,15.8,16.28,15.07,15.72
2024-05-30,1041,17.12,17.53,14.8,16.48
2024-05-31,1041,18.37,16.83,15.5,16.9
2024-06-01,1041,17.54,16.97,19.27,17.93
2024-06-02,1041,16.09,17.12,18.68,17.3
2024-06-03,1041,15.17,18.24,15.82,16.41
2024-06-04,1041,16.68,16.25,18.11,17.01
2024-06-05,1041,16.84,17.92,17.22,17.33
2024-06-06,1041,18.4,16.56,15.51,16.82
2024-06-07,1041,15.38,18.47,17.55,17.13
2024-06-08,1041,16.26,18.06,19.53,17.95
2024-06-09,1041,18.08,17.47,16.54,17.36
2024-06-10,1041,16.77,18.57,16.51,17.28
2024-06-11,1041,16.92,16.07,18.58,17.19
2024-06-12,1041,17.14,18.25,14.87,16.75
2024-06-13,1041,18.41,18.22,14.94,17.19
2024-06-14,1041,15.32,18.43,17.92,17.22
2024-06-15,1041,17.28,16.0,15.49,16.26
2024-06-16,1041,17.48,16.42,15.77,16.56
2024-06-17,1041,15.17,15.96,19.13,16.75
2024-06-18,1041,17.05,16.24,15.17,16.15
2024-06-19,1041,17.79,17.1,18.41,17.77
2024-06-20,1041,16.58,16.52,17.72,16.94
2024-06-21,1041,17.39,16.24,16.55,16.73
2024-06-22,1041,15.29,16.62,19.38,17.1
2024-06-23,1041,18.02,15.97,16.84,16.94
2024-06-24,1041,16.1,16.66,17.57,16.78
2024-06-25,1041,16.77,16.04,19.26,17.36
2024-06-26,1041,18.15,16.78,18.57,17.83
2024-06-27,1041,18.07,17.08,15.01,16.72
2024-06-28,1041,16.35,18.58,19.16,18.03
2024-06-29,1041,16.5,15.95,14.7,15.72
2024-06-30,1041,17.82,17.09,18.6,17.84
2024-07-01,1041,16.74,18.57,16.22,17.18
2024-07-02,1041,16.78,16.18,16.47,16.48
2024-07-03,1041,17.64,16.64,17.56,17.28
2024-07-04,1041,15.44,18.01,19.63,17.69
2024-07-05,1041,18.78,17.65,19.02,18.48
2024-07-06,1041,17.4,17.25,18.95,17.87
2024-07-07,1041,15.25,17.49,18.88,17.21
2024-07-08,1041,18.55,17.3,16.72,17.52
2024-07-09,1041,16.16,17.68,18.76,17.53
2024-07-10,1041,18.43,17.36,16.26,17.35
2024-07-11,1041,15.71,17.62,16.12,16.48
2024-07-12,1041,15.54,18.37,19.3,17.74
2024-07-13,1041,17.67,16.79,15.63,16.7
2024-07-14,1041,16.05,18.04,18.69,17.59
2024-07-15,1041,18.63,18.34,18.92,18.63
2024-07-16,1041,18.52,18.4,18.76,18.56
2024-07-17,1041,16.44,16.51,15.36,16.1
2024-07-18,1041,16.51,15.86,19.49,17.29
2024-07-19,1041,17.72,16.18,16.33,16.74
2024-07-20,1041,16.03,16.33,16.07,16.14
2024-07-21,1041,17.81,18.24,16.66,17.57
2024-07-22,1041,16.34,16.37,16.13,16.28
2024-07-23,1041,15.4,18.2,17.34,16.98
2024-07-24,1041,15.15,17.88,17.1,16.71
2024-07-25,1041,17.06,17.16,18.83,17.68
2024-07-26,1041,17.71,17.61,19.06,18.13
2024-07-27,1041,18.49,18.39,15.2,17.36
2024-07-28,1041,16.68,17.78,15.31,16.59
2024-07-29,1041,17.34,16.46,18.09,17.3
2024-07-30,1041,18.42,16.77,17.37,17.52
2024-07-31,1041,16.75,16.16,18.05,16.99
2024-08-01,1041,18.59,16.1,17.24,17.31
2024-08-02,1041,17.27,16.26,19.5,17.68
2024-08-03,1041,16.2,15.97,15.63,15.93
2024-08-04,1041,15.64,16.38,16.68,16.23
2024-08-05,1041,16.13,18.38,19.73,18.08
2024-08-06,1041,16.06,16.58,17.44,16.69
2024-08-07,1041,15.82,16.74,14.89,15.82
2024-08-08,1041,18.08,16.31,18.73,17.71
2024-08-09,1041,16.86,18.32,16.07,17.08
2024-08-10,1041,18.5,15.92,17.0,17.14
2024-08-11,1041,16.82,17.47,19.09,17.79
2024-08-12,1041,18.2,16.47,19.32,18.0
2024-08-13,1041,15.23,17.94,19.06,17.41
2024-08-14,1041,18.77,17.65,15.5,17.31
2024-08-15,1041,17.51,16.97,15.42,16.63
2024-08-16,1041,17.3,17.5,17.51,17.44
2024-08-17,1041,17.3,16.95,14.91,16.39
2024-08-18,1041,18.15,17.26,19.45,18.29
2024-08-19,1041,15.79,16.45,15.46,15.9
2024-08-20,1041,18.03,16.11,17.2,17.11
2024-08-21,1041,16.29,17.15,17.31,16.92
2024-08-22,1041,18.73,16.78,19.26,18.26
2024-08-23,1041,17.03,18.24,17.18,17.48
2024-08-24,1041,18.59,16.44,19.68,18.24
2024-08-25,1041,17.48,15.97,15.5,16.32
2024-08-26,1041,17.18,17.78,18.73,17.9
2024-08-27,1041,17.28,16.17,15.82,16.42
2024-08-28,1041,15.98,16.35,18.36,16.9
2024-08-29,1041,16.48,16.54,14.89,15.97
2024-08-30,1041,17.03,18.54,18.7,18.09
2024-08-31,1041,17.49,16.88,15.56,16.64
2024-09-01,1041,18.73,17.63,18.63,18.33
2024-09-02,1041,18.88,17.65,18.47,18.33
2024-09-03,1041,18.28,16.94,16.84,17.35
2024-09-04,1041,18.91,16.75,15.27,16.98
2024-09-05,1041,16.34,17.53,19.47,17.78
2024-09-06,1041,15.52,17.06,15.18,15.92
2024-09-07,1041,18.1,17.45,19.03,18.19
2024-09-08,1041,15.59,17.17,17.03,16.6
2024-09-09,1041,16.02,17.36,17.13,16.84
2024-09-10,1041,17.79,15.88,18.88,17.52
2024-09-11,1041,16.73,17.38,16.24,16.78
2024-09-12,1041,17.82,18.28,15.16,17.09
2024-09-13,1041,18.51,17.07,19.42,18.33
2024-09-14,1041,18.76,16.77,17.95,17.83
2024-09-15,1041,16.81,18.2,19.53,18.18
2024-09-16,1041,17.63,16.48,17.61,17.24
2024-09-17,1041,18.08,17.58,18.72,18.13
2024-09-18,1041,16.06,17.5,14.93,16.16
2024-09-19,1041,16.41,18.21,19.25,17.96
2024-09-20,1041,17.35,16.46,18.14,17.32
2024-09-21,1041,17.37,16.15,18.18,17.23
2024-09-22,1041,16.64,17.4,15.91,16.65
2024-09-23,1041,18.1,16.04,16.58,16.91
2024-09-24,1041,16.61,16.99,15.8,16.47
2024-09-25,1041,15.9,17.56,17.88,17.11
2024-09-26,1041,16.93,17.3,16.36,16.86
2024-09-27,1041,16.09,16.49,18.64,17.07
2024-09-28,1041,15.29,16.98,16.78,16.35
2024-09-29,1041,18.07,16.72,17.86,17.55
2024-09-30,1041,17.84,17.81,18.74,18.13
2024-10-01,1041,16.06,16.69,19.64,17.46
2024-10-02,1041,18.16,17.07,19.76,18.33
2024-10-03,1041,16.33,16.05,17.04,16.47
2024-10-04,1041,15.23,18.13,16.79,16.72
2024-10-05,1041,18.71,16.94,18.99,18.21
2024-10-06,1041,17.56,18.55,17.98,18.03
2024-10-07,1041,16.23,17.03,15.41,16.22
2024-10-08,1041,15.7,18.02,14.7,16.14
2024-10-09,1041,18.67,17.42,16.16,17.42
2024-10-10,1041,15.84,16.24,17.12,16.4
2024-10-11,1041,15.97,17.28,15.96,16.4
2024-10-12,1041,17.77,16.51,17.08,17.12
2024-10-13,1041,15.42,16.83,18.37,16.87
2024-10-14,1041,17.54,16.62,16.31,16.82
2024-10-15,1041,17.04,18.3,15.19,16.84
2024-10-16,1041,18.25,16.71,17.13,17.36
2024-10-17,1041,16.58,18.11,18.16,17.62
2024-10-18,1041,15.27,16.9,16.22,16.13
2024-10-19,1041,17.53,17.82,15.59,16.98
2024-10-20,1041,15.76,18.07,19.51,17.78
2024-10-21,1041,17.9,18.12,18.83,18.28
2024-10-22,1041,18.71,17.88,18.95,18.51
2024-10-23,1041,17.62,17.15,16.57,17.11
2024-10-24,1041,17.16,17.27,17.69,17.37
2024-10-25,1041,17.96,16.2,15.05,16.4
2024-10-26,1041,16.36,18.16,16.42,16.98
2024-10-27,1041,16.15,16.76,19.51,17.47
2024-10-28,1041,18.42,16.04,18.06,17.51
2024-10-29,1041,17.31,16.29,16.28,16.63
2024-10-30,1041,15.67,18.56,19.48,17.9
2024-10-31,1041,16.17,17.4,18.68,17.42
2024-11-01,1041,16.86,17.94,17.11,17.3
2024-11-02,1041,17.8,17.3,17.02,17.37
2024-11-03,1041,18.76,16.36,16.07,17.06
2024-11-04,1041,18.31,18.13,19.69,18.71
2024-11-05,1041,18.61,17.13,19.14,18.29
2024-11-06,1041,18.65,16.56,19.44,18.22
2024-11-07,1041,16.96,16.14,15.8,16.3
2024-11-08,1041,16.63,18.38,19.21,18.07
2024-11-09,1041,15.93,17.5,15.4,16.28
2024-11-10,1041,17.77,18.14,16.29,17.4
2024-11-11,1041,18.47,17.18,15.92,17.19
2024-11-12,1041,15.67,16.99,17.3,16.65
2024-11-13,1041,15.23,17.46,15.67,16.12
2024-11-14,1041,17.26,17.23,15.75,16.75
2024-11-15,1041,16.37,17.98,15.25,16.53
2024-11-16,1041,16.25,17.24,16.66,16.72
2024-11-17,1041,15.96,17.07,15.83,16.29
2024-11-18,1041,18.52,16.74,15.56,16.94
2024-11-19,1041,17.5,16.67,16.29,16.82
2024-11-20,1041,17.74,17.93,15.64,17.1
2024-11-21,1041,16.45,16.28,18.24,16.99
2024-11-22,1041,15.85,16.57,17.87,16.76
2024-11-23,1041,18.06,18.09,16.07,17.41
2024-11-24,1041,16.22,18.45,15.35,16.67
2024-11-25,1041,16.47,16.19,15.17,15.94
2024-11-26,1041,17.14,16.4,19.46,17.67
2024-11-27,1041,15.72,16.24,19.01,16.99
2024-11-28,1041,15.71,15.91,19.37,17.0
2024-11-29,1041,16.28,15.85,17.13,16.42
2024-11-30,1041,15.43,16.36,16.24,16.01
2024-12-01,1041,15.85,17.31,17.23,16.8
2024-12-02,1041,16.26,17.31,18.18,17.25
2024-12-03,1041,15.78,16.84,17.07,16.56
2024-12-04,1041,18.45,18.32,16.32,17.7
2024-12-05,1041,16.11,17.3,16.53,16.65
2024-12-06,1041,16.7,16.29,16.19,16.39
2024-12-07,1041,18.63,17.58,19.67,18.63
2024-12-08,1041,18.31,17.88,18.1,18.1
2024-12-09,1041,15.89,17.55,17.29,16.91
2024-12-10,1041,15.66,17.75,19.54,17.65
2024-12-11,1041,15.34,16.54,15.4,15.76
2024-12-12,1041,17.17,18.54,15.64,17.12
2024-12-13,1041,16.44,17.18,15.85,16.49
2024-12-14,1041,15.24,18.46,17.23,16.98
2024-12-15,1041,15.64,18.33,17.69,17.22
2024-12-16,1041,16.05,18.36,15.74,16.72
2024-12-17,1041,16.13,18.22,18.63,17.66
2024-12-18,1041,18.03,17.49,15.95,17.16
2024-12-19,1041,18.6,17.05,15.3,16.98
2024-12-20,1041,17.45,17.45,17.08,17.33
2024-12-21,1041,17.88,18.37,15.01,17.09
2024-12-22,1041,18.09,16.43,15.59,16.7
2024-12-23,1041,17.92,17.69,19.07,18.23
2024-12-24,1041,18.77,18.48,15.0,17.42
2024-12-25,1041,17.18,17.77,19.35,18.1
2024-12-26,1041,15.79,18.34,17.98,17.37
2024-12-27,1041,16.4,16.25,15.58,16.08
2024-12-28,1041,18.15,16.53,19.37,18.02
2024-12-29,1041,16.72,18.39,17.11,17.41
2024-12-30,1041,18.62,17.03,19.47,18.37
2024-01-01,1042,58.88,54.63,59.04,57.52
2024-01-02,1042,56.77,61.2,48.77,55.58
2024-01-03,1042,62.51,61.61,58.74,60.95
2024-01-04,1042,50.48,57.84,49.1,52.47
2024-01-05,1042,56.96,56.51,64.03,59.17
2024-01-06,1042,59.62,56.06,51.07,55.58
2024-01-07,1042,54.9,55.23,63.22,57.78
2024-01-08,1042,54.16,58.62,52.2,54.99
2024-01-09,1042,54.24,55.41,60.62,56.76
2024-01-10,1042,62.78,53.43,55.51,57.24
2024-01-11,1042,53.74,56.19,51.11,53.68
2024-01-12,1042,54.73,54.59,50.54,53.29
2024-01-13,1042,53.59,56.56,65.04,58.4
2024-01-14,1042,55.56,57.79,65.6,59.65
2024-01-15,1042,52.28,53.71,59.93,55.31
2024-01-16,1042,59.59,57.59,48.92,55.37
2024-01-17,1042,62.07,59.97,65.58,62.54
2024-01-18,1042,61.52,58.85,57.69,59.35
2024-01-19,1042,57.83,58.32,55.55,57.23
2024-01-20,1042,59.55,59.38,57.54,58.82
2024-01-21,1042,51.95,55.3,55.92,54.39
2024-01-22,1042,52.39,58.26,60.35,57.0
2024-01-23,1042,52.25,60.94,60.24,57.81
2024-01-24,1042,62.56,56.71,58.97,59.41
2024-01-25,1042,50.74,54.02,57.46,54.07
2024-01-26,1042,60.48,60.22,65.47,62.06
2024-01-27,1042,54.28,55.81,54.24,54.78
2024-01-28,1042,58.38,57.89,56.62,57.63
2024-01-29,1042,57.27,53.02,61.13,57.14
2024-01-30,1042,59.51,56.71,60.15,58.79
2024-01-31,1042,59.36,59.55,58.24,59.05
2024-02-01,1042,55.34,55.13,49.25,53.24
2024-02-02,1042,62.12,58.01,50.3,56.81
2024-02-03,1042,53.57,60.05,56.79,56.8
2024-02-04,1042,60.49,59.21,48.93,56.21
2024-02-05,1042,52.37,57.56,53.9,54.61
2024-02-06,1042,58.23,53.35,51.05,54.21
2024-02-07,1042,56.68,59.01,62.59,59.43
2024-02-08,1042,54.97,58.91,51.18,55.02
2024-02-09,1042,51.74,60.27,56.46,56.16
2024-02-10,1042,52.41,58.87,52.72,54.67
2024-02-11,1042,51.76,56.95,59.61,56.11
2024-02-12,1042,60.49,60.68,58.3,59.82
2024-02-13,1042,55.28,54.76,57.77,55.94
2024-02-14,1042,60.75,61.85,64.51,62.37
2024-02-15,1042,52.14,57.8,49.47,53.14
2024-02-16,1042,55.33,60.88,64.97,60.39
2024-02-17,1042,58.41,56.42,54.26,56.36
2024-02-18,1042,56.47,53.61,49.86,53.31
2024-02-19,1042,58.68,60.89,62.7,60.76
2024-02-20,1042,58.92,60.28,63.17,60.79
2024-02-21,1042,57.36,55.42,54.69,55.82
2024-02-22,1042,54.29,59.84,65.74,59.96
2024-02-23,1042,57.18,55.52,63.48,58.73
2024-02-24,1042,54.1,55.58,61.02,56.9
2024-02-25,1042,51.36,60.46,61.13,57.65
2024-02-26,1042,52.49,56.21,64.26,57.65
2024-02-27,1042,50.99,55.54,63.23,56.59
2024-02-28,1042,51.7,58.95,62.75,57.8
2024-02-29,1042,61.79,57.96,62.73,60.83
2024-03-01,1042,59.9,58.61,60.3,59.6
2024-03-02,1042,53.65,53.31,52.18,53.05
2024-03-03,1042,52.4,59.07,59.02,56.83
2024-03-04,1042,53.21,57.28,51.71,54.07
2024-03-05,1042,59.58,59.86,49.2,56.21
2024-03-06,1042,52.28,60.46,51.08,54.61
2024-03-07,1042,61.1,55.55,53.56,56.74
2024-03-08,1042,59.8,54.44,63.72,59.32
2024-03-09,1042,56.59,53.0,50.96,53.52
2024-03-10,1042,51.2,53.84,53.16,52.73
2024-03-11,1042,62.79,55.2,54.18,57.39
2024-03-12,1042,50.64,53.55,50.38,51.52
2024-03-13,1042,55.91,61.39,52.12,56.47
2024-03-14,1042,52.46,54.01,55.73,54.07
2024-03-15,1042,61.43,56.01,64.73,60.72
2024-03-16,1042,61.09,57.54,63.29,60.64
2024-03-17,1042,60.4,54.9,61.0,58.77
2024-03-18,1042,62.27,56.87,55.83,58.32
2024-03-19,1042,54.92,52.69,57.31,54.97
2024-03-20,1042,59.41,55.29,57.36,57.35
2024-03-21,1042,54.74,56.07,58.63,56.48
2024-03-22,1042,61.44,56.03,59.74,59.07
2024-03-23,1042,58.95,54.13,64.35,59.14
2024-03-24,1042,52.49,60.62,49.86,54.32
2024-03-25,1042,53.6,56.9,57.94,56.15
2024-03-26,1042,59.69,54.89,61.37,58.65
2024-03-27,1042,59.3,53.03,49.31,53.88
2024-03-28,1042,52.7,58.51,53.44,54.88
2024-03-29,1042,55.16,60.87,62.91,59.65
2024-03-30,1042,58.14,56.05,55.94,56.71
2024-03-31,1042,60.83,61.29,50.36,57.49
2024-04-01,1042,59.97,53.68,55.08,56.24
2024-04-02,1042,58.01,58.45,57.59,58.02
2024-04-03,1042,61.22,61.79,52.63,58.55
2024-04-04,1042,52.7,57.86,60.44,57.0
2024-04-05,1042,52.41,55.43,61.37,56.4
2024-04-06,1042,57.82,54.19,53.4,55.14
2024-04-07,1042,58.71,60.52,51.0,56.74
2024-04-08,1042,60.11,56.81,55.45,57.46
2024-04-09,1042,56.57,60.19,51.66,56.14
2024-04-10,1042,61.75,61.35,57.41,60.17
2024-04-11,1042,59.63,52.85,51.67,54.72
2024-04-12,1042,53.28,61.3,53.74,56.11
2024-04-13,1042,55.12,57.21,58.31,56.88
2024-04-14,1042,53.68,58.07,56.15,55.97
2024-04-15,1042,62.57,52.88,51.2,55.55
2024-04-16,1042,50.56,56.85,63.44,56.95
2024-04-17,1042,55.16,56.01,61.18,57.45
2024-04-18,1042,60.97,56.64,63.92,60.51
2024-04-19,1042,55.3,53.04,50.11,52.82
2024-04-20,1042,52.63,60.89,64.48,59.33
2024-04-21,1042,56.73,59.75,50.81,55.76
2024-04-22,1042,61.47,53.33,61.53,58.78
2024-04-23,1042,61.61,55.8,52.58,56.66
2024-04-24,1042,59.59,59.98,59.5,59.69
2024-04-25,1042,52.02,57.17,58.53,55.91
2024-04-26,1042,51.16,58.48,62.36,57.33
2024-04-27,1042,53.33,55.56,60.07,56.32
2024-04-28,1042,51.77,56.31,55.99,54.69
2024-04-29,1042,51.42,55.15,59.69,55.42
2024-04-30,1042,61.53,61.56,63.87,62.32
2024-05-01,1042,61.58,57.19,54.61,57.79
2024-05-02,1042,62.47,56.64,49.06,56.06
2024-05-03,1042,60.46,53.1,65.42,59.66
2024-05-04,1042,50.46,58.13,65.46,58.02
2024-05-05,1042,62.23,61.7,62.16,62.03
2024-05-06,1042,54.35,61.17,55.0,56.84
2024-05-07,1042,56.04,60.56,50.08,55.56
2024-05-08,1042,61.49,56.5,53.75,57.25
2024-05-09,1042,52.55,54.14,53.21,53.3
2024-05-10,1042,57.08,57.71,48.93,54.57
2024-05-11,1042,55.99,53.3,60.61,56.63
2024-05-12,1042,58.93,54.11,54.33,55.79
2024-05-13,1042,60.56,61.2,49.44,57.07
2024-05-14,1042,51.7,59.81,59.8,57.1
2024-05-15,1042,58.33,61.37,61.46,60.39
2024-05-16,1042,62.54,53.35,65.43,60.44
2024-05-17,1042,57.38,61.05,56.01,58.15
2024-05-18,1042,56.28,60.44,50.71,55.81
2024-05-19,1042,56.86,57.99,53.42,56.09
2024-05-20,1042,55.83,55.15,59.55,56.84
2024-05-21,1042,58.2,57.83,48.76,54.93
2024-05-22,1042,55.57,53.71,60.06,56.45
2024-05-23,1042,50.97,54.86,60.14,55.32
2024-05-24,1042,52.15,58.12,65.13,58.47
2024-05-25,1042,57.65,53.65,64.94,58.75
2024-05-26,1042,62.74,55.61,51.63,56.66
2024-05-27,1042,62.36,59.04,54.45,58.62
2024-05-28,1042,60.33,53.37,59.22,57.64
2024-05-29,1042,50.49,54.75,56.33,53.86
2024-05-30,1042,51.37,59.45,63.09,57.97
2024-05-31,1042,60.36,58.56,62.48,60.47
2024-06-01,1042,62.53,59.84,55.76,59.38
2024-06-02,1042,54.28,60.87,49.46,54.87
2024-06-03,1042,54.89,57.84,61.05,57.93
2024-06-04,1042,57.68,57.77,56.56,57.34
2024-06-05,1042,57.33,60.97,63.46,60.59
2024-06-06,1042,62.48,58.39,62.55,61.14
2024-06-07,1042,59.14,58.97,50.57,56.23
2024-06-08,1042,51.1,55.67,49.08,51.95
2024-06-09,1042,60.92,54.33,62.82,59.36
2024-06-10,1042,52.15,53.18,63.2,56.18
2024-06-11,1042,56.85,60.25,49.99,55.7
2024-06-12,1042,54.68,55.88,64.66,58.41
2024-06-13,1042,56.61,59.28,57.6,57.83
2024-06-14,1042,59.45,56.96,52.51,56.31
2024-06-15,1042,58.3,57.47,52.26,56.01
2024-06-16,1042,55.23,60.5,58.91,58.21
2024-06-17,1042,62.86,54.42,49.55,55.61
2024-06-18,1042,58.8,57.22,57.25,57.76
2024-06-19,1042,53.09,56.23,60.39,56.57
2024-06-20,1042,55.75,61.77,50.25,55.92
2024-06-21,1042,62.68,56.42,58.42,59.17
2024-06-22,1042,54.67,58.54,60.56,57.92
2024-06-23,1042,51.85,53.45,62.21,55.84
2024-06-24,1042,62.28,53.99,60.56,58.94
2024-06-25,1042,61.0,56.91,49.26,55.72
2024-06-26,1042,55.54,59.07,60.03,58.21
2024-06-27,1042,53.74,53.21,64.86,57.27
2024-06-28,1042,50.71,55.59,62.75,56.35
2024-06-29,1042,62.56,60.87,51.77,58.4
2024-06-30,1042,62.72,59.25,53.01,58.33
2024-07-01,1042,52.83,54.77,59.58,55.73
2024-07-02,1042,52.33,52.87,52.45,52.55
2024-07-03,1042,55.62,59.49,55.67,56.93
2024-07-04,1042,52.32,53.4,52.83,52.85
2024-07-05,1042,53.42,57.42,61.67,57.5
2024-07-06,1042,51.37,61.04,59.37,57.26
2024-07-07,1042,53.44,57.55,50.02,53.67
2024-07-08,1042,59.99,57.9,58.61,58.83
2024-07-09,1042,53.24,58.93,58.18,56.78
2024-07-10,1042,53.83,53.03,61.72,56.19
2024-07-11,1042,60.95,57.78,64.66,61.13
2024-07-12,1042,61.36,60.02,55.52,58.97
2024-07-13,1042,60.47,58.99,55.2,58.22
2024-07-14,1042,52.96,57.58,63.82,58.12
2024-07-15,1042,59.89,59.5,59.47,59.62
2024-07-16,1042,61.49,58.37,61.35,60.4
2024-07-17,1042,51.77,58.94,55.15,55.29
2024-07-18,1042,60.31,57.36,54.08,57.25
2024-07-19,1042,62.2,60.24,61.51,61.32
2024-07-20,1042,61.09,52.9,62.11,58.7
2024-07-21,1042,57.36,57.52,60.73,58.54
2024-07-22,1042,56.08,55.63,63.21,58.31
2024-07-23,1042,62.94,58.59,53.46,58.33
2024-07-24,1042,53.68,53.37,50.03,52.36
2024-07-25,1042,51.77,55.92,60.94,56.21
2024-07-26,1042,56.55,52.88,57.12,55.52
2024-07-27,1042,51.29,58.69,56.6,55.53
2024-07-28,1042,53.33,59.94,63.27,58.85
2024-07-29,1042,61.66,56.2,49.36,55.74
2024-07-30,1042,52.79,60.03,56.54,56.45
2024-07-31,1042,56.98,53.7,65.24,58.64
2024-08-01,1042,50.47,57.12,60.79,56.13
2024-08-02,1042,53.62,54.92,54.81,54.45
2024-08-03,1042,62.26,58.57,57.84,59.56
2024-08-04,1042,59.35,59.97,60.68,60.0
2024-08-05,1042,61.73,60.24,49.42,57.13
2024-08-06,1042,58.18,58.98,60.96,59.37
2024-08-07,1042,58.04,60.88,61.82,60.25
2024-08-08,1042,50.52,58.06,57.64,55.41
2024-08-09,1042,52.47,60.54,50.36,54.46
2024-08-10,1042,59.18,55.44,50.28,54.97
2024-08-11,1042,55.95,57.55,60.46,57.99
2024-08-12,1042,60.65,59.22,53.83,57.9
2024-08-13,1042,56.26,57.96,56.98,57.07
2024-08-14,1042,60.18,59.65,53.44,57.76
2024-08-15,1042,52.53,52.97,55.59,53.7
2024-08-16,1042,52.57,59.55,62.14,58.09
2024-08-17,1042,52.1,57.27,54.66,54.68
2024-08-18,1042,62.45,57.86,51.91,57.41
2024-08-19,1042,55.16,53.95,60.6,56.57
2024-08-20,1042,61.15,58.74,52.04,57.31
2024-08-21,1042,59.91,56.03,56.12,57.35
2024-08-22,1042,52.58,54.48,49.51,52.19
2024-08-23,1042,57.36,56.63,52.76,55.58
2024-08-24,1042,59.08,52.75,60.74,57.52
2024-08-25,1042,59.91,60.23,53.42,57.85
2024-08-26,1042,58.58,57.36,63.28,59.74
2024-08-27,1042,62.16,61.25,49.29,57.57
2024-08-28,1042,53.85,58.79,50.9,54.51
2024-08-29,1042,58.48,60.96,58.0,59.15
2024-08-30,1042,55.28,58.26,61.55,58.36
2024-08-31,1042,58.33,56.86,57.73,57.64
2024-09-01,1042,58.56,61.14,52.74,57.48
2024-09-02,1042,51.33,57.82,59.77,56.31
2024-09-03,1042,55.89,59.87,61.88,59.21
2024-09-04,1042,60.27,53.95,58.61,57.61
2024-09-05,1042,52.39,59.44,60.24,57.36
2024-09-06,1042,56.27,54.48,48.82,53.19
2024-09-07,1042,59.03,60.58,52.76,57.46
2024-09-08,1042,52.57,61.36,52.86,55.6
2024-09-09,1042,57.17,58.48,65.29,60.31
2024-09-10,1042,54.64,58.45,59.06,57.38
2024-09-11,1042,55.79,59.95,59.15,58.3
2024-09-12,1042,61.88,53.01,58.91,57.93
2024-09-13,1042,54.42,56.9,49.28,53.53
2024-09-14,1042,55.79,61.77,64.45,60.67
2024-09-15,1042,53.57,58.96,61.15,57.89
2024-09-16,1042,54.47,56.66,64.44,58.52
2024-09-17,1042,61.25,59.32,52.4,57.66
2024-09-18,1042,51.86,61.74,51.15,54.92
2024-09-19,1042,60.83,53.04,51.57,55.15
2024-09-20,1042,50.55,55.02,61.31,55.63
2024-09-21,1042,53.23,56.73,61.54,57.17
2024-09-22,1042,51.23,55.01,52.45,52.9
2024-09-23,1042,53.62,60.35,57.01,56.99
2024-09-24,1042,51.79,52.71,61.02,55.17
2024-09-25,1042,58.38,57.98,57.04,57.8
2024-09-26,1042,55.99,53.6,64.24,57.94
2024-09-27,1042,56.1,56.85,56.66,56.54
2024-09-28,1042,57.09,60.14,57.44,58.22
2024-09-29,1042,58.82,61.25,64.03,61.37
2024-09-30,1042,53.92,52.8,54.77,53.83
2024-10-01,1042,50.95,57.34,52.11,53.47
2024-10-02,1042,62.47,60.72,63.69,62.29
2024-10-03,1042,51.07,58.76,61.51,57.11
2024-10-04,1042,56.43,57.02,52.11,55.19
2024-10-05,1042,60.32,56.07,65.59,60.66
2024-10-06,1042,62.59,59.93,61.76,61.43
2024-10-07,1042,50.63,59.8,53.46,54.63
2024-10-08,1042,58.48,56.66,64.85,60.0
2024-10-09,1042,57.28,59.15,51.58,56.0
2024-10-10,1042,59.11,56.95,52.61,56.22
2024-10-11,1042,52.35,54.24,57.85,54.81
2024-10-12,1042,53.75,53.3,49.53,52.19
2024-10-13,1042,52.05,55.39,65.62,57.69
2024-10-14,1042,57.34,58.49,49.61,55.15
2024-10-15,1042,55.81,56.81,60.01,57.54
2024-10-16,1042,51.38,60.03,63.53,58.31
2024-10-17,1042,57.34,57.24,65.52,60.03
2024-10-18,1042,56.78,57.6,60.01,58.13
2024-10-19,1042,61.03,54.53,52.65,56.07
2024-10-20,1042,57.64,57.25,55.86,56.92
2024-10-21,1042,62.61,57.95,53.61,58.06
2024-10-22,1042,54.13,55.66,56.21,55.33
2024-10-23,1042,57.76,53.21,65.8,58.92
2024-10-24,1042,56.72,58.03,56.49,57.08
2024-10-25,1042,62.52,54.35,57.72,58.2
2024-10-26,1042,57.4,60.15,58.35,58.63
2024-10-27,1042,56.0,56.87,48.72,53.86
2024-10-28,1042,58.91,61.11,52.12,57.38
2024-10-29,1042,58.93,59.87,61.53,60.11
2024-10-30,1042,58.66,59.64,53.39,57.23
2024-10-31,1042,50.46,57.97,60.18,56.2
2024-11-01,1042,53.46,59.24,56.53,56.41
2024-11-02,1042,52.72,60.22,62.04,58.33
2024-11-03,1042,52.11,60.43,54.18,55.57
2024-11-04,1042,59.77,60.29,57.54,59.2
2024-11-05,1042,58.05,57.73,53.68,56.49
2024-11-06,1042,58.3,57.1,53.36,56.25
2024-11-07,1042,56.17,54.87,51.68,54.24
2024-11-08,1042,59.9,60.85,63.16,61.3
2024-11-09,1042,52.53,59.29,55.93,55.92
2024-11-10,1042,59.17,57.11,48.83,55.04
2024-11-11,1042,50.88,55.48,61.09,55.82
2024-11-12,1042,56.76,59.86,63.37,60.0
2024-11-13,1042,56.2,55.61,57.42,56.41
2024-11-14,1042,61.3,61.77,65.69,62.92
2024-11-15,1042,52.64,58.26,59.17,56.69
2024-11-16,1042,51.87,58.5,64.09,58.15
2024-11-17,1042,58.41,52.72,50.78,53.97
2024-11-18,1042,62.45,60.88,54.91,59.41
2024-11-19,1042,58.11,53.5,52.38,54.66
2024-11-20,1042,52.82,59.12,63.64,58.53
2024-11-21,1042,61.11,56.08,53.31,56.83
2024-11-22,1042,59.3,53.85,58.19,57.11
2024-11-23,1042,57.85,58.94,50.93,55.91
2024-11-24,1042,51.29,53.38,63.64,56.1
2024-11-25,1042,51.24,59.03,57.84,56.04
2024-11-26,1042,58.91,61.0,58.77,59.56
2024-11-27,1042,61.3,58.73,57.59,59.21
2024-11-28,1042,53.45,53.02,57.6,54.69
2024-11-29,1042,58.84,58.68,62.57,60.03
2024-11-30,1042,56.2,53.26,59.67,56.38
2024-12-01,1042,59.49,59.71,53.6,57.6
2024-12-02,1042,53.78,60.13,58.13,57.35
2024-12-03,1042,53.26,55.55,51.91,53.57
2024-12-04,1042,62.48,54.62,53.83,56.98
2024-12-05,1042,55.67,56.92,53.26,55.28
2024-12-06,1042,55.55,56.59,64.06,58.73
2024-12-07,1042,53.6,56.62,63.49,57.9
2024-12-08,1042,53.03,61.07,51.16,55.09
2024-12-09,1042,57.53,56.43,53.61,55.86
2024-12-10,1042,62.94,55.55,63.2,60.56
2024-12-11,1042,52.3,57.35,62.6,57.42
2024-12-12,1042,59.42,53.0,50.51,54.31
2024-12-13,1042,57.47,55.98,50.2,54.55
2024-12-14,1042,51.57,60.54,49.76,53.96
2024-12-15,1042,51.55,55.94,60.14,55.88
2024-12-16,1042,55.51,56.61,64.89,59.0
2024-12-17,1042,57.18,60.41,54.67,57.42
2024-12-18,1042,57.63,61.21,49.9,56.25
2024-12-19,1042,58.62,54.66,49.89,54.39
2024-12-20,1042,53.09,53.85,53.23,53.39
2024-12-21,1042,62.02,55.18,49.82,55.67
2024-12-22,1042,62.72,57.61,63.91,61.41
2024-12-23,1042,57.15,54.7,61.8,57.88
2024-12-24,1042,61.36,57.29,50.01,56.22
2024-12-25,1042,53.9,54.2,60.91,56.34
2024-12-26,1042,56.0,55.4,54.47,55.29
2024-12-27,1042,61.7,56.47,55.43,57.87
2024-12-28,1042,51.18,57.99,58.73,55.97
2024-12-29,1042,62.23,58.19,62.7,61.04
2024-12-30,1042,62.28,59.65,51.6,57.84
2024-01-01,1043,48.47,49.79,55.73,51.33
2024-01-02,1043,54.99,47.83,43.33,48.72
2024-01-03,1043,46.57,49.3,46.17,47.35
2024-01-04,1043,46.73,51.65,46.51,48.3
2024-01-05,1043,52.31,49.72,55.0,52.34
2024-01-06,1043,51.87,48.69,54.77,51.78
2024-01-07,1043,54.19,54.32,44.34,50.95
2024-01-08,1043,55.38,51.55,55.88,54.27
2024-01-09,1043,53.16,52.29,53.59,53.01
2024-01-10,1043,51.07,52.09,51.05,51.4
2024-01-11,1043,49.16,47.93,56.34,51.14
2024-01-12,1043,52.94,52.17,45.78,50.3
2024-01-13,1043,45.67,49.2,51.34,48.74
2024-01-14,1043,52.69,51.65,53.74,52.69
2024-01-15,1043,54.82,52.78,52.32,53.31
2024-01-16,1043,49.32,47.28,49.3,48.63
2024-01-17,1043,46.92,53.49,48.91,49.77
2024-01-18,1043,51.12,51.37,47.82,50.1
2024-01-19,1043,53.27,51.89,48.68,51.28
2024-01-20,1043,54.83,48.97,53.33,52.38
2024-01-21,1043,55.52,50.09,50.02,51.88
2024-01-22,1043,52.77,49.33,52.4,51.5
2024-01-23,1043,45.85,54.51,55.8,52.05
2024-01-24,1043,52.89,55.03,49.94,52.62
2024-01-25,1043,50.95,49.61,51.32,50.63
2024-01-26,1043,45.71,50.59,50.08,48.79
2024-01-27,1043,45.78,53.62,48.75,49.38
2024-01-28,1043,54.97,53.62,43.57,50.72
2024-01-29,1043,48.41,54.39,55.35,52.72
2024-01-30,1043,46.54,54.49,49.51,50.18
2024-01-31,1043,49.31,54.03,57.99,53.78
2024-02-01,1043,45.7,48.64,45.46,46.6
2024-02-02,1043,50.57,52.66,58.36,53.86
2024-02-03,1043,51.07,50.79,54.36,52.07
2024-02-04,1043,49.17,48.38,50.64,49.4
2024-02-05,1043,46.12,47.19,48.76,47.36
2024-02-06,1043,55.99,49.13,43.67,49.6
2024-02-07,1043,52.37,54.25,44.71,50.44
2024-02-08,1043,53.8,48.8,56.93,53.18
2024-02-09,1043,45.36,50.95,54.23,50.18
2024-02-10,1043,45.7,53.76,44.16,47.87
2024-02-11,1043,53.61,52.22,53.31,53.05
2024-02-12,1043,46.39,51.26,44.41,47.35
2024-02-13,1043,49.82,51.04,56.2,52.35
2024-02-14,1043,50.94,49.87,46.49,49.1
2024-02-15,1043,53.46,51.68,44.92,50.02
2024-02-16,1043,46.54,53.42,49.11,49.69
2024-02-17,1043,50.94,49.0,55.41,51.78
2024-02-18,1043,54.97,50.88,48.44,51.43
2024-02-19,1043,55.1,54.36,52.18,53.88
2024-02-20,1043,49.6,49.33,46.0,48.31
2024-02-21,1043,52.54,54.88,46.62,51.35
2024-02-22,1043,55.38,50.01,57.45,54.28
2024-02-23,1043,47.99,49.36,47.57,48.31
2024-02-24,1043,53.36,49.08,47.89,50.11
2024-02-25,1043,50.16,48.94,46.35,48.48
2024-02-26,1043,47.65,50.28,45.68,47.87
2024-02-27,1043,48.93,48.58,45.08,47.53
2024-02-28,1043,55.03,48.46,47.05,50.18
2024-02-29,1043,46.07,51.37,48.04,48.49
2024-03-01,1043,55.15,50.79,54.55,53.5
2024-03-02,1043,54.72,48.79,46.24,49.92
2024-03-03,1043,48.37,54.76,49.98,51.04
2024-03-04,1043,47.16,54.07,44.42,48.55
2024-03-05,1043,54.18,52.24,47.16,51.19
2024-03-06,1043,54.83,48.19,50.43,51.15
2024-03-07,1043,46.91,48.67,55.1,50.23
2024-03-08,1043,54.92,48.85,48.36,50.71
2024-03-09,1043,51.16,50.74,53.54,51.81
2024-03-10,1043,49.45,54.16,45.15,49.59
2024-03-11,1043,49.22,50.61,53.97,51.27
2024-03-12,1043,49.78,54.19,50.22,51.4
2024-03-13,1043,50.06,50.81,46.92,49.26
2024-03-14,1043,45.29,48.25,54.51,49.35
2024-03-15,1043,51.03,53.66,56.16,53.62
2024-03-16,1043,46.68,49.27,53.58,49.84
2024-03-17,1043,54.11,54.16,56.15,54.81
2024-03-18,1043,52.53,51.94,47.11,50.53
2024-03-19,1043,45.78,48.15,53.94,49.29
2024-03-20,1043,48.77,49.73,53.56,50.69
2024-03-21,1043,45.03,51.72,55.31,50.69
2024-03-22,1043,46.33,51.91,51.95,50.06
2024-03-23,1043,55.88,47.77,51.78,51.81
2024-03-24,1043,54.91,50.49,49.86,51.75
2024-03-25,1043,52.62,50.74,53.42,52.26
2024-03-26,1043,54.98,52.29,47.57,51.61
2024-03-27,1043,55.4,51.61,56.16,54.39
2024-03-28,1043,51.22,51.58,54.63,52.48
2024-03-29,1043,54.54,52.81,54.69,54.01
2024-03-30,1043,55.31,53.38,45.36,51.35
2024-03-31,1043,51.68,54.98,48.82,51.83
2024-04-01,1043,46.28,48.26,51.19,48.58
2024-04-02,1043,46.9,51.47,56.27,51.55
2024-04-03,1043,55.03,49.73,56.69,53.82
2024-04-04,1043,53.54,53.33,53.65,53.51
2024-04-05,1043,54.64,47.5,56.32,52.82
2024-04-06,1043,53.15,54.05,43.48,50.23
2024-04-07,1043,54.54,54.47,43.36,50.79
2024-04-08,1043,55.2,48.33,55.21,52.91
2024-04-09,1043,53.33,50.75,57.08,53.72
2024-04-10,1043,47.67,49.05,48.59,48.44
2024-04-11,1043,51.51,53.02,48.17,50.9
2024-04-12,1043,52.71,51.12,48.44,50.76
2024-04-13,1043,55.85,49.81,55.66,53.77
2024-04-14,1043,52.55,50.62,56.79,53.32
2024-04-15,1043,54.0,53.99,55.31,54.43
2024-04-16,1043,53.68,49.48,47.07,50.08
2024-04-17,1043,47.57,49.95,54.17,50.56
2024-04-18,1043,54.3,47.37,58.4,53.36
2024-04-19,1043,55.21,47.97,48.8,50.66
2024-04-20,1043,54.37,53.82,52.37,53.52
2024-04-21,1043,52.49,48.52,51.73,50.91
2024-04-22,1043,52.54,48.4,44.71,48.55
2024-04-23,1043,51.68,54.24,46.23,50.72
2024-04-24,1043,52.75,48.0,49.17,49.97
2024-04-25,1043,46.6,47.4,53.75,49.25
2024-04-26,1043,55.78,48.95,49.23,51.32
2024-04-27,1043,55.65,48.63,47.65,50.64
2024-04-28,1043,46.03,54.47,52.67,51.06
2024-04-29,1043,50.46,51.18,50.93,50.86
2024-04-30,1043,46.49,52.31,55.44,51.41
2024-05-01,1043,49.39,54.87,44.28,49.51
2024-05-02,1043,54.1,52.37,54.41,53.63
2024-05-03,1043,48.27,49.95,49.55,49.26
2024-05-04,1043,55.83,50.88,57.89,54.87
2024-05-05,1043,51.31,52.9,46.65,50.29
2024-05-06,1043,53.4,48.78,48.44,50.21
2024-05-07,1043,55.71,49.18,52.32,52.4
2024-05-08,1043,52.24,49.6,58.49,53.44
2024-05-09,1043,47.71,47.15,58.06,50.97
2024-05-10,1043,51.81,48.1,45.93,48.61
2024-05-11,1043,51.71,51.54,54.73,52.66
2024-05-12,1043,49.46,52.39,47.53,49.79
2024-05-13,1043,53.86,48.5,48.88,50.41
2024-05-14,1043,47.29,48.48,49.56,48.44
2024-05-15,1043,55.0,46.92,49.47,50.46
2024-05-16,1043,48.87,52.39,52.2,51.15
2024-05-17,1043,47.65,53.29,56.56,52.5
2024-05-18,1043,53.12,50.7,44.77,49.53
2024-05-19,1043,53.0,50.35,52.3,51.88
2024-05-20,1043,52.91,50.55,45.39,49.62
2024-05-21,1043,55.61,54.64,50.31,53.52
2024-05-22,1043,54.89,49.24,52.84,52.32
2024-05-23,1043,54.85,51.91,52.86,53.21
2024-05-24,1043,50.22,52.97,58.13,53.77
2024-05-25,1043,55.83,51.84,44.32,50.66
2024-05-26,1043,46.37,52.43,57.41,52.07
2024-05-27,1043,47.93,53.21,52.2,51.11
2024-05-28,1043,55.45,50.95,55.62,54.01
2024-05-29,1043,46.65,48.78,48.42,47.95
2024-05-30,1043,50.3,47.83,49.86,49.33
2024-05-31,1043,50.56,54.66,48.55,51.26
2024-06-01,1043,47.86,53.29,47.65,49.6
2024-06-02,1043,55.68,54.12,47.8,52.53
2024-06-03,1043,45.84,51.22,45.06,47.37
2024-06-04,1043,51.46,47.29,52.93,50.56
2024-06-05,1043,50.12,47.39,43.5,47.0
2024-06-06,1043,52.11,47.91,53.84,51.29
2024-06-07,1043,53.32,53.66,46.88,51.29
2024-06-08,1043,45.51,53.92,55.87,51.77
2024-06-09,1043,50.6,48.34,45.55,48.16
2024-06-10,1043,52.99,47.49,57.23,52.57
2024-06-11,1043,48.82,50.2,56.62,51.88
2024-06-12,1043,54.08,48.47,57.2,53.25
2024-06-13,1043,53.55,47.03,54.24,51.61
2024-06-14,1043,47.29,53.66,47.16,49.37
2024-06-15,1043,55.77,48.48,55.61,53.29
2024-06-16,1043,49.58,53.79,53.84,52.4
2024-06-17,1043,55.57,47.52,54.35,52.48
2024-06-18,1043,54.52,51.39,49.48,51.8
2024-06-19,1043,53.13,54.29,52.9,53.44
2024-06-20,1043,50.33,52.23,51.91,51.49
2024-06-21,1043,49.04,50.25,43.55,47.61
2024-06-22,1043,52.88,53.25,54.38,53.5
2024-06-23,1043,52.1,51.42,54.8,52.77
2024-06-24,1043,46.09,47.96,49.07,47.71
2024-06-25,1043,49.93,48.0,47.01,48.31
2024-06-26,1043,46.94,49.66,48.69,48.43
2024-06-27,1043,46.33,54.29,53.25,51.29
2024-06-28,1043,51.47,52.58,47.19,50.41
2024-06-29,1043,45.84,50.04,51.48,49.12
2024-06-30,1043,55.88,52.0,56.88,54.92
2024-07-01,1043,47.88,50.41,43.33,47.21
2024-07-02,1043,46.11,53.73,53.62,51.15
2024-07-03,1043,48.56,49.04,49.98,49.19
2024-07-04,1043,46.9,47.05,45.31,46.42
2024-07-05,1043,53.64,49.51,52.85,52.0
2024-07-06,1043,52.98,52.03,47.85,50.95
2024-07-07,1043,51.8,51.78,51.09,51.56
2024-07-08,1043,46.47,52.29,56.61,51.79
2024-07-09,1043,54.14,49.45,52.41,52.0
2024-07-10,1043,50.02,50.34,57.62,52.66
2024-07-11,1043,55.62,46.99,51.52,51.38
2024-07-12,1043,52.47,53.51,55.1,53.69
2024-07-13,1043,52.0,48.88,45.29,48.72
2024-07-14,1043,53.13,53.0,45.87,50.67
2024-07-15,1043,45.21,52.34,45.54,47.7
2024-07-16,1043,46.05,51.61,48.85,48.84
2024-07-17,1043,51.47,47.96,52.27,50.57
2024-07-18,1043,53.77,50.71,49.1,51.19
2024-07-19,1043,48.39,47.3,51.59,49.09
2024-07-20,1043,52.57,52.17,57.94,54.23
2024-07-21,1043,49.93,50.6,50.3,50.28
2024-07-22,1043,51.74,54.2,44.1,50.01
2024-07-23,1043,47.18,49.55,48.07,48.27
2024-07-24,1043,55.87,48.25,46.87,50.33
2024-07-25,1043,51.87,48.63,55.62,52.04
2024-07-26,1043,46.79,49.42,46.64,47.62
2024-07-27,1043,54.68,47.59,49.65,50.64
2024-07-28,1043,52.78,48.55,58.6,53.31
2024-07-29,1043,53.68,54.85,57.91,55.48
2024-07-30,1043,54.28,47.37,56.26,52.64
2024-07-31,1043,44.88,51.95,53.59,50.14
2024-08-01,1043,46.29,50.48,48.86,48.54
2024-08-02,1043,46.4,50.48,52.93,49.94
2024-08-03,1043,49.78,54.74,58.12,54.21
2024-08-04,1043,47.14,49.95,52.57,49.89
2024-08-05,1043,49.99,48.22,53.01,50.41
2024-08-06,1043,53.07,48.19,55.99,52.42
2024-08-07,1043,47.67,50.77,52.14,50.19
2024-08-08,1043,50.59,48.46,45.78,48.28
2024-08-09,1043,49.79,51.3,46.89,49.33
2024-08-10,1043,48.67,48.04,46.54,47.75
2024-08-11,1043,55.35,53.22,48.3,52.29
2024-08-12,1043,49.64,53.93,54.68,52.75
2024-08-13,1043,50.91,52.42,46.67,50.0
2024-08-14,1043,46.99,50.44,44.71,47.38
2024-08-15,1043,53.42,54.55,45.59,51.19
2024-08-16,1043,52.87,47.2,44.41,48.16
2024-08-17,1043,45.47,51.69,48.56,48.57
2024-08-18,1043,53.73,47.2,57.81,52.91
2024-08-19,1043,51.75,50.84,54.48,52.36
2024-08-20,1043,45.87,53.82,57.28,52.32
2024-08-21,1043,55.9,51.18,45.68,50.92
2024-08-22,1043,48.74,52.83,44.71,48.76
2024-08-23,1043,47.78,50.04,48.03,48.62
2024-08-24,1043,52.93,54.44,56.11,54.49
2024-08-25,1043,49.03,53.38,50.89,51.1
2024-08-26,1043,47.59,47.79,54.1,49.83
2024-08-27,1043,54.73,48.0,55.02,52.58
2024-08-28,1043,49.79,50.23,49.9,49.97
2024-08-29,1043,52.76,48.57,56.81,52.71
2024-08-30,1043,52.84,52.78,53.01,52.88
2024-08-31,1043,45.46,54.68,50.25,50.13
2024-09-01,1043,48.49,55.02,53.88,52.46
2024-09-02,1043,51.69,48.16,55.31,51.72
2024-09-03,1043,50.2,53.46,53.0,52.22
2024-09-04,1043,47.51,50.0,43.61,47.04
2024-09-05,1043,45.61,54.01,58.12,52.58
2024-09-06,1043,49.49,48.98,54.2,50.89
2024-09-07,1043,45.37,51.91,47.76,48.35
2024-09-08,1043,47.98,47.49,46.28,47.25
2024-09-09,1043,54.63,51.25,57.87,54.58
2024-09-10,1043,52.75,47.33,47.64,49.24
2024-09-11,1043,45.47,51.3,53.24,50.0
2024-09-12,1043,52.02,54.3,53.43,53.25
2024-09-13,1043,52.91,52.04,51.77,52.24
2024-09-14,1043,47.88,48.19,54.21,50.09
2024-09-15,1043,54.61,49.23,44.3,49.38
2024-09-16,1043,49.36,48.63,52.0,50.0
2024-09-17,1043,54.82,49.1,53.99,52.64
2024-09-18,1043,48.97,52.11,51.55,50.88
2024-09-19,1043,49.62,53.91,43.37,48.97
2024-09-20,1043,49.16,54.1,54.57,52.61
2024-09-21,1043,52.37,53.69,54.49,53.52
2024-09-22,1043,55.81,46.98,53.48,52.09
2024-09-23,1043,47.92,53.6,57.29,52.94
2024-09-24,1043,48.96,49.58,54.38,50.97
2024-09-25,1043,46.44,47.47,53.78,49.23
2024-09-26,1043,48.64,53.68,47.11,49.81
2024-09-27,1043,51.01,51.75,50.28,51.01
2024-09-28,1043,49.31,48.52,57.03,51.62
2024-09-29,1043,50.9,54.75,47.08,50.91
2024-09-30,1043,50.92,54.91,48.43,51.42
2024-10-01,1043,53.27,49.64,44.9,49.27
2024-10-02,1043,44.9,48.52,55.85,49.76
2024-10-03,1043,48.34,50.45,46.3,48.36
2024-10-04,1043,45.8,49.88,51.55,49.08
2024-10-05,1043,46.34,53.7,44.33,48.12
2024-10-06,1043,45.57,47.16,45.56,46.1
2024-10-07,1043,50.23,50.86,58.54,53.21
2024-10-08,1043,55.65,51.72,47.75,51.71
2024-10-09,1043,51.1,52.79,50.58,51.49
2024-10-10,1043,48.74,48.94,47.04,48.24
2024-10-11,1043,48.9,51.17,47.52,49.2
2024-10-12,1043,50.97,47.45,56.82,51.75
2024-10-13,1043,53.59,47.81,50.57,50.66
2024-10-14,1043,49.01,53.86,53.99,52.29
2024-10-15,1043,54.33,49.72,53.2,52.42
2024-10-16,1043,52.51,48.3,55.8,52.2
2024-10-17,1043,52.82,54.04,45.8,50.89
2024-10-18,1043,54.0,51.91,57.49,54.47
2024-10-19,1043,55.68,52.46,45.07,51.07
2024-10-20,1043,53.27,48.28,50.51,50.69
2024-10-21,1043,51.83,52.1,50.5,51.48
2024-10-22,1043,48.77,51.03,47.53,49.11
2024-10-23,1043,44.91,49.36,52.25,48.84
2024-10-24,1043,48.21,52.1,56.32,52.21
2024-10-25,1043,53.77,48.63,53.03,51.81
2024-10-26,1043,50.53,49.96,51.25,50.58
2024-10-27,1043,47.15,53.8,48.92,49.96
2024-10-28,1043,52.8,53.41,51.86,52.69
2024-10-29,1043,52.57,52.82,56.32,53.9
2024-10-30,1043,55.74,53.84,52.37,53.98
2024-10-31,1043,53.28,54.69,43.53,50.5
2024-11-01,1043,54.45,54.98,48.22,52.55
2024-11-02,1043,54.69,50.7,56.37,53.92
2024-11-03,1043,51.78,50.45,50.84,51.02
2024-11-04,1043,53.79,47.37,50.65,50.6
2024-11-05,1043,48.24,52.92,46.14,49.1
2024-11-06,1043,54.49,53.11,55.2,54.27
2024-11-07,1043,45.21,51.67,54.06,50.31
2024-11-08,1043,47.98,49.86,54.48,50.77
2024-11-09,1043,55.44,49.09,57.2,53.91
2024-11-10,1043,49.91,54.41,46.51,50.28
2024-11-11,1043,55.12,48.27,53.66,52.35
2024-11-12,1043,46.62,50.1,44.96,47.23
2024-11-13,1043,55.99,50.31,44.42,50.24
2024-11-14,1043,51.75,51.17,44.34,49.09
2024-11-15,1043,52.76,50.31,52.09,51.72
2024-11-16,1043,45.38,54.95,53.13,51.15
2024-11-17,1043,53.67,53.32,47.46,51.48
2024-11-18,1043,49.11,47.74,49.21,48.69
2024-11-19,1043,45.55,51.91,46.9,48.12
2024-11-20,1043,52.04,51.61,53.73,52.46
2024-11-21,1043,49.49,49.06,52.29,50.28
2024-11-22,1043,54.08,51.39,56.14,53.87
2024-11-23,1043,55.29,51.03,55.41,53.91
2024-11-24,1043,45.27,54.78,57.0,52.35
2024-11-25,1043,48.03,50.18,56.78,51.66
2024-11-26,1043,50.93,50.77,53.27,51.66
2024-11-27,1043,45.16,50.0,57.8,50.99
2024-11-28,1043,55.45,50.33,50.58,52.12
2024-11-29,1043,53.45,54.29,55.77,54.5
2024-11-30,1043,51.49,49.56,45.62,48.89
2024-12-01,1043,52.81,55.05,53.24,53.7
2024-12-02,1043,51.26,52.16,48.79,50.74
2024-12-03,1043,55.35,53.49,44.71,51.18
2024-12-04,1043,50.65,49.17,44.45,48.09
2024-12-05,1043,47.9,53.19,51.15,50.75
2024-12-06,1043,53.99,51.28,44.67,49.98
2024-12-07,1043,51.72,54.46,46.13,50.77
2024-12-08,1043,54.83,51.18,46.6,50.87
2024-12-09,1043,46.05,48.77,56.65,50.49
2024-12-10,1043,52.09,50.63,58.13,53.62
2024-12-11,1043,46.72,47.3,47.51,47.18
2024-12-12,1043,52.66,51.18,51.27,51.7
2024-12-13,1043,46.65,48.69,51.64,48.99
2024-12-14,1043,46.05,51.11,46.21,47.79
2024-12-15,1043,49.89,48.22,53.74,50.62
2024-12-16,1043,51.17,48.44,44.14,47.92
2024-12-17,1043,47.35,48.95,45.6,47.3
2024-12-18,1043,51.81,54.94,51.34,52.7
2024-12-19,1043,51.43,51.85,46.48,49.92
2024-12-20,1043,46.78,51.0,51.37,49.72
2024-12-21,1043,52.42,48.77,54.5,51.9
2024-12-22,1043,52.12,50.98,51.36,51.49
2024-12-23,1043,49.61,51.12,49.29,50.01
2024-12-24,1043,49.16,52.35,57.67,53.06
2024-12-25,1043,53.62,52.05,49.8,51.82
2024-12-26,1043,47.89,50.38,52.65,50.31
2024-12-27,1043,47.93,47.35,58.44,51.24
2024-12-28,1043,51.64,49.3,46.3,49.08
2024-12-29,1043,49.41,47.37,49.46,48.75
2024-12-30,1043,52.22,52.69,46.42,50.44
2024-01-01,1044,43.42,39.08,41.12,41.21
2024-01-02,1044,43.52,42.17,43.75,43.15
2024-01-03,1044,40.45,40.67,39.87,40.33
2024-01-04,1044,43.36,43.75,36.87,41.33
2024-01-05,1044,41.62,39.42,40.08,40.37
2024-01-06,1044,42.37,41.46,41.72,41.85
2024-01-07,1044,44.94,41.78,44.86,43.86
2024-01-08,1044,42.53,39.96,43.61,42.03
2024-01-09,1044,40.96,44.0,44.89,43.28
2024-01-10,1044,39.69,41.93,39.83,40.48
2024-01-11,1044,37.71,40.88,39.51,39.37
2024-01-12,1044,38.17,42.41,36.11,38.9
2024-01-13,1044,44.73,39.65,38.99,41.12
2024-01-14,1044,38.95,42.22,35.18,38.78
2024-01-15,1044,37.38,41.62,40.41,39.8
2024-01-16,1044,36.53,38.22,35.98,36.91
2024-01-17,1044,42.31,43.83,45.31,43.82
2024-01-18,1044,36.46,38.69,41.77,38.97
2024-01-19,1044,40.66,40.44,36.61,39.24
2024-01-20,1044,41.39,41.32,44.92,42.54
2024-01-21,1044,38.78,38.85,34.82,37.48
2024-01-22,1044,41.06,41.14,44.29,42.16
2024-01-23,1044,41.5,39.89,37.48,39.62
2024-01-24,1044,36.71,43.91,40.51,40.38
2024-01-25,1044,37.39,37.96,36.38,37.24
2024-01-26,1044,36.41,43.69,41.69,40.6
2024-01-27,1044,42.24,41.65,36.86,40.25
2024-01-28,1044,40.63,41.13,45.49,42.42
2024-01-29,1044,37.56,38.08,42.55,39.4
2024-01-30,1044,43.08,40.34,44.24,42.55
2024-01-31,1044,36.17,38.34,44.91,39.81
2024-02-01,1044,40.96,38.96,43.55,41.16
2024-02-02,1044,36.82,38.33,37.11,37.42
2024-02-03,1044,41.71,39.87,40.21,40.6
2024-02-04,1044,42.99,39.24,34.85,39.03
2024-02-05,1044,44.68,39.09,44.95,42.91
2024-02-06,1044,39.66,41.01,39.03,39.9
2024-02-07,1044,41.3,42.17,40.56,41.34
2024-02-08,1044,44.06,40.78,34.98,39.94
2024-02-09,1044,40.86,41.38,46.77,43.0
2024-02-10,1044,40.58,40.7,36.59,39.29
2024-02-11,1044,39.91,42.67,41.94,41.51
2024-02-12,1044,42.3,43.42,38.26,41.33
2024-02-13,1044,36.11,38.16,35.9,36.72
2024-02-14,1044,36.55,43.53,44.97,41.68
2024-02-15,1044,39.86,40.45,38.01,39.44
2024-02-16,1044,41.96,41.03,44.83,42.61
2024-02-17,1044,42.51,40.5,37.43,40.15
2024-02-18,1044,36.21,41.42,39.64,39.09
2024-02-19,1044,41.86,42.83,38.92,41.2
2024-02-20,1044,43.88,43.63,35.28,40.93
2024-02-21,1044,44.62,39.31,41.7,41.88
2024-02-22,1044,43.71,40.31,42.66,42.23
2024-02-23,1044,40.33,39.56,46.56,42.15
2024-02-24,1044,40.23,40.77,44.69,41.9
2024-02-25,1044,40.79,41.64,42.78,41.74
2024-02-26,1044,38.69,43.69,44.95,42.44
2024-02-27,1044,38.5,41.87,40.97,40.45
2024-02-28,1044,38.51,39.37,35.19,37.69
2024-02-29,1044,40.39,42.09,39.04,40.51
2024-03-01,1044,36.59,41.34,37.52,38.48
2024-03-02,1044,38.28,41.65,36.23,38.72
2024-03-03,1044,43.35,38.57,39.5,40.47
2024-03-04,1044,44.63,42.42,38.8,41.95
2024-03-05,1044,36.41,38.34,36.06,36.94
2024-03-06,1044,41.14,42.48,37.88,40.5
2024-03-07,1044,41.32,43.78,45.4,43.5
2024-03-08,1044,44.96,41.05,45.49,43.83
2024-03-09,1044,44.45,38.4,43.45,42.1
2024-03-10,1044,37.83,38.58,40.19,38.87
2024-03-11,1044,42.89,39.82,39.53,40.75
2024-03-12,1044,43.79,40.76,45.77,43.44
2024-03-13,1044,38.77,42.83,41.74,41.11
2024-03-14,1044,42.35,43.23,44.34,43.31
2024-03-15,1044,37.8,39.08,38.08,38.32
2024-03-16,1044,38.72,43.69,44.07,42.16
2024-03-17,1044,42.35,41.37,35.68,39.8
2024-03-18,1044,37.05,39.92,45.79,40.92
2024-03-19,1044,42.49,41.81,36.51,40.27
2024-03-20,1044,38.86,41.64,45.57,42.02
2024-03-21,1044,41.2,39.27,46.32,42.26
2024-03-22,1044,36.96,43.07,39.09,39.71
2024-03-23,1044,36.46,40.51,35.76,37.58
2024-03-24,1044,38.35,41.85,41.81,40.67
2024-03-25,1044,36.62,40.43,37.04,38.03
2024-03-26,1044,36.06,42.63,36.74,38.48
2024-03-27,1044,44.29,41.32,44.48,43.36
2024-03-28,1044,40.95,42.05,43.03,42.01
2024-03-29,1044,43.98,42.31,46.21,44.17
2024-03-30,1044,43.78,41.96,37.0,40.91
2024-03-31,1044,43.36,37.81,36.64,39.27
2024-04-01,1044,43.33,39.5,43.75,42.19
2024-04-02,1044,37.08,37.68,42.33,39.03
2024-04-03,1044,36.74,41.52,44.38,40.88
2024-04-04,1044,38.83,43.51,38.02,40.12
2024-04-05,1044,36.93,40.81,42.77,40.17
2024-04-06,1044,39.87,43.59,38.12,40.53
2024-04-07,1044,41.9,41.98,44.84,42.91
2024-04-08,1044,44.58,40.2,35.76,40.18
2024-04-09,1044,36.88,42.36,38.07,39.1
2024-04-10,1044,41.76,39.26,36.86,39.29
2024-04-11,1044,42.43,39.59,45.08,42.37
2024-04-12,1044,42.46,39.58,40.54,40.86
2024-04-13,1044,39.15,38.14,43.06,40.12
2024-04-14,1044,40.89,38.74,42.48,40.7
2024-04-15,1044,44.06,42.36,44.42,43.61
2024-04-16,1044,37.89,42.76,43.38,41.34
2024-04-17,1044,43.65,40.18,37.13,40.32
2024-04-18,1044,37.2,40.02,42.56,39.93
2024-04-19,1044,43.26,44.21,40.54,42.67
2024-04-20,1044,39.35,40.77,38.89,39.67
2024-04-21,1044,38.61,41.93,40.78,40.44
2024-04-22,1044,37.47,43.38,43.1,41.32
2024-04-23,1044,44.82,40.35,39.14,41.44
2024-04-24,1044,36.8,39.99,44.73,40.51
2024-04-25,1044,37.35,39.26,37.44,38.02
2024-04-26,1044,41.41,41.81,42.4,41.87
2024-04-27,1044,36.78,42.26,38.25,39.1
2024-04-28,1044,38.61,40.5,45.38,41.5
2024-04-29,1044,37.75,43.95,45.96,42.55
2024-04-30,1044,41.09,40.21,39.75,40.35
2024-05-01,1044,44.68,41.66,34.88,40.41
2024-05-02,1044,42.41,41.73,35.57,39.9
2024-05-03,1044,36.61,38.0,37.94,37.52
2024-05-04,1044,41.79,38.48,46.26,42.18
2024-05-05,1044,40.87,38.87,37.2,38.98
2024-05-06,1044,37.95,41.21,37.69,38.95
2024-05-07,1044,36.5,43.6,40.34,40.15
2024-05-08,1044,44.65,40.92,39.21,41.59
2024-05-09,1044,37.93,42.57,41.04,40.51
2024-05-10,1044,36.04,43.99,41.09,40.37
2024-05-11,1044,39.94,42.22,39.67,40.61
2024-05-12,1044,36.44,37.72,45.35,39.84
2024-05-13,1044,36.59,43.65,36.04,38.76
2024-05-14,1044,45.02,40.85,37.39,41.09
2024-05-15,1044,38.48,40.88,45.31,41.56
2024-05-16,1044,40.03,43.12,43.1,42.08
2024-05-17,1044,41.37,38.53,45.03,41.64
2024-05-18,1044,43.04,39.71,40.17,40.97
2024-05-19,1044,38.36,42.75,44.06,41.72
2024-05-20,1044,38.83,39.81,41.28,39.97
2024-05-21,1044,42.93,39.67,38.96,40.52
2024-05-22,1044,37.9,43.08,44.44,41.81
2024-05-23,1044,38.99,43.23,42.02,41.41
2024-05-24,1044,44.81,40.15,39.52,41.49
2024-05-25,1044,36.38,40.77,39.29,38.81
2024-05-26,1044,44.12,39.26,40.91,41.43
2024-05-27,1044,44.33,40.69,46.87,43.96
2024-05-28,1044,41.21,43.06,39.57,41.28
2024-05-29,1044,38.47,42.71,38.02,39.73
2024-05-30,1044,37.87,43.04,38.06,39.66
2024-05-31,1044,37.06,42.01,42.11,40.39
2024-06-01,1044,40.31,38.64,39.21,39.39
2024-06-02,1044,40.63,38.94,46.42,42.0
2024-06-03,1044,38.39,42.63,38.87,39.96
2024-06-04,1044,44.11,38.86,38.44,40.47
2024-06-05,1044,44.56,39.5,39.52,41.19
2024-06-06,1044,39.57,40.78,36.69,39.01
2024-06-07,1044,43.65,42.97,42.5,43.04
2024-06-08,1044,38.91,39.7,39.09,39.23
2024-06-09,1044,40.77,41.69,45.18,42.55
2024-06-10,1044,42.28,41.04,41.29,41.54
2024-06-11,1044,39.23,39.65,36.03,38.3
2024-06-12,1044,38.55,41.06,41.55,40.39
2024-06-13,1044,42.98,42.45,46.8,44.08
2024-06-14,1044,43.27,38.48,44.5,42.08
2024-06-15,1044,44.54,39.72,41.97,42.08
2024-06-16,1044,44.59,39.06,38.09,40.58
2024-06-17,1044,37.33,41.79,41.12,40.08
2024-06-18,1044,40.66,43.17,45.31,43.05
2024-06-19,1044,39.68,40.95,37.67,39.43
2024-06-20,1044,39.89,38.88,43.18,40.65
2024-06-21,1044,39.71,42.74,41.55,41.33
2024-06-22,1044,40.2,38.65,44.51,41.12
2024-06-23,1044,44.4,40.84,46.9,44.05
2024-06-24,1044,42.73,39.5,36.43,39.55
2024-06-25,1044,43.47,37.96,41.49,40.97
2024-06-26,1044,42.88,39.39,40.72,41.0
2024-06-27,1044,41.43,38.46,46.8,42.23
2024-06-28,1044,43.03,37.8,37.27,39.37
2024-06-29,1044,36.41,41.7,35.22,37.78
2024-06-30,1044,40.84,42.1,37.05,40.0
2024-07-01,1044,38.41,38.84,36.84,38.03
2024-07-02,1044,44.58,42.29,35.69,40.85
2024-07-03,1044,37.03,39.59,40.06,38.89
2024-07-04,1044,37.21,40.58,43.81,40.53
2024-07-05,1044,43.25,40.25,40.02,41.17
2024-07-06,1044,41.45,38.9,44.25,41.53
2024-07-07,1044,44.48,40.17,36.75,40.47
2024-07-08,1044,39.87,40.14,40.33,40.11
2024-07-09,1044,36.06,39.34,36.89,37.43
2024-07-10,1044,42.56,44.05,35.75,40.79
2024-07-11,1044,38.9,42.92,41.7,41.17
2024-07-12,1044,39.78,38.74,36.76,38.43
2024-07-13,1044,41.62,42.59,40.18,41.46
2024-07-14,1044,42.15,44.18,34.83,40.39
2024-07-15,1044,44.53,41.63,46.19,44.12
2024-07-16,1044,40.92,38.81,45.36,41.7
2024-07-17,1044,40.68,41.13,43.17,41.66
2024-07-18,1044,39.63,40.27,43.49,41.13
2024-07-19,1044,43.69,39.53,36.05,39.76
2024-07-20,1044,40.33,41.84,45.33,42.5
2024-07-21,1044,40.94,41.6,41.66,41.4
2024-07-22,1044,44.03,42.09,43.14,43.09
2024-07-23,1044,39.77,39.28,42.92,40.66
2024-07-24,1044,39.52,40.54,44.85,41.64
2024-07-25,1044,43.69,42.15,39.76,41.87
2024-07-26,1044,40.99,38.57,45.71,41.76
2024-07-27,1044,41.18,38.72,35.76,38.55
2024-07-28,1044,41.98,42.91,46.94,43.94
2024-07-29,1044,36.23,41.33,36.82,38.13
2024-07-30,1044,38.3,38.84,39.37,38.84
2024-07-31,1044,37.35,39.15,45.49,40.66
2024-08-01,1044,37.16,37.77,36.77,37.23
2024-08-02,1044,42.73,43.25,44.46,43.48
2024-08-03,1044,42.79,39.36,46.11,42.75
2024-08-04,1044,38.88,40.01,41.95,40.28
2024-08-05,1044,36.47,41.75,42.22,40.15
2024-08-06,1044,44.53,41.16,41.63,42.44
2024-08-07,1044,44.48,41.61,40.76,42.28
2024-08-08,1044,37.76,40.54,34.99,37.76
2024-08-09,1044,41.24,41.22,39.31,40.59
2024-08-10,1044,43.96,39.18,39.2,40.78
2024-08-11,1044,40.48,37.82,37.88,38.73
2024-08-12,1044,42.24,41.69,40.6,41.51
2024-08-13,1044,44.25,42.37,45.41,44.01
2024-08-14,1044,37.88,41.55,35.93,38.45
2024-08-15,1044,43.3,41.49,42.55,42.45
2024-08-16,1044,41.87,40.4,45.63,42.63
2024-08-17,1044,44.36,40.05,39.98,41.46
2024-08-18,1044,40.88,43.6,44.39,42.96
2024-08-19,1044,44.01,39.04,35.66,39.57
2024-08-20,1044,43.8,43.87,36.29,41.32
2024-08-21,1044,42.56,41.02,39.33,40.97
2024-08-22,1044,42.73,39.56,38.8,40.36
2024-08-23,1044,43.62,40.53,46.82,43.66
2024-08-24,1044,42.86,41.79,39.31,41.32
2024-08-25,1044,41.96,39.35,38.93,40.08
2024-08-26,1044,37.68,43.78,42.51,41.32
2024-08-27,1044,42.6,43.7,35.6,40.63
2024-08-28,1044,44.61,38.14,44.51,42.42
2024-08-29,1044,43.09,41.24,36.15,40.16
2024-08-30,1044,39.16,41.32,46.98,42.49
2024-08-31,1044,43.92,39.15,39.52,40.86
2024-09-01,1044,42.6,41.93,42.99,42.51
2024-09-02,1044,43.89,38.15,40.5,40.85
2024-09-03,1044,38.07,39.44,46.53,41.35
2024-09-04,1044,40.75,37.98,44.67,41.13
2024-09-05,1044,39.85,39.94,35.99,38.59
2024-09-06,1044,42.65,41.59,38.53,40.92
2024-09-07,1044,43.09,43.86,36.31,41.09
2024-09-08,1044,44.48,40.63,42.59,42.57
2024-09-09,1044,41.48,40.17,41.46,41.04
2024-09-10,1044,39.1,39.31,46.59,41.67
2024-09-11,1044,39.23,41.19,38.84,39.75
2024-09-12,1044,39.31,40.86,37.28,39.15
2024-09-13,1044,40.71,43.36,38.11,40.73
2024-09-14,1044,39.82,41.76,45.4,42.33
2024-09-15,1044,43.45,39.18,41.63,41.42
2024-09-16,1044,42.04,41.45,46.43,43.31
2024-09-17,1044,40.44,42.0,38.16,40.2
2024-09-18,1044,38.29,40.22,35.38,37.96
2024-09-19,1044,44.15,43.5,43.46,43.7
2024-09-20,1044,39.47,38.51,46.43,41.47
2024-09-21,1044,44.55,43.19,46.08,44.61
2024-09-22,1044,40.26,39.13,40.52,39.97
2024-09-23,1044,37.49,40.95,46.21,41.55
2024-09-24,1044,41.48,40.52,40.28,40.76
2024-09-25,1044,43.62,40.34,35.46,39.81
2024-09-26,1044,38.08,40.36,41.84,40.09
2024-09-27,1044,39.31,38.12,35.07,37.5
2024-09-28,1044,44.48,41.86,41.99,42.78
2024-09-29,1044,37.65,38.06,42.59,39.43
2024-09-30,1044,42.55,43.54,46.87,44.32
2024-10-01,1044,38.05,38.36,47.01,41.14
2024-10-02,1044,39.55,42.57,45.74,42.62
2024-10-03,1044,43.04,40.96,35.86,39.95
2024-10-04,1044,36.36,37.72,35.88,36.65
2024-10-05,1044,39.05,39.3,41.02,39.79
2024-10-06,1044,39.45,43.29,44.06,42.27
2024-10-07,1044,40.3,41.98,43.58,41.95
2024-10-08,1044,36.19,41.6,43.69,40.49
2024-10-09,1044,44.75,39.17,37.87,40.6
2024-10-10,1044,43.32,37.7,40.5,40.51
2024-10-11,1044,44.45,43.07,39.65,42.39
2024-10-12,1044,43.2,42.2,41.39,42.26
2024-10-13,1044,40.78,41.2,45.42,42.47
2024-10-14,1044,37.93,41.46,43.34,40.91
2024-10-15,1044,41.68,39.77,37.62,39.69
2024-10-16,1044,42.37,43.73,37.32,41.14
2024-10-17,1044,38.12,43.17,35.82,39.04
2024-10-18,1044,44.61,41.77,43.6,43.33
2024-10-19,1044,43.32,41.38,35.35,40.02
2024-10-20,1044,37.41,41.55,36.93,38.63
2024-10-21,1044,43.87,40.45,41.09,41.8
2024-10-22,1044,41.18,41.29,40.83,41.1
2024-10-23,1044,44.14,42.96,43.3,43.47
2024-10-24,1044,43.43,39.25,35.7,39.46
2024-10-25,1044,41.74,38.17,46.54,42.15
2024-10-26,1044,40.32,42.84,45.43,42.86
2024-10-27,1044,44.19,44.09,35.58,41.29
2024-10-28,1044,40.84,41.52,38.69,40.35
2024-10-29,1044,37.39,39.9,41.95,39.75
2024-10-30,1044,42.46,38.1,42.41,40.99
2024-10-31,1044,42.39,39.7,37.04,39.71
2024-11-01,1044,41.25,38.78,46.3,42.11
2024-11-02,1044,37.71,38.45,46.86,41.01
2024-11-03,1044,39.64,40.38,46.92,42.31
2024-11-04,1044,37.78,39.52,42.95,40.08
2024-11-05,1044,36.47,39.99,45.37,40.61
2024-11-06,1044,38.94,40.08,45.71,41.58
2024-11-07,1044,37.97,38.36,45.38,40.57
2024-11-08,1044,43.02,43.66,44.15,43.61
2024-11-09,1044,42.46,39.28,44.41,42.05
2024-11-10,1044,38.32,39.41,39.45,39.06
2024-11-11,1044,39.56,43.35,35.66,39.52
2024-11-12,1044,43.9,39.53,39.08,40.84
2024-11-13,1044,43.7,40.65,41.79,42.05
2024-11-14,1044,39.22,39.25,43.19,40.55
2024-11-15,1044,36.85,40.98,39.6,39.14
2024-11-16,1044,44.49,43.24,38.24,41.99
2024-11-17,1044,38.56,38.99,42.68,40.08
2024-11-18,1044,38.91,41.02,42.16,40.7
2024-11-19,1044,41.42,38.51,40.31,40.08
2024-11-20,1044,40.44,40.46,37.79,39.56
2024-11-21,1044,39.33,43.75,42.4,41.83
2024-11-22,1044,36.22,41.03,35.73,37.66
2024-11-23,1044,42.47,37.87,40.43,40.26
2024-11-24,1044,41.54,38.69,41.68,40.64
2024-11-25,1044,36.76,43.37,41.5,40.54
2024-11-26,1044,40.28,41.02,38.93,40.08
2024-11-27,1044,44.33,39.36,46.45,43.38
2024-11-28,1044,41.23,43.2,34.92,39.78
2024-11-29,1044,38.69,43.87,39.65,40.74
2024-11-30,1044,43.55,40.24,37.13,40.31
2024-12-01,1044,44.78,38.44,44.28,42.5
2024-12-02,1044,43.86,39.18,44.2,42.41
2024-12-03,1044,36.77,42.97,38.01,39.25
2024-12-04,1044,41.05,43.6,36.98,40.54
2024-12-05,1044,38.93,38.04,41.29,39.42
2024-12-06,1044,38.17,41.51,41.66,40.45
2024-12-07,1044,37.68,43.02,37.35,39.35
2024-12-08,1044,41.77,41.79,38.05,40.54
2024-12-09,1044,40.7,39.75,38.69,39.71
2024-12-10,1044,38.5,42.87,37.58,39.65
2024-12-11,1044,42.86,41.3,36.24,40.13
2024-12-12,1044,37.78,40.6,46.64,41.67
2024-12-13,1044,43.69,40.92,39.4,41.34
2024-12-14,1044,45.0,41.29,41.44,42.58
2024-12-15,1044,42.15,40.03,38.51,40.23
2024-12-16,1044,41.33,40.57,34.95,38.95
2024-12-17,1044,37.28,41.45,43.04,40.59
2024-12-18,1044,41.49,38.48,37.45,39.14
2024-12-19,1044,37.93,43.0,44.39,41.77
2024-12-20,1044,41.29,38.89,36.1,38.76
2024-12-21,1044,41.11,42.67,45.73,43.17
2024-12-22,1044,43.73,39.17,35.1,39.33
2024-12-23,1044,44.06,41.36,39.82,41.75
2024-12-24,1044,42.86,39.94,39.55,40.78
2024-12-25,1044,43.02,41.01,39.42,41.15
2024-12-26,1044,39.01,41.59,46.18,42.26
2024-12-27,1044,43.9,39.46,46.94,43.43
2024-12-28,1044,41.69,39.48,35.83,39.0
2024-12-29,1044,44.76,41.58,43.98,43.44
2024-12-30,1044,36.53,41.68,45.1,41.1
2024-01-01,1045,36.46,39.33,39.69,38.49
2024-01-02,1045,39.66,35.21,41.12,38.66
2024-01-03,1045,36.12,39.87,40.86,38.95
2024-01-04,1045,33.07,35.22,40.87,36.39
2024-01-05,1045,32.91,35.88,33.24,34.01
2024-01-06,1045,39.73,34.87,33.21,35.94
2024-01-07,1045,33.41,40.16,41.26,38.28
2024-01-08,1045,34.97,38.93,39.69,37.86
2024-01-09,1045,33.11,35.27,33.82,34.07
2024-01-10,1045,34.54,37.19,39.36,37.03
2024-01-11,1045,36.21,36.33,41.23,37.92
2024-01-12,1045,37.9,35.49,35.48,36.29
2024-01-13,1045,40.62,37.57,33.44,37.21
2024-01-14,1045,35.64,37.13,39.19,37.32
2024-01-15,1045,39.48,35.63,37.46,37.52
2024-01-16,1045,37.68,38.78,37.58,38.01
2024-01-17,1045,38.72,34.34,33.1,35.39
2024-01-18,1045,33.14,36.3,33.02,34.15
2024-01-19,1045,36.45,39.22,39.48,38.38
2024-01-20,1045,35.38,38.18,37.76,37.11
2024-01-21,1045,33.31,39.65,33.27,35.41
2024-01-22,1045,37.36,40.04,36.31,37.9
2024-01-23,1045,36.61,39.77,42.13,39.5
2024-01-24,1045,32.84,37.48,39.89,36.74
2024-01-25,1045,39.21,38.9,31.93,36.68
2024-01-26,1045,37.42,37.76,31.86,35.68
2024-01-27,1045,38.26,37.72,39.49,38.49
2024-01-28,1045,36.56,36.14,35.8,36.17
2024-01-29,1045,37.66,37.01,40.19,38.29
2024-01-30,1045,40.15,34.71,42.07,38.98
2024-01-31,1045,33.85,37.49,31.87,34.4
2024-02-01,1045,36.95,39.83,34.6,37.13
2024-02-02,1045,37.59,36.21,37.94,37.25
2024-02-03,1045,34.46,38.15,39.29,37.3
2024-02-04,1045,40.43,34.78,42.6,39.27
2024-02-05,1045,33.18,37.27,42.38,37.61
2024-02-06,1045,35.07,34.42,42.74,37.41
2024-02-07,1045,38.25,35.16,34.01,35.81
2024-02-08,1045,38.33,36.95,37.12,37.47
2024-02-09,1045,35.45,36.52,41.74,37.9
2024-02-10,1045,35.4,35.51,35.4,35.44
2024-02-11,1045,36.28,36.25,41.59,38.04
2024-02-12,1045,35.65,37.93,42.26,38.61
2024-02-13,1045,35.97,34.65,41.75,37.46
2024-02-14,1045,37.85,35.23,35.01,36.03
2024-02-15,1045,35.99,40.02,36.77,37.59
2024-02-16,1045,37.05,40.02,39.25,38.77
2024-02-17,1045,34.66,36.15,41.07,37.29
2024-02-18,1045,32.85,37.48,34.5,34.94
2024-02-19,1045,38.34,36.78,34.63,36.58
2024-02-20,1045,36.64,35.95,37.37,36.65
2024-02-21,1045,37.84,38.54,40.83,39.07
2024-02-22,1045,34.58,39.86,33.27,35.9
2024-02-23,1045,40.58,36.75,41.09,39.47
2024-02-24,1045,34.14,38.87,38.26,37.09
2024-02-25,1045,35.06,34.75,37.31,35.71
2024-02-26,1045,41.01,35.49,34.33,36.94
2024-02-27,1045,39.95,35.36,38.59,37.97
2024-02-28,1045,37.75,39.05,41.26,39.35
2024-02-29,1045,37.89,38.11,33.27,36.42
2024-03-01,1045,38.51,35.79,35.36,36.55
2024-03-02,1045,37.09,37.52,41.95,38.85
2024-03-03,1045,34.24,36.06,34.82,35.04
2024-03-04,1045,38.41,38.07,37.08,37.85
2024-03-05,1045,34.54,36.83,34.92,35.43
2024-03-06,1045,38.07,36.05,33.62,35.91
2024-03-07,1045,34.62,39.27,40.89,38.26
2024-03-08,1045,39.67,38.42,35.83,37.97
2024-03-09,1045,34.55,35.18,39.54,36.42
2024-03-10,1045,35.31,36.51,40.67,37.5
2024-03-11,1045,37.36,38.36,39.4,38.37
2024-03-12,1045,39.72,39.37,34.7,37.93
2024-03-13,1045,39.59,34.67,33.21,35.82
2024-03-14,1045,33.81,39.73,35.17,36.24
2024-03-15,1045,35.88,35.11,41.97,37.65
2024-03-16,1045,38.79,34.93,37.56,37.09
2024-03-17,1045,37.01,39.8,38.24,38.35
2024-03-18,1045,39.25,34.4,37.54,37.06
2024-03-19,1045,33.19,34.41,40.58,36.06
2024-03-20,1045,35.19,34.92,32.29,34.13
2024-03-21,1045,37.59,39.42,42.63,39.88
2024-03-22,1045,36.29,39.02,42.19,39.17
2024-03-23,1045,38.89,36.19,31.89,35.66
2024-03-24,1045,35.45,39.74,34.03,36.41
2024-03-25,1045,40.35,39.54,36.34,38.74
2024-03-26,1045,36.72,37.47,32.4,35.53
2024-03-27,1045,35.03,38.58,35.84,36.48
2024-03-28,1045,36.96,35.63,41.6,38.06
2024-03-29,1045,33.57,37.5,36.93,36.0
2024-03-30,1045,40.05,38.88,37.03,38.65
2024-03-31,1045,38.68,34.91,33.49,35.69
2024-04-01,1045,37.34,37.65,38.26,37.75
2024-04-02,1045,34.54,37.4,37.24,36.39
2024-04-03,1045,34.5,37.59,37.69,36.59
2024-04-04,1045,36.28,38.21,41.63,38.71
2024-04-05,1045,38.37,39.97,37.13,38.49
2024-04-06,1045,36.67,37.06,37.74,37.16
2024-04-07,1045,38.07,40.0,33.98,37.35
2024-04-08,1045,40.16,34.49,40.21,38.29
2024-04-09,1045,40.0,37.83,39.71,39.18
2024-04-10,1045,33.74,36.33,39.26,36.44
2024-04-11,1045,34.48,37.65,33.95,35.36
2024-04-12,1045,40.38,35.73,32.24,36.12
2024-04-13,1045,37.91,39.59,40.15,39.22
2024-04-14,1045,38.45,40.06,41.65,40.05
2024-04-15,1045,40.85,35.65,35.73,37.41
2024-04-16,1045,39.34,35.07,33.82,36.08
2024-04-17,1045,38.51,38.15,39.8,38.82
2024-04-18,1045,38.43,38.39,32.39,36.4
2024-04-19,1045,34.38,37.23,31.83,34.48
2024-04-20,1045,33.84,34.6,38.54,35.66
2024-04-21,1045,40.07,38.43,32.42,36.97
2024-04-22,1045,34.3,38.95,35.57,36.27
2024-04-23,1045,33.64,35.32,42.53,37.16
2024-04-24,1045,37.52,35.43,41.38,38.11
2024-04-25,1045,40.79,40.16,33.24,38.06
2024-04-26,1045,35.77,34.68,38.92,36.46
2024-04-27,1045,40.58,36.86,36.25,37.9
2024-04-28,1045,36.47,39.79,32.28,36.18
2024-04-29,1045,36.88,39.39,35.38,37.22
2024-04-30,1045,38.58,38.62,34.61,37.27
2024-05-01,1045,37.66,39.85,32.04,36.52
2024-05-02,1045,34.39,35.7,41.79,37.29
2024-05-03,1045,40.42,36.23,39.79,38.81
2024-05-04,1045,34.31,38.36,41.83,38.17
2024-05-05,1045,40.79,35.65,32.36,36.27
2024-05-06,1045,36.88,35.91,34.84,35.88
2024-05-07,1045,35.37,36.36,42.54,38.09
2024-05-08,1045,40.52,38.05,35.15,37.91
2024-05-09,1045,38.65,39.07,38.39,38.7
2024-05-10,1045,34.05,36.92,37.48,36.15
2024-05-11,1045,40.06,36.2,42.26,39.51
2024-05-12,1045,35.45,36.06,32.58,34.7
2024-05-13,1045,40.6,38.56,36.65,38.6
2024-05-14,1045,37.65,38.28,32.88,36.27
2024-05-15,1045,36.75,38.62,36.73,37.37
2024-05-16,1045,38.87,34.73,41.1,38.23
2024-05-17,1045,35.63,35.64,40.7,37.32
2024-05-18,1045,35.15,36.4,33.97,35.17
2024-05-19,1045,39.41,36.76,41.05,39.07
2024-05-20,1045,38.28,36.56,40.88,38.57
2024-05-21,1045,36.74,37.85,37.78,37.46
2024-05-22,1045,39.86,34.5,34.63,36.33
2024-05-23,1045,38.44,37.48,37.74,37.89
2024-05-24,1045,34.13,34.95,35.07,34.72
2024-05-25,1045,33.99,35.28,41.75,37.01
2024-05-26,1045,38.51,39.44,36.65,38.2
2024-05-27,1045,38.49,37.74,41.7,39.31
2024-05-28,1045,38.43,39.31,38.49,38.74
2024-05-29,1045,39.7,39.74,36.73,38.72
2024-05-30,1045,33.81,34.55,34.94,34.43
2024-05-31,1045,34.1,39.95,37.87,37.31
2024-06-01,1045,36.57,36.88,36.3,36.58
2024-06-02,1045,39.33,36.01,35.49,36.94
2024-06-03,1045,36.04,40.15,35.77,37.32
2024-06-04,1045,39.24,37.79,41.3,39.44
2024-06-05,1045,40.24,35.93,37.41,37.86
2024-06-06,1045,38.08,39.81,35.0,37.63
2024-06-07,1045,35.76,36.5,40.3,37.52
2024-06-08,1045,36.82,38.78,42.86,39.49
2024-06-09,1045,37.38,37.95,31.95,35.76
2024-06-10,1045,35.34,36.09,39.9,37.11
2024-06-11,1045,34.04,36.21,39.57,36.61
2024-06-12,1045,37.13,36.53,38.16,37.27
2024-06-13,1045,36.01,39.56,40.67,38.75
2024-06-14,1045,33.13,38.19,40.46,37.26
2024-06-15,1045,40.03,37.39,35.89,37.77
2024-06-16,1045,35.8,37.91,37.42,37.04
2024-06-17,1045,35.26,39.0,36.28,36.85
2024-06-18,1045,40.19,35.02,38.24,37.82
2024-06-19,1045,40.92,37.26,35.2,37.79
2024-06-20,1045,36.5,35.67,38.59,36.92
2024-06-21,1045,34.55,36.92,36.74,36.07
2024-06-22,1045,34.13,39.69,32.53,35.45
2024-06-23,1045,38.27,39.82,35.78,37.96
2024-06-24,1045,40.92,34.58,36.79,37.43
2024-06-25,1045,40.74,39.18,35.49,38.47
2024-06-26,1045,33.83,36.86,42.21,37.63
2024-06-27,1045,34.59,38.01,36.79,36.46
2024-06-28,1045,40.09,38.98,33.32,37.46
2024-06-29,1045,35.84,34.63,36.73,35.73
2024-06-30,1045,34.11,37.58,42.51,38.07
2024-07-01,1045,39.28,34.34,34.86,36.16
2024-07-02,1045,33.56,36.25,36.62,35.48
2024-07-03,1045,33.45,37.34,34.93,35.24
2024-07-04,1045,36.58,38.3,40.19,38.36
2024-07-05,1045,39.95,36.29,34.1,36.78
2024-07-06,1045,34.04,39.75,33.72,35.84
2024-07-07,1045,34.21,35.09,35.75,35.02
2024-07-08,1045,34.52,39.22,34.44,36.06
2024-07-09,1045,39.34,38.7,33.13,37.06
2024-07-10,1045,39.36,38.86,37.5,38.57
2024-07-11,1045,32.99,36.35,33.4,34.25
2024-07-12,1045,34.0,36.36,37.39,35.92
2024-07-13,1045,36.95,37.68,39.28,37.97
2024-07-14,1045,34.28,38.59,34.39,35.75
2024-07-15,1045,37.57,34.46,42.57,38.2
2024-07-16,1045,40.63,34.49,37.43,37.52
2024-07-17,1045,38.19,37.54,34.48,36.74
2024-07-18,1045,36.67,39.99,37.68,38.11
2024-07-19,1045,37.58,39.0,35.16,37.25
2024-07-20,1045,40.41,34.56,40.23,38.4
2024-07-21,1045,38.37,36.73,35.06,36.72
2024-07-22,1045,37.49,35.07,32.24,34.93
2024-07-23,1045,38.98,40.16,41.03,40.06
2024-07-24,1045,37.1,36.9,40.48,38.16
2024-07-25,1045,40.84,37.72,37.27,38.61
2024-07-26,1045,35.49,38.04,33.77,35.77
2024-07-27,1045,38.86,39.86,41.0,39.91
2024-07-28,1045,39.27,35.85,38.67,37.93
2024-07-29,1045,33.49,37.55,36.09,35.71
2024-07-30,1045,38.75,35.71,42.39,38.95
2024-07-31,1045,32.85,40.14,42.77,38.59
2024-08-01,1045,37.84,35.11,40.81,37.92
2024-08-02,1045,34.75,37.4,39.44,37.2
2024-08-03,1045,36.22,38.08,37.26,37.19
2024-08-04,1045,40.84,38.02,39.43,39.43
2024-08-05,1045,33.97,37.01,42.24,37.74
2024-08-06,1045,36.46,35.97,40.54,37.66
2024-08-07,1045,38.36,39.5,39.63,39.16
2024-08-08,1045,34.12,38.21,35.43,35.92
2024-08-09,1045,36.66,40.24,34.56,37.15
2024-08-10,1045,40.69,40.01,33.3,38.0
2024-08-11,1045,38.44,38.94,33.09,36.82
2024-08-12,1045,38.82,37.73,39.36,38.64
2024-08-13,1045,40.15,36.99,36.08,37.74
2024-08-14,1045,40.75,35.47,36.82,37.68
2024-08-15,1045,39.5,34.4,41.89,38.6
2024-08-16,1045,35.08,39.84,34.77,36.56
2024-08-17,1045,37.22,39.67,39.09,38.66
2024-08-18,1045,34.26,34.7,35.88,34.95
2024-08-19,1045,32.87,39.89,37.63,36.8
2024-08-20,1045,38.56,39.24,40.32,39.37
2024-08-21,1045,37.42,36.43,34.89,36.25
2024-08-22,1045,37.55,37.81,39.34,38.23
2024-08-23,1045,34.22,34.46,33.9,34.19
2024-08-24,1045,39.78,35.7,39.64,38.37
2024-08-25,1045,37.21,39.04,42.16,39.47
2024-08-26,1045,37.94,34.98,42.02,38.31
2024-08-27,1045,40.69,38.88,39.48,39.68
2024-08-28,1045,40.72,35.48,40.67,38.96
2024-08-29,1045,34.16,36.53,42.28,37.66
2024-08-30,1045,38.99,36.8,37.21,37.67
2024-08-31,1045,39.42,34.54,40.46,38.14
2024-09-01,1045,39.82,35.92,35.28,37.01
2024-09-02,1045,39.34,35.19,37.17,37.23
2024-09-03,1045,40.42,39.32,42.74,40.83
2024-09-04,1045,33.78,36.88,41.17,37.28
2024-09-05,1045,36.38,38.43,34.36,36.39
2024-09-06,1045,38.08,38.79,34.46,37.11
2024-09-07,1045,34.51,36.8,36.94,36.08
2024-09-08,1045,40.32,35.93,37.52,37.92
2024-09-09,1045,34.62,34.96,33.29,34.29
2024-09-10,1045,38.3,37.66,41.83,39.26
2024-09-11,1045,35.02,38.37,42.05,38.48
2024-09-12,1045,40.55,38.37,42.47,40.46
2024-09-13,1045,36.7,36.38,32.0,35.03
2024-09-14,1045,33.11,36.96,34.3,34.79
2024-09-15,1045,40.66,39.57,39.84,40.02
2024-09-16,1045,35.0,38.55,36.18,36.58
2024-09-17,1045,33.39,35.56,41.03,36.66
2024-09-18,1045,33.32,35.43,36.73,35.16
2024-09-19,1045,39.29,35.12,39.83,38.08
2024-09-20,1045,39.28,37.8,38.45,38.51
2024-09-21,1045,37.4,37.73,38.13,37.75
2024-09-22,1045,39.89,36.02,36.64,37.52
2024-09-23,1045,35.57,39.69,38.7,37.99
2024-09-24,1045,39.31,34.4,33.09,35.6
2024-09-25,1045,39.66,38.9,33.32,37.29
2024-09-26,1045,34.23,35.75,41.82,37.27
2024-09-27,1045,38.97,38.78,40.69,39.48
2024-09-28,1045,34.89,40.18,41.19,38.75
2024-09-29,1045,35.77,39.93,35.39,37.03
2024-09-30,1045,35.95,35.52,41.71,37.73
2024-10-01,1045,37.25,39.11,41.42,39.26
2024-10-02,1045,39.82,37.09,37.95,38.29
2024-10-03,1045,37.46,38.65,34.47,36.86
2024-10-04,1045,33.74,39.26,41.09,38.03
2024-10-05,1045,35.12,37.39,37.16,36.56
2024-10-06,1045,34.63,38.62,42.62,38.62
2024-10-07,1045,33.37,35.73,39.41,36.17
2024-10-08,1045,40.64,34.82,41.33,38.93
2024-10-09,1045,37.37,36.43,42.4,38.73
2024-10-10,1045,38.57,39.29,41.36,39.74
2024-10-11,1045,38.18,38.4,33.63,36.74
2024-10-12,1045,34.99,37.23,37.18,36.47
2024-10-13,1045,37.44,35.08,35.96,36.16
2024-10-14,1045,38.96,34.42,33.18,35.52
2024-10-15,1045,36.76,37.35,36.27,36.79
2024-10-16,1045,40.19,38.64,35.32,38.05
2024-10-17,1045,36.05,37.44,33.33,35.61
2024-10-18,1045,39.01,35.44,42.04,38.83
2024-10-19,1045,39.59,37.03,36.04,37.55
2024-10-20,1045,38.26,37.53,36.93,37.57
2024-10-21,1045,39.61,39.84,40.67,40.04
2024-10-22,1045,37.89,38.93,39.99,38.94
2024-10-23,1045,34.55,36.06,41.62,37.41
2024-10-24,1045,35.15,36.47,37.88,36.5
2024-10-25,1045,33.42,35.55,37.35,35.44
2024-10-26,1045,38.07,37.23,31.7,35.67
2024-10-27,1045,37.17,38.47,42.18,39.27
2024-10-28,1045,33.82,38.73,33.14,35.23
2024-10-29,1045,38.66,36.73,39.51,38.3
2024-10-30,1045,38.32,37.42,34.07,36.6
2024-10-31,1045,37.63,34.39,42.5,38.17
2024-11-01,1045,38.66,35.53,34.61,36.27
2024-11-02,1045,40.24,36.63,34.92,37.26
2024-11-03,1045,34.82,39.13,35.11,36.35
2024-11-04,1045,33.36,39.45,41.48,38.1
2024-11-05,1045,34.18,38.48,32.85,35.17
2024-11-06,1045,36.31,35.11,32.06,34.49
2024-11-07,1045,36.42,35.36,32.56,34.78
2024-11-08,1045,32.95,39.46,41.09,37.83
2024-11-09,1045,38.29,39.36,39.87,39.17
2024-11-10,1045,37.87,34.47,40.49,37.61
2024-11-11,1045,36.81,36.86,39.74,37.8
2024-11-12,1045,35.21,35.87,40.75,37.28
2024-11-13,1045,40.84,36.22,42.08,39.71
2024-11-14,1045,36.53,39.08,39.15,38.25
2024-11-15,1045,38.77,36.18,35.4,36.78
2024-11-16,1045,34.34,38.41,34.58,35.78
2024-11-17,1045,37.7,37.89,33.34,36.31
2024-11-18,1045,40.13,38.41,42.54,40.36
2024-11-19,1045,38.23,39.73,35.71,37.89
2024-11-20,1045,39.1,34.6,37.97,37.22
2024-11-21,1045,33.53,35.69,37.35,35.52
2024-11-22,1045,39.18,36.58,33.15,36.3
2024-11-23,1045,36.29,35.49,33.97,35.25
2024-11-24,1045,40.89,39.99,34.01,38.3
2024-11-25,1045,39.37,36.64,34.2,36.74
2024-11-26,1045,39.55,39.95,40.34,39.95
2024-11-27,1045,38.08,38.31,34.57,36.99
2024-11-28,1045,35.22,37.83,37.73,36.93
2024-11-29,1045,33.22,40.14,40.24,37.87
2024-11-30,1045,34.56,39.87,42.71,39.05
2024-12-01,1045,40.94,36.06,40.87,39.29
2024-12-02,1045,38.57,39.9,39.85,39.44
2024-12-03,1045,35.67,37.71,36.49,36.62
2024-12-04,1045,35.37,39.38,35.31,36.69
2024-12-05,1045,39.57,37.8,35.95,37.77
2024-12-06,1045,34.61,35.04,38.21,35.95
2024-12-07,1045,36.38,34.83,33.16,34.79
2024-12-08,1045,33.63,40.05,34.05,35.91
2024-12-09,1045,34.3,40.09,39.78,38.06
2024-12-10,1045,36.98,39.11,32.4,36.16
2024-12-11,1045,36.34,35.45,32.91,34.9
2024-12-12,1045,34.7,38.21,36.35,36.42
2024-12-13,1045,34.08,35.13,39.45,36.22
2024-12-14,1045,35.59,39.77,32.97,36.11
2024-12-15,1045,38.37,37.25,32.19,35.94
2024-12-16,1045,38.06,38.26,39.27,38.53
2024-12-17,1045,38.09,35.81,38.08,37.33
2024-12-18,1045,35.18,36.43,41.96,37.86
2024-12-19,1045,37.63,34.95,39.01,37.2
2024-12-20,1045,36.28,38.97,34.55,36.6
2024-12-21,1045,39.7,34.49,34.58,36.26
2024-12-22,1045,36.33,37.56,34.4,36.1
2024-12-23,1045,35.14,39.85,37.03,37.34
2024-12-24,1045,34.72,36.22,34.01,34.98
2024-12-25,1045,33.21,39.09,36.46,36.25
2024-12-26,1045,34.17,40.03,33.43,35.88
2024-12-27,1045,34.55,38.07,42.63,38.42
2024-12-28,1045,37.91,37.62,42.31,39.28
2024-12-29,1045,38.88,37.46,41.63,39.32
2024-12-30,1045,37.87,34.42,42.18,38.16
2024-01-01,1046,51.86,55.96,51.82,53.21
2024-01-02,1046,57.69,54.11,53.66,55.15
2024-01-03,1046,52.02,51.85,46.79,50.22
2024-01-04,1046,53.34,57.93,54.39,55.22
2024-01-05,1046,48.47,57.75,50.18,52.13
2024-01-06,1046,53.72,53.6,61.39,56.24
2024-01-07,1046,57.37,52.43,53.49,54.43
2024-01-08,1046,55.14,54.46,47.5,52.37
2024-01-09,1046,54.05,56.55,56.71,55.77
2024-01-10,1046,50.28,51.38,49.85,50.5
2024-01-11,1046,58.76,54.48,46.28,53.17
2024-01-12,1046,57.24,51.82,47.92,52.33
2024-01-13,1046,53.9,53.02,60.89,55.94
2024-01-14,1046,58.22,56.39,59.46,58.02
2024-01-15,1046,50.31,54.91,54.95,53.39
2024-01-16,1046,52.98,54.66,53.83,53.82
2024-01-17,1046,49.73,55.26,53.26,52.75
2024-01-18,1046,57.5,51.9,58.06,55.82
2024-01-19,1046,59.42,51.42,59.09,56.64
2024-01-20,1046,53.3,54.73,58.73,55.59
2024-01-21,1046,48.73,55.42,59.31,54.49
2024-01-22,1046,57.06,51.37,58.39,55.61
2024-01-23,1046,55.49,52.86,52.96,53.77
2024-01-24,1046,52.67,54.12,60.11,55.63
2024-01-25,1046,50.85,54.71,52.28,52.61
2024-01-26,1046,54.73,54.66,53.68,54.36
2024-01-27,1046,53.09,51.91,51.68,52.23
2024-01-28,1046,56.36,52.48,62.32,57.05
2024-01-29,1046,51.39,53.66,57.11,54.05
2024-01-30,1046,57.4,56.23,61.18,58.27
2024-01-31,1046,59.86,52.53,46.96,53.12
2024-02-01,1046,54.93,51.87,49.3,52.03
2024-02-02,1046,47.92,55.44,51.57,51.64
2024-02-03,1046,59.09,52.29,50.36,53.91
2024-02-04,1046,55.53,57.37,49.43,54.11
2024-02-05,1046,58.7,54.88,48.74,54.11
2024-02-06,1046,56.92,58.2,56.3,57.14
2024-02-07,1046,51.74,50.57,57.97,53.43
2024-02-08,1046,51.89,58.17,54.14,54.73
2024-02-09,1046,54.73,53.29,57.94,55.32
2024-02-10,1046,50.5,51.37,53.78,51.88
2024-02-11,1046,57.33,57.92,58.67,57.97
2024-02-12,1046,54.23,57.96,57.8,56.66
2024-02-13,1046,54.4,53.24,49.0,52.21
2024-02-14,1046,48.92,52.35,57.31,52.86
2024-02-15,1046,51.97,50.5,61.82,54.76
2024-02-16,1046,57.63,52.98,57.59,56.07
2024-02-17,1046,55.53,54.59,56.67,55.6
2024-02-18,1046,56.42,50.8,51.2,52.81
2024-02-19,1046,58.97,57.31,54.43,56.9
2024-02-20,1046,53.38,52.01,61.78,55.72
2024-02-21,1046,49.58,53.82,62.01,55.14
2024-02-22,1046,52.63,50.65,52.0,51.76
2024-02-23,1046,54.2,51.74,61.57,55.84
2024-02-24,1046,55.69,54.43,50.34,53.49
2024-02-25,1046,55.37,52.99,59.74,56.03
2024-02-26,1046,52.05,50.16,49.88,50.7
2024-02-27,1046,51.72,53.98,50.74,52.15
2024-02-28,1046,55.12,53.99,50.95,53.35
2024-02-29,1046,50.41,53.08,46.9,50.13
2024-03-01,1046,58.33,50.48,60.1,56.3
2024-03-02,1046,49.63,52.3,57.52,53.15
2024-03-03,1046,49.48,54.2,55.89,53.19
2024-03-04,1046,57.83,52.83,55.45,55.37
2024-03-05,1046,53.14,51.88,51.7,52.24
2024-03-06,1046,48.69,55.92,62.56,55.72
2024-03-07,1046,57.76,57.42,57.81,57.66
2024-03-08,1046,48.66,51.24,46.96,48.95
2024-03-09,1046,58.62,52.99,61.88,57.83
2024-03-10,1046,56.05,53.73,46.57,52.12
2024-03-11,1046,55.23,58.62,59.86,57.9
2024-03-12,1046,50.55,53.13,61.93,55.2
2024-03-13,1046,59.71,52.31,58.92,56.98
2024-03-14,1046,53.94,56.19,51.9,54.01
2024-03-15,1046,49.36,56.32,48.41,51.36
2024-03-16,1046,51.92,57.97,52.97,54.29
2024-03-17,1046,53.18,56.52,56.04,55.25
2024-03-18,1046,48.82,56.24,54.73,53.26
2024-03-19,1046,57.52,56.46,51.63,55.2
2024-03-20,1046,54.4,55.72,56.54,55.55
2024-03-21,1046,56.58,53.91,53.79,54.76
2024-03-22,1046,50.62,58.69,58.72,56.01
2024-03-23,1046,50.45,52.66,56.13,53.08
2024-03-24,1046,49.86,54.4,56.03,53.43
2024-03-25,1046,51.97,52.61,49.79,51.46
2024-03-26,1046,51.52,56.55,50.98,53.02
2024-03-27,1046,58.03,58.4,60.39,58.94
2024-03-28,1046,52.04,58.22,51.14,53.8
2024-03-29,1046,49.29,54.78,52.39,52.15
2024-03-30,1046,57.18,50.62,60.27,56.02
2024-03-31,1046,51.47,57.93,46.35,51.92
2024-04-01,1046,50.88,57.22,48.89,52.33
2024-04-02,1046,55.63,51.37,54.62,53.87
2024-04-03,1046,53.97,55.16,49.8,52.98
2024-04-04,1046,54.49,52.71,53.38,53.53
2024-04-05,1046,49.67,57.78,52.34,53.26
2024-04-06,1046,50.35,58.03,53.9,54.09
2024-04-07,1046,57.5,58.36,60.45,58.77
2024-04-08,1046,50.33,50.4,54.17,51.63
2024-04-09,1046,55.14,57.41,49.67,54.07
2024-04-10,1046,57.84,56.78,58.82,57.81
2024-04-11,1046,53.98,53.28,54.64,53.97
2024-04-12,1046,59.69,51.31,53.46,54.82
2024-04-13,1046,57.34,57.25,46.77,53.79
2024-04-14,1046,58.72,53.35,54.37,55.48
2024-04-15,1046,49.4,57.58,55.74,54.24
2024-04-16,1046,48.85,58.14,47.98,51.66
2024-04-17,1046,57.26,54.98,51.97,54.74
2024-04-18,1046,53.17,57.4,58.06,56.21
2024-04-19,1046,54.66,56.45,60.13,57.08
2024-04-20,1046,51.03,56.18,61.83,56.35
2024-04-21,1046,52.23,53.67,55.83,53.91
2024-04-22,1046,58.18,50.85,50.72,53.25
2024-04-23,1046,52.89,53.19,54.83,53.64
2024-04-24,1046,55.04,57.07,58.77,56.96
2024-04-25,1046,48.34,50.79,60.5,53.21
2024-04-26,1046,58.46,55.41,59.35,57.74
2024-04-27,1046,52.16,53.98,58.57,54.9
2024-04-28,1046,53.6,55.85,51.08,53.51
2024-04-29,1046,56.55,51.42,50.84,52.94
2024-04-30,1046,49.38,55.97,49.58,51.64
2024-05-01,1046,47.93,51.88,50.01,49.94
2024-05-02,1046,50.35,53.66,49.09,51.03
2024-05-03,1046,55.42,58.49,52.78,55.56
2024-05-04,1046,48.58,57.12,48.9,51.53
2024-05-05,1046,57.93,56.43,49.07,54.48
2024-05-06,1046,49.92,50.8,48.11,49.61
2024-05-07,1046,55.98,56.24,59.04,57.09
2024-05-08,1046,55.13,51.95,54.84,53.97
2024-05-09,1046,48.95,58.57,46.36,51.29
2024-05-10,1046,52.6,56.23,51.95,53.59
2024-05-11,1046,48.4,52.39,47.99,49.59
2024-05-12,1046,59.58,51.42,46.97,52.66
2024-05-13,1046,51.72,52.39,58.26,54.12
2024-05-14,1046,49.62,58.55,50.91,53.03
2024-05-15,1046,48.09,55.76,53.67,52.51
2024-05-16,1046,59.85,57.37,62.16,59.79
2024-05-17,1046,51.9,56.42,52.65,53.66
2024-05-18,1046,50.35,52.65,61.45,54.82
2024-05-19,1046,49.35,55.11,59.3,54.59
2024-05-20,1046,50.98,56.93,61.67,56.53
2024-05-21,1046,55.19,50.69,56.24,54.04
2024-05-22,1046,55.38,53.96,59.76,56.37
2024-05-23,1046,53.44,58.46,60.63,57.51
2024-05-24,1046,53.68,55.77,61.39,56.95
2024-05-25,1046,56.22,50.95,60.82,56.0
2024-05-26,1046,57.95,58.59,51.33,55.96
2024-05-27,1046,53.85,56.6,59.6,56.68
2024-05-28,1046,51.48,53.18,56.35,53.67
2024-05-29,1046,52.0,51.83,54.55,52.79
2024-05-30,1046,53.48,53.58,56.85,54.64
2024-05-31,1046,55.69,50.57,53.32,53.19
2024-06-01,1046,48.3,51.53,53.34,51.06
2024-06-02,1046,55.17,54.59,46.85,52.2
2024-06-03,1046,51.13,55.24,56.12,54.16
2024-06-04,1046,49.25,56.4,46.62,50.76
2024-06-05,1046,54.84,51.48,56.08,54.13
2024-06-06,1046,57.6,54.22,51.05,54.29
2024-06-07,1046,49.59,50.91,48.29,49.6
2024-06-08,1046,55.93,56.71,55.65,56.1
2024-06-09,1046,58.36,53.06,60.81,57.41
2024-06-10,1046,50.94,54.41,61.37,55.57
2024-06-11,1046,50.5,55.97,53.85,53.44
2024-06-12,1046,51.9,58.24,53.9,54.68
2024-06-13,1046,58.63,52.97,58.51,56.7
2024-06-14,1046,53.44,53.07,56.26,54.26
2024-06-15,1046,58.05,50.57,56.05,54.89
2024-06-16,1046,48.04,55.34,48.18,50.52
2024-06-17,1046,50.01,57.02,55.91,54.31
2024-06-18,1046,57.5,58.52,57.04,57.69
2024-06-19,1046,54.65,50.63,48.79,51.36
2024-06-20,1046,48.8,54.81,46.47,50.03
2024-06-21,1046,54.12,55.04,61.49,56.88
2024-06-22,1046,51.92,51.0,51.5,51.47
2024-06-23,1046,56.34,50.98,48.84,52.05
2024-06-24,1046,52.31,53.49,59.25,55.02
2024-06-25,1046,52.01,55.93,62.19,56.71
2024-06-26,1046,48.68,55.06,52.89,52.21
2024-06-27,1046,49.81,53.13,59.23,54.06
2024-06-28,1046,59.03,51.16,57.54,55.91
2024-06-29,1046,53.95,50.28,54.44,52.89
2024-06-30,1046,51.63,50.79,59.01,53.81
2024-07-01,1046,52.37,50.79,53.77,52.31
2024-07-02,1046,57.03,50.76,48.96,52.25
2024-07-03,1046,53.64,51.98,56.84,54.15
2024-07-04,1046,56.0,58.5,61.81,58.77
2024-07-05,1046,50.55,52.48,53.22,52.08
2024-07-06,1046,48.8,55.38,47.22,50.47
2024-07-07,1046,52.56,53.72,55.57,53.95
2024-07-08,1046,52.48,53.52,50.23,52.08
2024-07-09,1046,49.16,54.17,62.07,55.13
2024-07-10,1046,56.45,56.47,60.9,57.94
2024-07-11,1046,53.29,53.82,62.15,56.42
2024-07-12,1046,51.36,58.43,53.25,54.35
2024-07-13,1046,48.0,55.58,58.08,53.89
2024-07-14,1046,56.78,55.3,57.75,56.61
2024-07-15,1046,52.65,51.16,52.87,52.23
2024-07-16,1046,49.74,56.66,50.19,52.2
2024-07-17,1046,53.07,53.09,49.55,51.9
2024-07-18,1046,58.55,55.27,49.03,54.28
2024-07-19,1046,59.75,56.03,50.98,55.59
2024-07-20,1046,54.02,50.75,49.43,51.4
2024-07-21,1046,50.07,51.5,58.66,53.41
2024-07-22,1046,48.49,54.18,59.89,54.19
2024-07-23,1046,57.58,54.64,57.07,56.43
2024-07-24,1046,51.46,52.36,48.99,50.94
2024-07-25,1046,48.92,52.16,51.45,50.84
2024-07-26,1046,49.83,54.66,56.0,53.5
2024-07-27,1046,47.96,55.31,46.28,49.85
2024-07-28,1046,49.2,50.84,46.37,48.8
2024-07-29,1046,58.14,55.02,60.74,57.97
2024-07-30,1046,52.24,57.27,52.65,54.05
2024-07-31,1046,59.0,54.42,49.15,54.19
2024-08-01,1046,53.37,52.66,57.88,54.64
2024-08-02,1046,50.44,55.34,57.26,54.35
2024-08-03,1046,50.66,50.2,54.43,51.76
2024-08-04,1046,56.94,52.85,52.64,54.14
2024-08-05,1046,56.57,54.85,58.73,56.72
2024-08-06,1046,54.46,52.76,46.88,51.37
2024-08-07,1046,50.47,50.53,55.28,52.09
2024-08-08,1046,54.5,51.98,49.6,52.03
2024-08-09,1046,59.39,56.51,46.59,54.16
2024-08-10,1046,59.09,56.56,57.92,57.86
2024-08-11,1046,56.25,54.88,60.05,57.06
2024-08-12,1046,57.15,54.67,60.3,57.37
2024-08-13,1046,57.94,51.71,53.92,54.52
2024-08-14,1046,58.6,53.26,57.43,56.43
2024-08-15,1046,52.06,56.53,59.1,55.9
2024-08-16,1046,52.14,56.71,56.87,55.24
2024-08-17,1046,54.74,57.38,58.23,56.78
2024-08-18,1046,59.28,50.56,60.86,56.9
2024-08-19,1046,51.89,53.41,49.37,51.56
2024-08-20,1046,52.52,52.98,59.53,55.01
2024-08-21,1046,53.98,52.12,46.54,50.88
2024-08-22,1046,50.75,51.57,53.66,51.99
2024-08-23,1046,47.95,56.43,47.44,50.61
2024-08-24,1046,53.32,53.35,61.59,56.09
2024-08-25,1046,58.31,57.78,52.34,56.14
2024-08-26,1046,58.48,54.15,55.47,56.03
2024-08-27,1046,56.22,52.63,60.89,56.58
2024-08-28,1046,56.31,57.3,57.67,57.09
2024-08-29,1046,56.68,52.66,47.27,52.2
2024-08-30,1046,57.39,52.47,51.61,53.82
2024-08-31,1046,55.15,52.52,48.23,51.97
2024-09-01,1046,49.9,58.55,57.01,55.15
2024-09-02,1046,51.11,56.03,60.42,55.85
2024-09-03,1046,52.66,53.98,46.84,51.16
2024-09-04,1046,57.29,57.57,50.0,54.95
2024-09-05,1046,48.71,57.7,47.31,51.24
2024-09-06,1046,52.3,50.54,47.18,50.01
2024-09-07,1046,57.38,57.96,61.52,58.95
2024-09-08,1046,48.51,58.74,46.59,51.28
2024-09-09,1046,56.8,50.82,51.04,52.89
2024-09-10,1046,49.52,54.61,51.82,51.98
2024-09-11,1046,59.74,57.59,46.32,54.55
2024-09-12,1046,54.35,56.68,54.48,55.17
2024-09-13,1046,56.72,57.64,50.59,54.98
2024-09-14,1046,58.28,57.97,54.98,57.08
2024-09-15,1046,50.66,57.25,50.53,52.81
2024-09-16,1046,54.01,50.88,60.88,55.26
2024-09-17,1046,48.02,52.34,48.22,49.53
2024-09-18,1046,57.96,54.54,50.39,54.3
2024-09-19,1046,58.97,51.32,54.41,54.9
2024-09-20,1046,50.3,52.09,49.19,50.53
2024-09-21,1046,55.5,56.22,51.6,54.44
2024-09-22,1046,58.52,57.64,55.14,57.1
2024-09-23,1046,57.59,50.21,53.92,53.91
2024-09-24,1046,47.91,56.05,50.38,51.45
2024-09-25,1046,47.98,56.97,57.06,54.0
2024-09-26,1046,57.18,58.13,54.87,56.73
2024-09-27,1046,48.75,51.51,53.94,51.4
2024-09-28,1046,57.57,52.48,61.99,57.35
2024-09-29,1046,54.64,55.72,50.23,53.53
2024-09-30,1046,55.85,56.73,60.65,57.74
2024-10-01,1046,48.91,56.84,58.59,54.78
2024-10-02,1046,52.44,50.85,56.67,53.32
2024-10-03,1046,54.84,58.69,55.1,56.21
2024-10-04,1046,54.13,58.53,60.92,57.86
2024-10-05,1046,51.89,55.53,51.29,52.9
2024-10-06,1046,55.35,54.06,57.63,55.68
2024-10-07,1046,57.61,58.31,47.93,54.62
2024-10-08,1046,54.64,58.27,56.38,56.43
2024-10-09,1046,58.6,53.65,60.1,57.45
2024-10-10,1046,51.04,54.39,51.73,52.39
2024-10-11,1046,50.78,58.55,56.1,55.14
2024-10-12,1046,56.25,55.32,54.45,55.34
2024-10-13,1046,53.14,56.6,55.72,55.15
2024-10-14,1046,49.47,50.49,54.05,51.34
2024-10-15,1046,54.96,52.24,49.79,52.33
2024-10-16,1046,50.32,51.66,54.74,52.24
2024-10-17,1046,59.75,57.39,57.79,58.31
2024-10-18,1046,54.71,56.25,57.17,56.04
2024-10-19,1046,50.27,58.11,55.36,54.58
2024-10-20,1046,58.71,54.46,57.47,56.88
2024-10-21,1046,54.47,57.44,56.01,55.97
2024-10-22,1046,57.61,56.92,52.31,55.61
2024-10-23,1046,53.29,57.97,57.62,56.29
2024-10-24,1046,54.86,58.49,49.71,54.35
2024-10-25,1046,52.2,55.53,50.09,52.61
2024-10-26,1046,55.61,52.17,55.29,54.36
2024-10-27,1046,57.88,58.39,60.2,58.82
2024-10-28,1046,55.42,52.4,59.46,55.76
2024-10-29,1046,55.02,57.48,55.85,56.12
2024-10-30,1046,56.63,50.72,56.02,54.46
2024-10-31,1046,57.11,57.03,46.43,53.52
2024-11-01,1046,51.27,57.65,57.47,55.46
2024-11-02,1046,52.51,58.48,47.96,52.98
2024-11-03,1046,55.73,55.57,51.57,54.29
2024-11-04,1046,54.66,58.33,61.37,58.12
2024-11-05,1046,50.69,57.99,58.64,55.77
2024-11-06,1046,56.65,56.47,54.36,55.83
2024-11-07,1046,59.7,57.14,56.32,57.72
2024-11-08,1046,57.96,56.41,61.97,58.78
2024-11-09,1046,58.21,58.48,50.71,55.8
2024-11-10,1046,54.96,56.44,50.14,53.85
2024-11-11,1046,52.6,53.78,53.95,53.44
2024-11-12,1046,54.81,50.67,48.11,51.2
2024-11-13,1046,51.08,51.67,47.14,49.96
2024-11-14,1046,58.66,50.09,52.88,53.88
2024-11-15,1046,50.24,50.64,52.49,51.12
2024-11-16,1046,51.11,52.25,51.58,51.65
2024-11-17,1046,54.36,52.44,52.16,52.99
2024-11-18,1046,54.51,56.38,58.6,56.5
2024-11-19,1046,59.46,51.68,53.84,54.99
2024-11-20,1046,54.05,57.02,51.81,54.29
2024-11-21,1046,51.33,54.17,58.43,54.64
2024-11-22,1046,51.73,58.0,51.74,53.82
2024-11-23,1046,48.49,51.61,55.61,51.9
2024-11-24,1046,56.78,56.46,54.33,55.86
2024-11-25,1046,59.0,55.94,48.78,54.57
2024-11-26,1046,51.05,52.82,57.41,53.76
2024-11-27,1046,48.93,56.22,60.54,55.23
2024-11-28,1046,53.22,56.94,61.26,57.14
2024-11-29,1046,55.55,50.22,49.22,51.66
2024-11-30,1046,50.35,54.31,56.96,53.87
2024-12-01,1046,48.49,50.1,60.05,52.88
2024-12-02,1046,48.01,57.03,56.72,53.92
2024-12-03,1046,57.15,52.62,52.61,54.13
2024-12-04,1046,59.39,52.54,61.43,57.79
2024-12-05,1046,55.83,53.26,48.25,52.45
2024-12-06,1046,57.44,57.77,54.13,56.45
2024-12-07,1046,56.28,52.89,48.86,52.68
2024-12-08,1046,57.52,50.84,55.86,54.74
2024-12-09,1046,55.87,56.13,58.69,56.9
2024-12-10,1046,57.3,56.84,48.46,54.2
2024-12-11,1046,51.56,51.95,62.02,55.18
2024-12-12,1046,55.53,51.6,55.3,54.14
2024-12-13,1046,49.48,52.56,49.93,50.66
2024-12-14,1046,55.8,53.4,53.5,54.23
2024-12-15,1046,54.91,57.33,53.46,55.23
2024-12-16,1046,57.03,52.94,56.16,55.38
2024-12-17,1046,57.66,58.27,51.87,55.93
2024-12-18,1046,56.82,54.26,56.27,55.78
2024-12-19,1046,55.61,54.51,52.44,54.19
2024-12-20,1046,49.89,57.13,49.06,52.03
2024-12-21,1046,59.14,54.1,47.3,53.51
2024-12-22,1046,49.0,57.52,48.54,51.69
2024-12-23,1046,50.27,57.87,51.67,53.27
2024-12-24,1046,55.61,54.38,62.16,57.38
2024-12-25,1046,50.27,56.27,55.36,53.97
2024-12-26,1046,59.61,50.89,59.14,56.55
2024-12-27,1046,52.24,56.99,61.83,57.02
2024-12-28,1046,58.32,55.17,53.13,55.54
2024-12-29,1046,53.99,53.64,53.97,53.87
2024-12-30,1046,58.57,52.25,59.73,56.85
2024-01-01,1047,15.51,17.39,17.81,16.9
2024-01-02,1047,17.35,18.84,15.38,17.19
2024-01-03,1047,16.15,16.11,14.87,15.71
2024-01-04,1047,15.36,18.06,17.47,16.96
2024-01-05,1047,16.64,17.37,20.06,18.02
2024-01-06,1047,16.15,17.04,17.22,16.8
2024-01-07,1047,17.31,18.39,15.86,17.19
2024-01-08,1047,17.13,17.6,19.22,17.98
2024-01-09,1047,18.47,17.58,15.01,17.02
2024-01-10,1047,18.25,17.29,19.77,18.44
2024-01-11,1047,15.74,16.67,17.05,16.49
2024-01-12,1047,16.28,18.22,19.49,18.0
2024-01-13,1047,18.47,18.5,17.74,18.24
2024-01-14,1047,17.36,16.2,19.46,17.67
2024-01-15,1047,16.57,16.38,19.66,17.54
2024-01-16,1047,16.69,16.21,15.79,16.23
2024-01-17,1047,18.78,18.39,16.07,17.75
2024-01-18,1047,16.18,17.7,19.22,17.7
2024-01-19,1047,16.96,17.74,16.6,17.1
2024-01-20,1047,18.36,18.09,19.54,18.66
2024-01-21,1047,15.4,18.81,19.64,17.95
2024-01-22,1047,17.45,16.47,15.11,16.34
2024-01-23,1047,17.51,16.98,16.86,17.12
2024-01-24,1047,17.88,16.99,15.52,16.8
2024-01-25,1047,18.49,17.58,16.08,17.38
2024-01-26,1047,17.66,17.78,15.03,16.82
2024-01-27,1047,18.85,18.03,17.37,18.08
2024-01-28,1047,18.64,18.41,17.99,18.35
2024-01-29,1047,18.83,17.83,19.23,18.63
2024-01-30,1047,16.34,17.43,17.09,16.95
2024-01-31,1047,17.48,17.18,19.74,18.13
2024-02-01,1047,17.82,18.14,15.2,17.05
2024-02-02,1047,16.08,17.34,19.96,17.79
2024-02-03,1047,15.49,18.44,18.9,17.61
2024-02-04,1047,18.26,16.35,18.24,17.62
2024-02-05,1047,18.73,16.97,17.34,17.68
2024-02-06,1047,17.52,16.81,16.37,16.9
2024-02-07,1047,17.86,16.75,18.36,17.66
2024-02-08,1047,18.25,18.16,15.93,17.45
2024-02-09,1047,17.61,18.13,14.96,16.9
2024-02-10,1047,16.09,16.14,19.65,17.29
2024-02-11,1047,17.17,18.68,19.88,18.58
2024-02-12,1047,15.37,16.99,15.49,15.95
2024-02-13,1047,15.68,17.16,19.56,17.47
2024-02-14,1047,18.9,17.21,18.46,18.19
2024-02-15,1047,16.61,18.38,18.86,17.95
2024-02-16,1047,15.4,18.41,16.32,16.71
2024-02-17,1047,17.96,17.14,15.77,16.96
2024-02-18,1047,15.47,16.6,17.22,16.43
2024-02-19,1047,16.1,18.22,15.34,16.55
2024-02-20,1047,16.94,18.74,18.14,17.94
2024-02-21,1047,17.01,16.29,15.46,16.25
2024-02-22,1047,19.14,18.45,19.25,18.95
2024-02-23,1047,15.75,17.68,15.2,16.21
2024-02-24,1047,16.23,18.22,18.37,17.61
2024-02-25,1047,17.44,16.13,16.67,16.75
2024-02-26,1047,15.94,18.44,18.07,17.48
2024-02-27,1047,16.94,17.16,16.84,16.98
2024-02-28,1047,17.84,16.73,18.53,17.7
2024-02-29,1047,17.17,16.31,17.85,17.11
2024-03-01,1047,15.4,18.84,16.87,17.04
2024-03-02,1047,15.39,16.09,15.42,15.63
2024-03-03,1047,17.29,16.68,17.68,17.22
2024-03-04,1047,17.02,17.88,19.24,18.05
2024-03-05,1047,18.64,16.52,19.96,18.37
2024-03-06,1047,16.8,16.63,16.24,16.56
2024-03-07,1047,15.44,18.81,16.07,16.77
2024-03-08,1047,17.07,18.1,15.09,16.75
2024-03-09,1047,16.43,16.9,15.37,16.23
2024-03-10,1047,16.99,17.11,17.07,17.06
2024-03-11,1047,15.92,16.09,18.82,16.94
2024-03-12,1047,16.54,17.12,15.22,16.29
2024-03-13,1047,18.55,16.95,15.3,16.93
2024-03-14,1047,18.87,18.73,19.4,19.0
2024-03-15,1047,18.4,17.3,16.39,17.36
2024-03-16,1047,18.79,17.78,18.08,18.22
2024-03-17,1047,18.85,16.51,19.99,18.45
2024-03-18,1047,17.31,16.79,16.05,16.72
2024-03-19,1047,19.16,17.79,19.85,18.93
2024-03-20,1047,17.62,18.83,17.53,17.99
2024-03-21,1047,16.6,16.3,18.59,17.16
2024-03-22,1047,17.78,16.2,18.49,17.49
2024-03-23,1047,18.81,18.37,17.62,18.27
2024-03-24,1047,16.93,17.93,17.66,17.51
2024-03-25,1047,15.42,17.21,19.7,17.44
2024-03-26,1047,17.63,17.98,16.16,17.26
2024-03-27,1047,15.6,18.47,17.22,17.1
2024-03-28,1047,16.93,16.74,18.21,17.29
2024-03-29,1047,17.0,17.86,18.54,17.8
2024-03-30,1047,16.82,17.83,18.06,17.57
2024-03-31,1047,17.63,17.1,16.82,17.18
2024-04-01,1047,18.16,17.25,15.46,16.96
2024-04-02,1047,18.43,16.94,19.59,18.32
2024-04-03,1047,17.42,18.84,15.89,17.38
2024-04-04,1047,16.27,17.02,18.23,17.17
2024-04-05,1047,15.92,17.9,15.43,16.42
2024-04-06,1047,16.82,18.05,16.29,17.05
2024-04-07,1047,18.19,18.22,16.46,17.62
2024-04-08,1047,17.24,17.12,16.64,17.0
2024-04-09,1047,17.11,16.62,19.97,17.9
2024-04-10,1047,17.52,16.23,19.08,17.61
2024-04-11,1047,18.57,18.12,15.54,17.41
2024-04-12,1047,16.59,18.22,19.53,18.11
2024-04-13,1047,15.72,18.8,17.67,17.4
2024-04-14,1047,15.38,17.25,17.8,16.81
2024-04-15,1047,18.62,16.21,19.04,17.96
2024-04-16,1047,17.42,18.46,18.87,18.25
2024-04-17,1047,17.18,16.72,15.1,16.33
2024-04-18,1047,17.29,18.74,15.16,17.06
2024-04-19,1047,17.87,17.01,15.36,16.75
2024-04-20,1047,17.81,18.75,14.96,17.17
2024-04-21,1047,16.73,17.92,19.54,18.06
2024-04-22,1047,18.19,16.36,18.13,17.56
2024-04-23,1047,17.3,18.3,16.99,17.53
2024-04-24,1047,18.87,17.3,19.12,18.43
2024-04-25,1047,17.23,16.98,17.43,17.21
2024-04-26,1047,16.32,16.77,19.52,17.54
2024-04-27,1047,16.68,18.02,16.96,17.22
2024-04-28,1047,16.21,17.24,15.96,16.47
2024-04-29,1047,18.02,17.82,17.85,17.9
2024-04-30,1047,17.72,17.1,19.54,18.12
2024-05-01,1047,16.91,17.16,19.88,17.98
2024-05-02,1047,18.11,17.16,18.8,18.02
2024-05-03,1047,17.13,16.31,19.26,17.57
2024-05-04,1047,17.77,18.65,18.09,18.17
2024-05-05,1047,18.15,18.84,16.83,17.94
2024-05-06,1047,17.79,16.96,19.37,18.04
2024-05-07,1047,19.12,16.66,17.79,17.86
2024-05-08,1047,15.41,18.56,18.08,17.35
2024-05-09,1047,18.43,17.85,18.67,18.32
2024-05-10,1047,18.51,17.13,19.55,18.4
2024-05-11,1047,16.19,18.1,16.81,17.03
2024-05-12,1047,18.36,16.36,17.18,17.3
2024-05-13,1047,15.41,17.89,17.96,17.09
2024-05-14,1047,18.2,17.15,16.06,17.14
2024-05-15,1047,16.12,16.93,15.78,16.28
2024-05-16,1047,18.11,16.51,16.02,16.88
2024-05-17,1047,18.86,16.29,16.59,17.25
2024-05-18,1047,17.03,18.14,15.35,16.84
2024-05-19,1047,17.82,17.96,18.64,18.14
2024-05-20,1047,18.27,17.4,15.06,16.91
2024-05-21,1047,17.41,16.72,18.41,17.51
2024-05-22,1047,18.43,16.87,17.39,17.56
2024-05-23,1047,17.12,16.16,16.83,16.7
2024-05-24,1047,19.12,16.87,17.53,17.84
2024-05-25,1047,16.72,17.42,18.5,17.55
2024-05-26,1047,16.4,16.12,19.64,17.39
2024-05-27,1047,16.5,17.82,16.71,17.01
2024-05-28,1047,18.04,17.16,18.38,17.86
2024-05-29,1047,18.74,16.35,19.27,18.12
2024-05-30,1047,17.33,16.82,16.68,16.94
2024-05-31,1047,16.71,18.08,17.84,17.54
2024-06-01,1047,17.37,18.01,14.89,16.76
2024-06-02,1047,15.45,17.93,16.0,16.46
2024-06-03,1047,16.75,17.58,15.3,16.54
2024-06-04,1047,17.51,17.34,16.22,17.02
2024-06-05,1047,18.53,16.15,19.27,17.98
2024-06-06,1047,18.22,17.65,16.78,17.55
2024-06-07,1047,17.29,17.21,15.58,16.69
2024-06-08,1047,15.83,16.24,18.76,16.94
2024-06-09,1047,17.39,16.48,16.84,16.9
2024-06-10,1047,15.46,16.59,16.93,16.33
2024-06-11,1047,18.39,16.73,16.24,17.12
2024-06-12,1047,19.04,16.89,19.6,18.51
2024-06-13,1047,18.4,17.39,15.23,17.01
2024-06-14,1047,16.53,18.11,18.32,17.65
2024-06-15,1047,15.78,18.79,18.46,17.68
2024-06-16,1047,16.21,18.72,17.03,17.32
2024-06-17,1047,19.06,16.07,20.02,18.38
2024-06-18,1047,19.0,17.62,17.72,18.11
2024-06-19,1047,15.99,16.24,19.45,17.23
2024-06-20,1047,16.63,18.31,16.66,17.2
2024-06-21,1047,18.62,18.5,19.73,18.95
2024-06-22,1047,17.27,16.48,17.46,17.07
2024-06-23,1047,17.02,16.65,17.87,17.18
2024-06-24,1047,18.53,16.47,19.65,18.22
2024-06-25,1047,16.13,18.64,17.49,17.42
2024-06-26,1047,15.68,17.99,18.9,17.52
2024-06-27,1047,16.62,17.8,18.07,17.5
2024-06-28,1047,17.82,16.07,19.86,17.92
2024-06-29,1047,18.77,16.57,19.95,18.43
2024-06-30,1047,18.97,17.12,19.71,18.6
2024-07-01,1047,17.84,18.16,17.16,17.72
2024-07-02,1047,18.86,17.89,19.6,18.78
2024-07-03,1047,17.72,18.37,16.53,17.54
2024-07-04,1047,17.18,17.17,17.84,17.4
2024-07-05,1047,18.8,17.07,18.69,18.19
2024-07-06,1047,17.4,18.43,17.74,17.86
2024-07-07,1047,15.55,16.2,15.43,15.73
2024-07-08,1047,17.03,16.57,17.62,17.07
2024-07-09,1047,16.68,16.6,18.22,17.17
2024-07-10,1047,16.15,16.22,19.6,17.32
2024-07-11,1047,15.74,17.39,16.0,16.38
2024-07-12,1047,17.9,18.24,16.37,17.5
2024-07-13,1047,15.62,16.97,19.14,17.24
2024-07-14,1047,19.07,17.29,17.29,17.88
2024-07-15,1047,16.34,17.32,17.82,17.16
2024-07-16,1047,16.2,18.43,19.2,17.94
2024-07-17,1047,17.86,16.19,19.46,17.84
2024-07-18,1047,16.88,18.57,14.96,16.8
2024-07-19,1047,15.59,16.68,19.11,17.13
2024-07-20,1047,15.95,16.83,19.64,17.47
2024-07-21,1047,17.9,17.46,15.74,17.03
2024-07-22,1047,15.97,16.07,18.71,16.92
2024-07-23,1047,17.11,17.44,16.79,17.11
2024-07-24,1047,17.15,18.36,19.97,18.49
2024-07-25,1047,19.11,18.08,16.12,17.77
2024-07-26,1047,17.08,17.65,18.61,17.78
2024-07-27,1047,19.15,16.98,18.58,18.24
2024-07-28,1047,19.04,16.45,15.22,16.9
2024-07-29,1047,18.0,18.65,16.96,17.87
2024-07-30,1047,19.0,17.35,17.67,18.01
2024-07-31,1047,17.34,17.53,17.85,17.57
2024-08-01,1047,18.97,16.54,15.87,17.13
2024-08-02,1047,17.0,16.56,15.94,16.5
2024-08-03,1047,16.59,17.01,16.36,16.65
2024-08-04,1047,17.6,16.57,18.8,17.66
2024-08-05,1047,15.73,18.2,15.24,16.39
2024-08-06,1047,17.58,17.49,16.3,17.12
2024-08-07,1047,17.56,18.56,15.58,17.23
2024-08-08,1047,18.04,17.84,18.47,18.12
2024-08-09,1047,17.08,16.12,16.83,16.68
2024-08-10,1047,17.63,16.78,15.54,16.65
2024-08-11,1047,18.83,18.22,20.06,19.04
2024-08-12,1047,18.34,17.53,15.98,17.28
2024-08-13,1047,17.85,18.09,17.79,17.91
2024-08-14,1047,18.28,18.69,17.37,18.11
2024-08-15,1047,16.67,17.22,15.63,16.51
2024-08-16,1047,18.3,18.83,15.94,17.69
2024-08-17,1047,18.07,17.96,17.65,17.89
2024-08-18,1047,15.94,16.55,14.92,15.8
2024-08-19,1047,16.07,16.15,16.11,16.11
2024-08-20,1047,15.74,16.12,19.77,17.21
2024-08-21,1047,17.17,17.16,17.07,17.13
2024-08-22,1047,18.47,17.47,20.02,18.65
2024-08-23,1047,18.22,17.17,18.96,18.12
2024-08-24,1047,17.73,18.04,18.2,17.99
2024-08-25,1047,16.79,17.74,16.02,16.85
2024-08-26,1047,15.73,16.96,16.26,16.32
2024-08-27,1047,15.6,18.33,16.24,16.72
2024-08-28,1047,19.09,16.77,15.59,17.15
2024-08-29,1047,16.19,17.0,18.28,17.16
2024-08-30,1047,17.4,17.4,16.73,17.18
2024-08-31,1047,17.22,16.21,19.27,17.57
2024-09-01,1047,16.65,17.45,15.99,16.7
2024-09-02,1047,15.43,16.17,14.99,15.53
2024-09-03,1047,16.33,17.42,17.6,17.12
2024-09-04,1047,16.24,18.69,16.18,17.04
2024-09-05,1047,17.21,18.51,18.68,18.13
2024-09-06,1047,15.55,17.47,16.16,16.39
2024-09-07,1047,17.98,17.28,15.07,16.78
2024-09-08,1047,19.0,18.42,15.47,17.63
2024-09-09,1047,17.88,17.78,19.47,18.38
2024-09-10,1047,18.87,18.07,18.56,18.5
2024-09-11,1047,18.15,17.73,18.69,18.19
2024-09-12,1047,17.24,16.09,15.69,16.34
2024-09-13,1047,15.82,16.49,14.98,15.76
2024-09-14,1047,16.62,16.75,18.33,17.23
2024-09-15,1047,18.16,16.36,19.99,18.17
2024-09-16,1047,16.36,18.73,15.84,16.98
2024-09-17,1047,17.96,17.25,16.46,17.22
2024-09-18,1047,17.45,16.82,16.57,16.95
2024-09-19,1047,18.03,18.64,15.86,17.51
2024-09-20,1047,18.44,18.56,19.87,18.96
2024-09-21,1047,17.04,17.6,18.45,17.7
2024-09-22,1047,17.7,16.52,18.56,17.59
2024-09-23,1047,18.02,16.27,15.8,16.7
2024-09-24,1047,16.63,18.33,15.38,16.78
2024-09-25,1047,17.44,18.2,18.62,18.09
2024-09-26,1047,16.67,17.24,17.66,17.19
2024-09-27,1047,16.6,16.77,17.85,17.07
2024-09-28,1047,16.93,17.21,19.97,18.04
2024-09-29,1047,18.72,18.61,16.02,17.78
2024-09-30,1047,15.52,17.59,19.28,17.46
2024-10-01,1047,15.9,18.41,15.39,16.57
2024-10-02,1047,18.71,17.66,15.39,17.25
2024-10-03,1047,17.71,16.61,19.57,17.96
2024-10-04,1047,18.63,16.21,17.25,17.36
2024-10-05,1047,19.08,18.65,17.47,18.4
2024-10-06,1047,18.13,16.26,15.5,16.63
2024-10-07,1047,16.08,18.11,19.44,17.88
2024-10-08,1047,18.81,16.09,19.59,18.16
2024-10-09,1047,18.67,16.75,16.01,17.14
2024-10-10,1047,16.7,18.05,19.07,17.94
2024-10-11,1047,17.59,17.95,15.44,16.99
2024-10-12,1047,16.67,16.53,17.77,16.99
2024-10-13,1047,15.82,18.17,15.35,16.45
2024-10-14,1047,15.98,18.15,19.82,17.98
2024-10-15,1047,17.19,18.57,18.31,18.02
2024-10-16,1047,18.84,16.4,17.92,17.72
2024-10-17,1047,16.31,18.5,16.37,17.06
2024-10-18,1047,18.75,16.31,20.04,18.37
2024-10-19,1047,15.85,17.42,15.04,16.1
2024-10-20,1047,18.21,18.55,15.19,17.32
2024-10-21,1047,15.62,17.79,15.43,16.28
2024-10-22,1047,16.12,17.51,17.74,17.12
2024-10-23,1047,17.93,17.95,19.28,18.39
2024-10-24,1047,17.21,16.62,15.5,16.44
2024-10-25,1047,16.42,16.33,17.05,16.6
2024-10-26,1047,15.55,18.65,19.39,17.86
2024-10-27,1047,19.02,18.33,19.76,19.04
2024-10-28,1047,17.72,18.75,15.51,17.33
2024-10-29,1047,15.8,17.34,17.39,16.84
2024-10-30,1047,17.84,18.19,15.35,17.13
2024-10-31,1047,17.88,17.6,19.44,18.31
2024-11-01,1047,15.82,16.97,16.61,16.47
2024-11-02,1047,15.8,16.26,15.01,15.69
2024-11-03,1047,16.45,17.4,15.66,16.5
2024-11-04,1047,16.52,18.63,15.61,16.92
2024-11-05,1047,18.88,18.63,16.13,17.88
2024-11-06,1047,18.79,16.31,15.87,16.99
2024-11-07,1047,18.71,16.5,16.01,17.07
2024-11-08,1047,15.43,17.24,19.94,17.54
2024-11-09,1047,17.55,16.1,17.9,17.18
2024-11-10,1047,17.38,17.93,19.39,18.23
2024-11-11,1047,15.5,16.36,18.23,16.7
2024-11-12,1047,18.12,16.83,16.43,17.13
2024-11-13,1047,16.46,18.34,19.03,17.94
2024-11-14,1047,16.59,17.68,16.63,16.97
2024-11-15,1047,16.64,17.37,19.99,18.0
2024-11-16,1047,17.51,17.06,19.32,17.96
2024-11-17,1047,16.34,18.22,17.53,17.36
2024-11-18,1047,15.99,18.83,17.46,17.43
2024-11-19,1047,15.82,16.26,17.19,16.42
2024-11-20,1047,18.82,18.28,19.05,18.72
2024-11-21,1047,15.82,17.66,16.68,16.72
2024-11-22,1047,17.45,18.13,17.34,17.64
2024-11-23,1047,16.3,18.42,17.04,17.25
2024-11-24,1047,18.05,16.18,19.7,17.98
2024-11-25,1047,16.6,18.41,18.85,17.95
2024-11-26,1047,16.03,17.42,18.93,17.46
2024-11-27,1047,16.14,16.72,15.13,16.0
2024-11-28,1047,17.95,17.7,20.0,18.55
2024-11-29,1047,18.07,16.09,20.0,18.05
2024-11-30,1047,17.27,18.68,19.28,18.41
2024-12-01,1047,18.63,18.57,19.62,18.94
2024-12-02,1047,18.66,17.02,19.22,18.3
2024-12-03,1047,17.15,18.55,15.18,16.96
2024-12-04,1047,17.2,18.37,18.32,17.96
2024-12-05,1047,17.5,18.77,19.68,18.65
2024-12-06,1047,17.76,18.68,17.78,18.07
2024-12-07,1047,17.36,16.47,16.2,16.68
2024-12-08,1047,19.16,16.89,17.79,17.95
2024-12-09,1047,17.97,16.69,15.02,16.56
2024-12-10,1047,15.41,16.26,16.98,16.22
2024-12-11,1047,16.03,18.83,17.11,17.32
2024-12-12,1047,16.97,18.31,17.13,17.47
2024-12-13,1047,16.65,17.46,16.88,17.0
2024-12-14,1047,18.76,18.12,16.69,17.86
2024-12-15,1047,16.2,18.01,18.23,17.48
2024-12-16,1047,17.67,16.61,15.83,16.7
2024-12-17,1047,17.45,16.87,16.07,16.8
2024-12-18,1047,18.57,18.44,16.99,18.0
2024-12-19,1047,15.56,17.98,15.87,16.47
2024-12-20,1047,16.86,18.52,18.04,17.81
2024-12-21,1047,18.61,16.52,18.73,17.95
2024-12-22,1047,18.96,16.16,18.18,17.77
2024-12-23,1047,18.8,16.3,14.97,16.69
2024-12-24,1047,18.9,18.68,17.45,18.34
2024-12-25,1047,15.73,18.32,18.56,17.54
2024-12-26,1047,17.22,18.44,19.12,18.26
2024-12-27,1047,18.08,17.11,18.89,18.03
2024-12-28,1047,15.37,17.75,17.03,16.72
2024-12-29,1047,18.04,17.56,19.38,18.33
2024-12-30,1047,18.66,16.4,16.07,17.04
2024-01-01,1048,38.24,37.88,36.1,37.41
2024-01-02,1048,41.04,35.54,35.66,37.41
2024-01-03,1048,37.82,39.28,42.22,39.77
2024-01-04,1048,38.19,40.3,39.63,39.37
2024-01-05,1048,41.1,39.86,36.13,39.03
2024-01-06,1048,40.46,40.4,40.05,40.3
2024-01-07,1048,36.09,38.29,32.29,35.56
2024-01-08,1048,39.43,39.57,38.49,39.16
2024-01-09,1048,36.39,39.86,39.49,38.58
2024-01-10,1048,39.03,36.63,41.83,39.16
2024-01-11,1048,36.25,39.3,38.86,38.14
2024-01-12,1048,38.46,38.68,34.31,37.15
2024-01-13,1048,37.97,37.55,42.9,39.47
2024-01-14,1048,40.56,35.81,34.24,36.87
2024-01-15,1048,38.77,39.48,32.55,36.93
2024-01-16,1048,37.77,35.22,42.9,38.63
2024-01-17,1048,37.86,37.18,37.43,37.49
2024-01-18,1048,38.57,37.73,39.73,38.68
2024-01-19,1048,33.5,38.56,43.41,38.49
2024-01-20,1048,33.5,38.02,43.55,38.36
2024-01-21,1048,40.2,35.96,41.46,39.21
2024-01-22,1048,35.37,35.25,37.93,36.18
2024-01-23,1048,38.05,37.21,37.51,37.59
2024-01-24,1048,39.49,38.82,39.8,39.37
2024-01-25,1048,38.82,40.45,43.36,40.88
2024-01-26,1048,36.3,39.82,35.16,37.09
2024-01-27,1048,40.7,36.62,40.06,39.13
2024-01-28,1048,35.51,39.78,38.06,37.78
2024-01-29,1048,36.71,39.85,39.52,38.69
2024-01-30,1048,41.0,36.29,37.63,38.31
2024-01-31,1048,33.42,40.67,32.48,35.52
2024-02-01,1048,38.39,40.8,42.75,40.65
2024-02-02,1048,39.33,39.07,41.5,39.97
2024-02-03,1048,36.29,35.2,43.26,38.25
2024-02-04,1048,35.52,40.93,40.99,39.15
2024-02-05,1048,33.72,38.97,41.13,37.94
2024-02-06,1048,36.37,38.96,42.76,39.36
2024-02-07,1048,40.18,37.07,35.04,37.43
2024-02-08,1048,41.42,40.55,32.78,38.25
2024-02-09,1048,38.83,36.9,35.44,37.06
2024-02-10,1048,35.08,36.33,37.02,36.14
2024-02-11,1048,37.29,40.01,34.91,37.4
2024-02-12,1048,39.96,39.15,33.24,37.45
2024-02-13,1048,35.15,37.86,42.75,38.59
2024-02-14,1048,41.36,37.66,32.59,37.2
2024-02-15,1048,39.92,35.66,34.24,36.61
2024-02-16,1048,37.52,35.12,39.86,37.5
2024-02-17,1048,34.0,38.49,33.43,35.31
2024-02-18,1048,38.17,35.47,36.34,36.66
2024-02-19,1048,36.17,39.91,36.27,37.45
2024-02-20,1048,39.98,38.91,36.14,38.34
2024-02-21,1048,36.26,37.78,32.47,35.5
2024-02-22,1048,35.86,38.6,38.24,37.57
2024-02-23,1048,36.42,40.97,41.23,39.54
2024-02-24,1048,33.97,37.45,35.82,35.75
2024-02-25,1048,34.84,37.2,42.89,38.31
2024-02-26,1048,40.06,38.36,37.0,38.47
2024-02-27,1048,38.59,37.57,37.24,37.8
2024-02-28,1048,36.87,35.29,33.16,35.11
2024-02-29,1048,39.39,40.89,42.03,40.77
2024-03-01,1048,38.27,35.46,43.49,39.07
2024-03-02,1048,38.91,37.96,40.29,39.05
2024-03-03,1048,34.51,39.78,42.12,38.8
2024-03-04,1048,40.83,40.73,41.48,41.01
2024-03-05,1048,41.56,37.41,35.51,38.16
2024-03-06,1048,38.04,38.42,41.43,39.3
2024-03-07,1048,40.93,37.46,38.76,39.05
2024-03-08,1048,34.25,39.04,36.47,36.59
2024-03-09,1048,36.79,40.69,33.46,36.98
2024-03-10,1048,34.44,37.25,41.94,37.88
2024-03-11,1048,36.36,37.97,40.57,38.3
2024-03-12,1048,34.0,37.32,34.42,35.25
2024-03-13,1048,39.82,36.51,39.8,38.71
2024-03-14,1048,36.07,40.94,35.62,37.54
2024-03-15,1048,37.88,40.12,33.53,37.18
2024-03-16,1048,36.87,37.01,33.99,35.96
2024-03-17,1048,40.31,37.62,39.14,39.02
2024-03-18,1048,35.36,39.64,37.78,37.59
2024-03-19,1048,34.99,36.48,41.09,37.52
2024-03-20,1048,37.74,40.46,35.28,37.83
2024-03-21,1048,37.77,35.28,35.4,36.15
2024-03-22,1048,39.17,38.08,40.33,39.19
2024-03-23,1048,41.13,36.18,32.7,36.67
2024-03-24,1048,40.8,39.92,37.8,39.51
2024-03-25,1048,39.76,39.66,32.83,37.42
2024-03-26,1048,41.33,40.88,39.72,40.64
2024-03-27,1048,39.45,36.63,41.47,39.18
2024-03-28,1048,36.24,39.41,33.07,36.24
2024-03-29,1048,40.02,36.84,43.18,40.01
2024-03-30,1048,40.72,38.25,36.94,38.64
2024-03-31,1048,34.71,37.59,38.49,36.93
2024-04-01,1048,39.69,39.12,39.47,39.43
2024-04-02,1048,39.72,36.57,36.0,37.43
2024-04-03,1048,33.4,39.07,38.34,36.94
2024-04-04,1048,37.62,37.68,36.82,37.37
2024-04-05,1048,38.37,40.15,43.39,40.64
2024-04-06,1048,40.4,36.05,39.42,38.62
2024-04-07,1048,40.03,35.29,41.91,39.08
2024-04-08,1048,40.37,35.66,39.92,38.65
2024-04-09,1048,38.81,35.55,38.79,37.72
2024-04-10,1048,40.49,36.74,40.23,39.15
2024-04-11,1048,35.59,39.52,34.89,36.67
2024-04-12,1048,39.78,36.21,32.8,36.26
2024-04-13,1048,36.58,40.49,40.72,39.26
2024-04-14,1048,41.08,40.3,39.12,40.17
2024-04-15,1048,38.93,38.33,40.66,39.31
2024-04-16,1048,41.51,37.06,43.03,40.53
2024-04-17,1048,41.05,36.12,35.21,37.46
2024-04-18,1048,36.71,37.11,36.16,36.66
2024-04-19,1048,34.94,36.7,42.37,38.0
2024-04-20,1048,39.18,40.07,38.01,39.09
2024-04-21,1048,34.74,35.33,39.53,36.53
2024-04-22,1048,41.04,40.04,35.26,38.78
2024-04-23,1048,36.1,35.51,41.93,37.85
2024-04-24,1048,35.01,40.53,33.47,36.34
2024-04-25,1048,35.1,35.71,34.16,34.99
2024-04-26,1048,36.54,40.06,34.25,36.95
2024-04-27,1048,40.32,37.01,37.63,38.32
2024-04-28,1048,38.93,35.63,35.53,36.7
2024-04-29,1048,38.58,36.28,39.85,38.24
2024-04-30,1048,35.5,39.92,42.72,39.38
2024-05-01,1048,40.68,39.54,34.0,38.07
2024-05-02,1048,37.24,40.65,38.87,38.92
2024-05-03,1048,41.34,35.68,35.62,37.55
2024-05-04,1048,37.92,35.87,32.51,35.43
2024-05-05,1048,39.52,38.66,37.28,38.49
2024-05-06,1048,34.09,40.13,40.12,38.11
2024-05-07,1048,40.59,40.73,41.25,40.86
2024-05-08,1048,38.62,39.15,41.66,39.81
2024-05-09,1048,35.11,36.08,41.48,37.56
2024-05-10,1048,37.76,40.84,42.43,40.34
2024-05-11,1048,38.51,39.71,42.19,40.14
2024-05-12,1048,35.28,38.68,34.2,36.05
2024-05-13,1048,40.62,40.64,42.88,41.38
2024-05-14,1048,37.42,39.69,32.42,36.51
2024-05-15,1048,38.65,40.86,42.3,40.6
2024-05-16,1048,39.81,39.42,40.27,39.83
2024-05-17,1048,35.24,36.43,33.34,35.0
2024-05-18,1048,39.86,40.56,35.81,38.74
2024-05-19,1048,35.85,38.22,34.3,36.12
2024-05-20,1048,41.65,37.19,32.69,37.18
2024-05-21,1048,36.48,37.15,42.28,38.64
2024-05-22,1048,40.0,37.6,33.9,37.17
2024-05-23,1048,39.31,40.05,36.28,38.55
2024-05-24,1048,37.41,40.97,32.47,36.95
2024-05-25,1048,38.54,38.73,42.21,39.83
2024-05-26,1048,35.14,38.04,32.63,35.27
2024-05-27,1048,37.89,37.31,36.46,37.22
2024-05-28,1048,35.92,38.41,41.2,38.51
2024-05-29,1048,41.31,36.1,39.53,38.98
2024-05-30,1048,39.44,39.66,39.8,39.63
2024-05-31,1048,39.35,39.75,32.62,37.24
2024-06-01,1048,41.47,38.06,33.99,37.84
2024-06-02,1048,37.92,35.26,35.76,36.31
2024-06-03,1048,37.0,40.4,43.46,40.29
2024-06-04,1048,35.42,36.75,34.08,35.42
2024-06-05,1048,38.9,38.62,36.13,37.88
2024-06-06,1048,34.48,35.79,36.61,35.63
2024-06-07,1048,39.12,37.2,39.7,38.67
2024-06-08,1048,38.52,39.42,33.15,37.03
2024-06-09,1048,37.95,38.37,32.37,36.23
2024-06-10,1048,34.36,36.95,41.92,37.74
2024-06-11,1048,39.58,40.29,35.77,38.55
2024-06-12,1048,33.88,38.46,37.85,36.73
2024-06-13,1048,35.78,38.01,40.85,38.21
2024-06-14,1048,33.89,35.7,39.19,36.26
2024-06-15,1048,33.45,35.93,40.78,36.72
2024-06-16,1048,35.38,38.24,38.07,37.23
2024-06-17,1048,41.22,38.41,40.65,40.09
2024-06-18,1048,41.03,36.19,40.27,39.16
2024-06-19,1048,41.34,40.53,39.7,40.52
2024-06-20,1048,36.26,40.55,36.88,37.9
2024-06-21,1048,35.65,38.16,36.92,36.91
2024-06-22,1048,34.55,37.4,32.33,34.76
2024-06-23,1048,34.12,36.55,42.27,37.65
2024-06-24,1048,41.67,40.64,33.86,38.72
2024-06-25,1048,41.14,40.78,40.14,40.69
2024-06-26,1048,38.17,36.98,37.49,37.55
2024-06-27,1048,40.23,35.1,32.36,35.9
2024-06-28,1048,40.19,38.03,38.34,38.85
2024-06-29,1048,35.53,36.57,36.7,36.27
2024-06-30,1048,41.02,39.74,38.72,39.83
2024-07-01,1048,35.75,37.12,40.55,37.81
2024-07-02,1048,36.28,36.79,38.91,37.33
2024-07-03,1048,35.42,35.87,32.32,34.54
2024-07-04,1048,38.97,35.89,35.17,36.68
2024-07-05,1048,34.25,35.45,39.24,36.31
2024-07-06,1048,40.33,40.17,40.62,40.37
2024-07-07,1048,33.93,39.77,39.73,37.81
2024-07-08,1048,35.47,35.45,36.41,35.78
2024-07-09,1048,34.19,39.59,40.18,37.99
2024-07-10,1048,38.82,39.69,33.22,37.24
2024-07-11,1048,37.5,40.71,34.29,37.5
2024-07-12,1048,34.69,38.96,35.42,36.36
2024-07-13,1048,33.8,36.55,34.98,35.11
2024-07-14,1048,40.19,35.13,32.51,35.94
2024-07-15,1048,36.49,34.92,36.37,35.93
2024-07-16,1048,37.55,39.02,42.9,39.82
2024-07-17,1048,33.84,40.92,35.91,36.89
2024-07-18,1048,39.93,40.7,38.56,39.73
2024-07-19,1048,36.77,37.13,34.96,36.29
2024-07-20,1048,38.33,37.81,42.76,39.63
2024-07-21,1048,38.72,36.84,33.28,36.28
2024-07-22,1048,40.98,38.21,40.21,39.8
2024-07-23,1048,34.25,37.34,35.13,35.57
2024-07-24,1048,34.51,36.87,42.12,37.83
2024-07-25,1048,35.98,38.03,32.89,35.63
2024-07-26,1048,37.39,35.48,40.34,37.74
2024-07-27,1048,34.08,40.64,37.34,37.35
2024-07-28,1048,34.39,36.1,34.02,34.84
2024-07-29,1048,37.08,39.34,39.95,38.79
2024-07-30,1048,38.15,39.47,36.64,38.09
2024-07-31,1048,39.01,36.55,33.16,36.24
2024-08-01,1048,35.3,39.58,42.56,39.15
2024-08-02,1048,36.97,39.59,35.74,37.43
2024-08-03,1048,36.61,36.11,40.05,37.59
2024-08-04,1048,40.16,39.97,40.52,40.22
2024-08-05,1048,37.27,37.33,34.46,36.35
2024-08-06,1048,38.9,38.58,36.84,38.11
2024-08-07,1048,35.41,37.2,38.12,36.91
2024-08-08,1048,35.47,36.72,43.21,38.47
2024-08-09,1048,39.4,35.89,39.57,38.29
2024-08-10,1048,34.97,37.74,41.76,38.16
2024-08-11,1048,40.49,38.01,39.33,39.28
2024-08-12,1048,36.37,37.03,36.42,36.61
2024-08-13,1048,34.95,38.52,42.14,38.54
2024-08-14,1048,40.17,39.49,40.22,39.96
2024-08-15,1048,40.32,40.36,39.19,39.96
2024-08-16,1048,39.42,35.76,42.13,39.1
2024-08-17,1048,37.71,37.66,36.39,37.25
2024-08-18,1048,37.63,40.37,38.92,38.97
2024-08-19,1048,34.88,38.91,36.99,36.93
2024-08-20,1048,35.43,39.33,36.29,37.02
2024-08-21,1048,33.67,39.37,43.18,38.74
2024-08-22,1048,33.9,37.96,36.36,36.07
2024-08-23,1048,34.79,38.08,42.04,38.3
2024-08-24,1048,40.88,40.77,34.93,38.86
2024-08-25,1048,35.42,40.05,35.68,37.05
2024-08-26,1048,33.72,36.17,37.71,35.87
2024-08-27,1048,34.68,37.71,43.34,38.58
2024-08-28,1048,37.54,35.27,32.64,35.15
2024-08-29,1048,41.42,38.28,32.77,37.49
2024-08-30,1048,33.49,38.56,34.29,35.45
2024-08-31,1048,41.21,39.53,34.2,38.31
2024-09-01,1048,33.83,37.36,41.36,37.52
2024-09-02,1048,39.99,38.28,41.25,39.84
2024-09-03,1048,39.23,34.94,32.3,35.49
2024-09-04,1048,41.57,38.85,43.07,41.16
2024-09-05,1048,36.76,38.69,33.97,36.47
2024-09-06,1048,36.26,40.53,36.88,37.89
2024-09-07,1048,39.12,37.14,34.95,37.07
2024-09-08,1048,40.45,38.24,43.31,40.67
2024-09-09,1048,38.77,39.2,32.44,36.8
2024-09-10,1048,41.39,38.4,33.69,37.83
2024-09-11,1048,40.49,37.54,33.24,37.09
2024-09-12,1048,38.91,40.16,40.8,39.96
2024-09-13,1048,38.79,36.79,42.12,39.23
2024-09-14,1048,33.75,35.62,33.75,34.37
2024-09-15,1048,37.2,36.54,35.35,36.36
2024-09-16,1048,39.75,40.27,43.52,41.18
2024-09-17,1048,34.39,40.59,34.83,36.6
2024-09-18,1048,40.63,35.19,32.78,36.2
2024-09-19,1048,40.5,40.52,32.52,37.85
2024-09-20,1048,34.0,38.15,40.56,37.57
2024-09-21,1048,35.11,36.34,38.88,36.78
2024-09-22,1048,41.23,35.22,41.69,39.38
2024-09-23,1048,41.06,39.16,36.29,38.84
2024-09-24,1048,37.24,39.71,41.03,39.33
2024-09-25,1048,36.42,38.99,34.86,36.76
2024-09-26,1048,38.31,40.38,41.41,40.03
2024-09-27,1048,40.34,38.08,35.62,38.01
2024-09-28,1048,35.26,39.67,32.72,35.88
2024-09-29,1048,37.25,38.22,36.55,37.34
2024-09-30,1048,40.25,36.94,38.99,38.73
2024-10-01,1048,37.46,35.67,42.5,38.54
2024-10-02,1048,39.85,39.54,42.45,40.61
2024-10-03,1048,40.0,38.09,34.06,37.38
2024-10-04,1048,41.44,39.21,39.04,39.9
2024-10-05,1048,33.89,36.48,43.42,37.93
2024-10-06,1048,34.2,36.41,32.97,34.53
2024-10-07,1048,36.81,36.54,42.84,38.73
2024-10-08,1048,38.41,38.62,36.61,37.88
2024-10-09,1048,35.85,39.1,37.06,37.34
2024-10-10,1048,35.61,37.48,38.16,37.08
2024-10-11,1048,33.92,39.47,35.66,36.35
2024-10-12,1048,41.45,39.83,32.91,38.06
2024-10-13,1048,33.9,35.68,35.9,35.16
2024-10-14,1048,40.25,39.75,36.24,38.75
2024-10-15,1048,36.61,39.01,36.62,37.41
2024-10-16,1048,37.88,39.41,42.36,39.88
2024-10-17,1048,37.45,40.4,35.18,37.68
2024-10-18,1048,34.68,40.18,39.3,38.05
2024-10-19,1048,35.87,40.54,40.89,39.1
2024-10-20,1048,40.42,37.31,43.48,40.4
2024-10-21,1048,34.52,35.56,39.55,36.54
2024-10-22,1048,40.52,40.21,36.99,39.24
2024-10-23,1048,33.68,35.45,41.12,36.75
2024-10-24,1048,38.5,37.21,32.58,36.1
2024-10-25,1048,34.55,35.03,32.45,34.01
2024-10-26,1048,35.32,36.41,39.44,37.06
2024-10-27,1048,40.26,37.24,40.43,39.31
2024-10-28,1048,39.09,40.56,39.26,39.64
2024-10-29,1048,36.66,38.87,35.97,37.17
2024-10-30,1048,35.37,39.25,40.92,38.51
2024-10-31,1048,34.34,40.7,33.68,36.24
2024-11-01,1048,40.16,35.49,33.22,36.29
2024-11-02,1048,38.91,39.06,38.92,38.96
2024-11-03,1048,34.95,35.38,40.76,37.03
2024-11-04,1048,35.08,36.26,38.81,36.72
2024-11-05,1048,40.17,36.93,32.38,36.49
2024-11-06,1048,35.02,35.01,38.83,36.29
2024-11-07,1048,33.81,37.88,41.14,37.61
2024-11-08,1048,39.3,36.07,32.64,36.0
2024-11-09,1048,38.41,35.2,42.81,38.81
2024-11-10,1048,37.0,40.65,43.53,40.39
2024-11-11,1048,37.57,39.12,39.72,38.8
2024-11-12,1048,33.51,40.02,36.56,36.7
2024-11-13,1048,39.7,35.33,41.48,38.84
2024-11-14,1048,34.57,36.1,42.13,37.6
2024-11-15,1048,41.56,38.97,41.72,40.75
2024-11-16,1048,40.59,38.48,39.73,39.6
2024-11-17,1048,40.52,35.8,34.57,36.96
2024-11-18,1048,36.19,38.14,34.58,36.3
2024-11-19,1048,41.37,35.79,33.15,36.77
2024-11-20,1048,35.82,36.37,38.14,36.78
2024-11-21,1048,36.77,39.32,39.25,38.45
2024-11-22,1048,35.57,40.32,36.62,37.5
2024-11-23,1048,35.64,36.54,33.14,35.11
2024-11-24,1048,39.11,38.35,40.35,39.27
2024-11-25,1048,36.98,36.64,32.44,35.35
2024-11-26,1048,40.55,39.25,35.71,38.5
2024-11-27,1048,40.05,39.27,32.58,37.3
2024-11-28,1048,34.14,39.58,35.11,36.28
2024-11-29,1048,38.0,37.76,42.51,39.42
2024-11-30,1048,36.81,40.21,33.76,36.93
2024-12-01,1048,38.21,40.44,36.9,38.52
2024-12-02,1048,41.62,35.59,33.67,36.96
2024-12-03,1048,39.46,40.92,41.48,40.62
2024-12-04,1048,38.63,35.63,38.69,37.65
2024-12-05,1048,38.89,35.16,41.74,38.6
2024-12-06,1048,37.76,38.23,35.14,37.04
2024-12-07,1048,36.94,38.75,34.43,36.71
2024-12-08,1048,36.46,37.4,34.12,35.99
2024-12-09,1048,37.57,36.18,34.46,36.07
2024-12-10,1048,40.63,38.58,41.12,40.11
2024-12-11,1048,36.63,40.13,39.81,38.86
2024-12-12,1048,39.73,40.3,38.36,39.46
2024-12-13,1048,39.61,37.26,39.37,38.75
2024-12-14,1048,35.95,37.61,32.99,35.52
2024-12-15,1048,39.41,34.92,42.12,38.82
2024-12-16,1048,37.42,38.65,43.35,39.81
2024-12-17,1048,38.1,37.45,40.91,38.82
2024-12-18,1048,40.07,36.89,36.26,37.74
2024-12-19,1048,39.15,38.6,35.88,37.88
2024-12-20,1048,41.33,35.31,35.99,37.54
2024-12-21,1048,40.78,35.82,33.01,36.54
2024-12-22,1048,34.13,38.86,37.26,36.75
2024-12-23,1048,33.63,39.45,38.95,37.34
2024-12-24,1048,40.89,35.64,33.86,36.8
2024-12-25,1048,40.54,39.72,33.41,37.89
2024-12-26,1048,36.62,35.42,39.1,37.05
2024-12-27,1048,36.93,39.92,34.65,37.17
2024-12-28,1048,38.87,40.44,36.05,38.45
2024-12-29,1048,36.59,40.6,42.69,39.96
2024-12-30,1048,37.1,39.34,38.51,38.32
2024-01-01,1049,87.35,83.79,73.55,81.56
2024-01-02,1049,83.46,77.65,68.96,76.69
2024-01-03,1049,87.46,82.52,75.67,81.88
2024-01-04,1049,75.06,84.14,76.04,78.41
2024-01-05,1049,82.98,84.71,76.26,81.32
2024-01-06,1049,72.58,77.05,77.79,75.81
2024-01-07,1049,82.85,81.48,87.63,83.99
2024-01-08,1049,73.39,82.78,73.97,76.71
2024-01-09,1049,75.17,81.46,71.13,75.92
2024-01-10,1049,88.25,86.76,83.28,86.1
2024-01-11,1049,74.92,75.76,72.93,74.54
2024-01-12,1049,87.98,81.77,73.04,80.93
2024-01-13,1049,86.13,76.05,79.27,80.48
2024-01-14,1049,77.62,78.9,87.33,81.28
2024-01-15,1049,72.52,78.63,78.27,76.47
2024-01-16,1049,82.0,80.37,82.61,81.66
2024-01-17,1049,87.65,85.25,88.95,87.28
2024-01-18,1049,82.43,80.33,87.1,83.29
2024-01-19,1049,89.01,80.06,82.71,83.93
2024-01-20,1049,86.11,83.34,88.95,86.13
2024-01-21,1049,85.46,78.85,68.92,77.74
2024-01-22,1049,86.73,82.5,84.24,84.49
2024-01-23,1049,76.81,76.96,86.42,80.06
2024-01-24,1049,80.8,86.87,89.94,85.87
2024-01-25,1049,85.34,74.85,91.22,83.8
2024-01-26,1049,83.96,77.4,69.53,76.96
2024-01-27,1049,81.89,79.17,74.69,78.58
2024-01-28,1049,82.15,74.66,79.27,78.69
2024-01-29,1049,75.69,76.66,91.33,81.23
2024-01-30,1049,75.54,85.15,86.07,82.25
2024-01-31,1049,75.46,76.65,87.17,79.76
2024-02-01,1049,84.99,84.78,84.91,84.89
2024-02-02,1049,77.12,80.43,84.96,80.84
2024-02-03,1049,81.29,79.6,70.59,77.16
2024-02-04,1049,71.95,81.35,86.14,79.81
2024-02-05,1049,85.56,82.46,74.63,80.88
2024-02-06,1049,81.87,84.39,76.17,80.81
2024-02-07,1049,80.31,76.29,82.08,79.56
2024-02-08,1049,82.37,79.22,90.15,83.91
2024-02-09,1049,85.04,75.24,92.81,84.36
2024-02-10,1049,81.66,84.68,79.37,81.9
2024-02-11,1049,87.32,74.94,71.47,77.91
2024-02-12,1049,83.33,77.44,84.09,81.62
2024-02-13,1049,87.81,84.76,87.8,86.79
2024-02-14,1049,80.24,84.22,74.09,79.52
2024-02-15,1049,84.67,81.59,76.35,80.87
2024-02-16,1049,82.61,84.28,75.61,80.83
2024-02-17,1049,72.85,76.78,76.27,75.3
2024-02-18,1049,80.55,81.51,74.88,78.98
2024-02-19,1049,82.61,74.89,78.52,78.67
2024-02-20,1049,74.31,77.1,80.16,77.19
2024-02-21,1049,84.07,77.27,71.66,77.67
2024-02-22,1049,72.8,80.11,81.24,78.05
2024-02-23,1049,75.49,75.59,79.46,76.85
2024-02-24,1049,83.79,86.72,82.66,84.39
2024-02-25,1049,74.12,80.49,93.08,82.56
2024-02-26,1049,84.18,75.8,78.31,79.43
2024-02-27,1049,76.47,77.02,89.96,81.15
2024-02-28,1049,76.16,81.06,72.89,76.7
2024-02-29,1049,72.03,86.77,90.52,83.11
2024-03-01,1049,80.15,82.51,75.89,79.52
2024-03-02,1049,78.34,81.69,88.25,82.76
2024-03-03,1049,75.55,79.26,79.21,78.01
2024-03-04,1049,83.46,77.34,90.26,83.69
2024-03-05,1049,77.11,80.0,81.51,79.54
2024-03-06,1049,77.53,82.78,83.13,81.15
2024-03-07,1049,72.93,83.74,75.72,77.46
2024-03-08,1049,73.94,78.98,92.53,81.82
2024-03-09,1049,86.16,80.07,85.22,83.82
2024-03-10,1049,75.04,77.03,74.82,75.63
2024-03-11,1049,80.75,78.33,77.21,78.76
2024-03-12,1049,87.05,84.04,83.73,84.94
2024-03-13,1049,79.07,84.81,88.52,84.13
2024-03-14,1049,85.68,78.79,83.97,82.81
2024-03-15,1049,82.8,82.1,71.32,78.74
2024-03-16,1049,86.1,75.32,80.01,80.48
2024-03-17,1049,84.97,85.51,82.92,84.47
2024-03-18,1049,75.2,82.85,87.73,81.93
2024-03-19,1049,82.46,78.18,85.48,82.04
2024-03-20,1049,72.95,76.12,88.61,79.23
2024-03-21,1049,72.9,77.9,76.0,75.6
2024-03-22,1049,72.65,84.19,82.52,79.79
2024-03-23,1049,71.79,83.97,90.57,82.11
2024-03-24,1049,87.9,83.66,85.51,85.69
2024-03-25,1049,85.17,87.42,86.31,86.3
2024-03-26,1049,88.14,82.91,80.7,83.92
2024-03-27,1049,77.87,81.17,71.62,76.89
2024-03-28,1049,87.8,76.97,90.9,85.22
2024-03-29,1049,71.89,79.6,80.81,77.43
2024-03-30,1049,86.2,74.81,80.79,80.6
2024-03-31,1049,74.12,75.25,89.66,79.68
2024-04-01,1049,82.8,83.63,82.63,83.02
2024-04-02,1049,88.26,81.42,78.47,82.72
2024-04-03,1049,76.42,77.43,85.34,79.73
2024-04-04,1049,78.86,76.75,73.27,76.29
2024-04-05,1049,81.84,77.49,74.03,77.79
2024-04-06,1049,72.34,76.41,77.69,75.48
2024-04-07,1049,75.56,83.83,84.77,81.39
2024-04-08,1049,74.04,76.78,77.23,76.02
2024-04-09,1049,79.2,81.48,83.8,81.49
2024-04-10,1049,72.37,87.05,80.31,79.91
2024-04-11,1049,73.04,84.73,91.98,83.25
2024-04-12,1049,83.95,76.51,70.66,77.04
2024-04-13,1049,87.41,86.34,77.26,83.67
2024-04-14,1049,83.11,74.56,81.81,79.83
2024-04-15,1049,72.72,81.78,76.46,76.99
2024-04-16,1049,77.33,83.81,85.42,82.19
2024-04-17,1049,72.25,87.07,77.63,78.98
2024-04-18,1049,74.65,81.34,87.18,81.06
2024-04-19,1049,74.86,86.0,82.26,81.04
2024-04-20,1049,84.53,78.24,74.46,79.08
2024-04-21,1049,88.73,86.5,86.18,87.14
2024-04-22,1049,82.57,84.5,86.63,84.57
2024-04-23,1049,81.05,82.95,89.01,84.34
2024-04-24,1049,71.59,76.26,69.8,72.55
2024-04-25,1049,71.38,75.53,78.48,75.13
2024-04-26,1049,72.15,85.25,80.49,79.3
2024-04-27,1049,87.72,80.69,72.9,80.44
2024-04-28,1049,73.34,80.47,85.52,79.78
2024-04-29,1049,86.39,81.85,70.15,79.46
2024-04-30,1049,84.15,77.95,83.54,81.88
2024-05-01,1049,73.32,80.84,82.2,78.79
2024-05-02,1049,82.65,81.87,73.57,79.36
2024-05-03,1049,80.57,86.1,90.88,85.85
2024-05-04,1049,77.38,75.36,87.8,80.18
2024-05-05,1049,78.65,78.1,81.01,79.25
2024-05-06,1049,77.28,87.23,79.08,81.2
2024-05-07,1049,85.11,81.64,84.36,83.7
2024-05-08,1049,87.86,79.49,71.39,79.58
2024-05-09,1049,78.82,84.57,82.48,81.96
2024-05-10,1049,72.3,77.89,90.64,80.28
2024-05-11,1049,74.27,85.18,82.25,80.57
2024-05-12,1049,72.49,87.06,86.23,81.93
2024-05-13,1049,76.69,82.26,81.36,80.1
2024-05-14,1049,71.75,83.38,70.05,75.06
2024-05-15,1049,88.5,74.83,81.77,81.7
2024-05-16,1049,80.13,81.83,77.56,79.84
2024-05-17,1049,86.55,83.6,87.51,85.89
2024-05-18,1049,71.56,81.25,80.99,77.93
2024-05-19,1049,80.7,83.25,88.5,84.15
2024-05-20,1049,81.69,75.63,82.55,79.96
2024-05-21,1049,79.83,79.43,88.99,82.75
2024-05-22,1049,86.16,77.65,69.61,77.81
2024-05-23,1049,78.95,80.58,69.97,76.5
2024-05-24,1049,84.23,79.82,81.62,81.89
2024-05-25,1049,76.49,82.08,88.81,82.46
2024-05-26,1049,72.57,86.88,79.05,79.5
2024-05-27,1049,76.25,83.0,72.33,77.19
2024-05-28,1049,88.8,76.13,87.5,84.14
2024-05-29,1049,77.19,79.7,77.13,78.01
2024-05-30,1049,75.69,81.91,71.88,76.49
2024-05-31,1049,86.22,86.24,83.89,85.45
2024-06-01,1049,86.85,84.53,76.32,82.57
2024-06-02,1049,73.86,86.76,69.06,76.56
2024-06-03,1049,83.7,75.86,69.31,76.29
2024-06-04,1049,77.64,75.79,85.3,79.58
2024-06-05,1049,73.57,82.27,79.28,78.37
2024-06-06,1049,85.19,86.99,70.9,81.03
2024-06-07,1049,78.3,80.66,83.68,80.88
2024-06-08,1049,82.01,77.46,92.36,83.94
2024-06-09,1049,88.25,75.31,72.44,78.67
2024-06-10,1049,71.34,86.74,79.86,79.31
2024-06-11,1049,76.41,82.05,76.94,78.47
2024-06-12,1049,74.34,81.24,81.69,79.09
2024-06-13,1049,73.37,75.85,71.55,73.59
2024-06-14,1049,72.36,80.59,73.26,75.4
2024-06-15,1049,71.96,77.34,87.69,79.0
2024-06-16,1049,74.78,87.25,72.43,78.15
2024-06-17,1049,86.83,81.06,83.61,83.83
2024-06-18,1049,81.71,83.25,82.35,82.44
2024-06-19,1049,74.52,78.27,85.09,79.29
2024-06-20,1049,73.46,83.14,84.25,80.28
2024-06-21,1049,78.06,87.16,88.67,84.63
2024-06-22,1049,87.12,82.9,72.12,80.71
2024-06-23,1049,80.23,79.79,79.19,79.74
2024-06-24,1049,80.03,75.32,77.39,77.58
2024-06-25,1049,73.86,76.31,72.72,74.3
2024-06-26,1049,87.23,80.94,81.09,83.09
2024-06-27,1049,86.01,74.94,86.62,82.52
2024-06-28,1049,86.76,86.59,73.31,82.22
2024-06-29,1049,87.45,84.5,91.02,87.66
2024-06-30,1049,85.83,78.75,77.06,80.55
2024-07-01,1049,74.49,80.11,70.47,75.02
2024-07-02,1049,81.75,78.59,75.07,78.47
2024-07-03,1049,75.84,83.67,73.17,77.56
2024-07-04,1049,75.47,77.75,80.07,77.76
2024-07-05,1049,81.16,83.51,80.59,81.75
2024-07-06,1049,80.67,87.09,84.53,84.1
2024-07-07,1049,88.47,87.43,87.27,87.72
2024-07-08,1049,81.19,84.57,69.48,78.41
2024-07-09,1049,85.15,82.44,79.17,82.25
2024-07-10,1049,84.15,82.98,89.68,85.6
2024-07-11,1049,78.01,76.63,87.28,80.64
2024-07-12,1049,77.18,84.95,85.43,82.52
2024-07-13,1049,78.06,85.0,82.29,81.78
2024-07-14,1049,74.65,82.08,76.22,77.65
2024-07-15,1049,79.71,86.19,80.97,82.29
2024-07-16,1049,74.3,86.43,79.65,80.13
2024-07-17,1049,80.56,75.56,79.97,78.7
2024-07-18,1049,78.25,85.34,81.86,81.82
2024-07-19,1049,79.86,75.19,79.28,78.11
2024-07-20,1049,84.87,79.34,69.48,77.9
2024-07-21,1049,77.22,80.72,91.89,83.28
2024-07-22,1049,81.31,77.15,82.53,80.33
2024-07-23,1049,73.31,74.65,72.5,73.49
2024-07-24,1049,71.36,75.95,91.56,79.62
2024-07-25,1049,79.93,81.68,71.44,77.68
2024-07-26,1049,81.24,85.93,72.18,79.78
2024-07-27,1049,82.01,82.12,71.71,78.61
2024-07-28,1049,72.38,77.15,79.58,76.37
2024-07-29,1049,73.92,86.17,69.68,76.59
2024-07-30,1049,72.91,81.9,72.66,75.82
2024-07-31,1049,85.68,84.0,91.3,86.99
2024-08-01,1049,83.88,86.19,80.53,83.53
2024-08-02,1049,78.97,77.77,72.6,76.45
2024-08-03,1049,79.86,76.84,69.6,75.43
2024-08-04,1049,73.53,76.39,74.98,74.97
2024-08-05,1049,75.27,80.07,87.42,80.92
2024-08-06,1049,83.94,76.42,86.83,82.4
2024-08-07,1049,71.43,84.65,82.72,79.6
2024-08-08,1049,75.42,84.68,72.44,77.51
2024-08-09,1049,79.97,77.79,77.35,78.37
2024-08-10,1049,87.72,78.63,83.3,83.22
2024-08-11,1049,79.44,83.42,90.03,84.3
2024-08-12,1049,72.83,86.48,69.57,76.29
2024-08-13,1049,88.65,74.64,69.24,77.51
2024-08-14,1049,77.54,82.34,89.37,83.08
2024-08-15,1049,74.09,77.4,83.1,78.2
2024-08-16,1049,74.38,86.45,69.45,76.76
2024-08-17,1049,85.05,85.68,74.82,81.85
2024-08-18,1049,81.92,82.27,78.85,81.01
2024-08-19,1049,76.59,77.09,92.1,81.93
2024-08-20,1049,87.46,77.34,79.17,81.32
2024-08-21,1049,79.4,81.09,71.8,77.43
2024-08-22,1049,80.16,85.39,91.93,85.83
2024-08-23,1049,75.08,75.63,79.36,76.69
2024-08-24,1049,76.01,75.71,78.79,76.84
2024-08-25,1049,82.56,79.51,86.59,82.89
2024-08-26,1049,82.89,79.5,89.71,84.03
2024-08-27,1049,80.37,77.8,76.95,78.37
2024-08-28,1049,75.26,86.28,89.54,83.69
2024-08-29,1049,78.85,86.59,89.6,85.01
2024-08-30,1049,78.53,86.73,92.85,86.04
2024-08-31,1049,88.18,80.63,78.9,82.57
2024-09-01,1049,78.42,80.87,76.94,78.74
2024-09-02,1049,74.62,85.04,79.04,79.57
2024-09-03,1049,72.73,87.21,75.27,78.4
2024-09-04,1049,83.36,77.8,71.11,77.42
2024-09-05,1049,73.2,83.96,83.34,80.17
2024-09-06,1049,83.7,81.06,73.16,79.31
2024-09-07,1049,74.53,77.62,84.72,78.96
2024-09-08,1049,82.85,74.94,90.81,82.87
2024-09-09,1049,75.51,87.29,91.28,84.69
2024-09-10,1049,80.36,76.49,83.22,80.02
2024-09-11,1049,76.99,79.6,91.77,82.79
2024-09-12,1049,72.58,79.86,86.93,79.79
2024-09-13,1049,80.0,82.33,72.98,78.44
2024-09-14,1049,74.71,75.36,78.34,76.14
2024-09-15,1049,81.43,80.16,89.15,83.58
2024-09-16,1049,85.15,80.81,82.24,82.73
2024-09-17,1049,82.97,77.95,78.79,79.9
2024-09-18,1049,88.29,85.8,79.2,84.43
2024-09-19,1049,78.51,77.43,69.23,75.06
2024-09-20,1049,87.15,78.65,79.54,81.78
2024-09-21,1049,84.13,81.05,78.75,81.31
2024-09-22,1049,86.09,81.16,79.55,82.27
2024-09-23,1049,76.08,83.29,90.07,83.15
2024-09-24,1049,77.31,83.9,84.77,81.99
2024-09-25,1049,75.93,83.01,85.17,81.37
2024-09-26,1049,85.56,84.26,70.21,80.01
2024-09-27,1049,76.95,79.96,73.12,76.68
2024-09-28,1049,79.04,77.53,78.9,78.49
2024-09-29,1049,80.15,85.99,92.74,86.29
2024-09-30,1049,86.85,85.66,89.92,87.48
2024-10-01,1049,77.19,83.39,82.52,81.03
2024-10-02,1049,82.98,86.68,74.07,81.24
2024-10-03,1049,72.81,76.78,78.11,75.9
2024-10-04,1049,75.6,85.69,83.61,81.63
2024-10-05,1049,72.71,79.08,70.2,74.0
2024-10-06,1049,73.77,84.7,86.13,81.53
2024-10-07,1049,79.25,79.5,71.9,76.88
2024-10-08,1049,79.42,85.91,76.55,80.63
2024-10-09,1049,80.05,80.93,82.22,81.07
2024-10-10,1049,75.38,78.39,84.16,79.31
2024-10-11,1049,72.73,84.27,84.92,80.64
2024-10-12,1049,77.43,83.34,82.75,81.17
2024-10-13,1049,78.44,81.73,82.44,80.87
2024-10-14,1049,74.24,77.61,71.82,74.56
2024-10-15,1049,82.63,86.38,75.26,81.42
2024-10-16,1049,72.46,74.49,82.93,76.63
2024-10-17,1049,79.64,75.25,69.69,74.86
2024-10-18,1049,85.23,75.39,73.28,77.97
2024-10-19,1049,78.48,76.11,92.46,82.35
2024-10-20,1049,80.63,75.6,71.74,75.99
2024-10-21,1049,79.27,81.61,82.75,81.21
2024-10-22,1049,84.44,78.29,71.6,78.11
2024-10-23,1049,82.45,80.61,71.43,78.16
2024-10-24,1049,78.75,84.7,82.76,82.07
2024-10-25,1049,73.75,84.9,86.5,81.72
2024-10-26,1049,82.49,81.3,81.03,81.61
2024-10-27,1049,76.11,86.85,92.1,85.02
2024-10-28,1049,85.32,75.2,71.83,77.45
2024-10-29,1049,86.09,85.8,86.71,86.2
2024-10-30,1049,73.78,74.88,89.43,79.36
2024-10-31,1049,85.45,75.18,76.58,79.07
2024-11-01,1049,84.47,84.57,82.99,84.01
2024-11-02,1049,87.26,79.13,76.94,81.11
2024-11-03,1049,79.41,85.63,77.38,80.81
2024-11-04,1049,76.51,74.74,88.9,80.05
2024-11-05,1049,88.31,78.33,80.35,82.33
2024-11-06,1049,73.95,83.62,73.57,77.05
2024-11-07,1049,71.67,83.97,84.32,79.99
2024-11-08,1049,78.75,75.59,81.55,78.63
2024-11-09,1049,77.14,81.79,86.75,81.89
2024-11-10,1049,80.28,79.37,86.97,82.21
2024-11-11,1049,81.87,84.61,84.22,83.57
2024-11-12,1049,86.32,76.51,77.08,79.97
2024-11-13,1049,86.69,80.65,73.28,80.21
2024-11-14,1049,83.33,84.74,82.65,83.57
2024-11-15,1049,81.06,76.47,86.06,81.2
2024-11-16,1049,82.42,83.79,84.37,83.53
2024-11-17,1049,85.64,74.98,76.31,78.98
2024-11-18,1049,74.51,82.15,77.04,77.9
2024-11-19,1049,78.84,87.43,77.9,81.39
2024-11-20,1049,81.74,80.25,90.9,84.3
2024-11-21,1049,74.67,75.57,79.57,76.6
2024-11-22,1049,75.43,80.49,88.2,81.37
2024-11-23,1049,74.48,82.36,69.53,75.46
2024-11-24,1049,85.2,83.13,74.16,80.83
2024-11-25,1049,74.53,86.29,89.54,83.45
2024-11-26,1049,87.89,76.82,73.08,79.26
2024-11-27,1049,71.47,79.43,84.03,78.31
2024-11-28,1049,76.47,75.09,77.92,76.49
2024-11-29,1049,77.2,76.01,79.84,77.68
2024-11-30,1049,77.08,84.45,84.34,81.96
2024-12-01,1049,76.68,81.4,82.7,80.26
2024-12-02,1049,79.82,77.81,76.25,77.96
2024-12-03,1049,85.52,76.07,86.73,82.77
2024-12-04,1049,82.03,86.87,89.94,86.28
2024-12-05,1049,74.48,79.84,86.2,80.17
2024-12-06,1049,74.33,86.12,90.58,83.68
2024-12-07,1049,83.35,77.26,74.38,78.33
2024-12-08,1049,78.01,81.68,71.44,77.04
2024-12-09,1049,73.29,77.75,80.9,77.31
2024-12-10,1049,88.4,84.25,93.12,88.59
2024-12-11,1049,75.04,85.96,78.3,79.77
2024-12-12,1049,72.27,85.89,80.64,79.6
2024-12-13,1049,84.67,82.48,92.83,86.66
2024-12-14,1049,88.91,82.23,76.1,82.41
2024-12-15,1049,82.91,76.56,70.95,76.81
2024-12-16,1049,81.95,81.82,85.54,83.1
2024-12-17,1049,86.55,77.29,80.33,81.39
2024-12-18,1049,87.39,75.37,92.1,84.95
2024-12-19,1049,76.8,79.55,84.05,80.13
2024-12-20,1049,88.53,74.86,77.17,80.19
2024-12-21,1049,85.46,79.32,85.18,83.32
2024-12-22,1049,83.35,81.66,70.16,78.39
2024-12-23,1049,75.56,80.39,81.81,79.25
2024-12-24,1049,81.86,82.22,89.35,84.48
2024-12-25,1049,80.56,75.88,83.59,80.01
2024-12-26,1049,76.46,79.75,90.73,82.31
2024-12-27,1049,81.3,79.63,72.04,77.66
2024-12-28,1049,75.74,84.39,77.34,79.16
2024-12-29,1049,81.16,80.85,70.06,77.36
2024-12-30,1049,86.94,80.29,84.13,83.79
2024-01-01,1050,76.75,87.04,91.6,85.13
2024-01-02,1050,77.74,87.37,72.69,79.27
2024-01-03,1050,85.05,86.25,79.62,83.64
2024-01-04,1050,73.06,75.53,91.15,79.91
2024-01-05,1050,84.04,87.81,71.14,81.0
2024-01-06,1050,76.81,78.04,80.46,78.44
2024-01-07,1050,79.79,82.13,73.83,78.58
2024-01-08,1050,85.49,81.93,72.68,80.03
2024-01-09,1050,85.57,84.56,87.92,86.02
2024-01-10,1050,84.92,87.41,80.71,84.35
2024-01-11,1050,87.43,75.7,93.06,85.4
2024-01-12,1050,90.0,83.71,71.6,81.77
2024-01-13,1050,85.35,80.88,69.76,78.66
2024-01-14,1050,73.63,75.36,80.72,76.57
2024-01-15,1050,86.91,83.58,70.02,80.17
2024-01-16,1050,82.64,87.73,90.02,86.8
2024-01-17,1050,80.36,87.49,84.78,84.21
2024-01-18,1050,78.86,77.27,76.33,77.49
2024-01-19,1050,86.69,75.36,92.09,84.71
2024-01-20,1050,89.98,88.43,74.31,84.24
2024-01-21,1050,81.27,79.54,77.86,79.56
2024-01-22,1050,89.52,82.07,75.64,82.41
2024-01-23,1050,72.61,87.27,75.16,78.35
2024-01-24,1050,88.51,77.64,75.08,80.41
2024-01-25,1050,73.94,82.17,92.06,82.72
2024-01-26,1050,88.3,79.45,74.71,80.82
2024-01-27,1050,78.87,84.67,77.14,80.23
2024-01-28,1050,82.17,87.42,88.55,86.05
2024-01-29,1050,73.2,84.64,83.75,80.53
2024-01-30,1050,82.0,82.82,76.94,80.59
2024-01-31,1050,84.94,76.63,71.67,77.75
2024-02-01,1050,78.03,77.57,77.22,77.61
2024-02-02,1050,74.55,84.09,70.35,76.33
2024-02-03,1050,81.16,78.48,80.84,80.16
2024-02-04,1050,72.88,79.81,79.1,77.26
2024-02-05,1050,76.32,85.95,86.48,82.92
2024-02-06,1050,87.94,86.65,80.6,85.06
2024-02-07,1050,77.6,78.76,73.75,76.7
2024-02-08,1050,78.15,82.01,71.58,77.25
2024-02-09,1050,88.29,79.53,79.65,82.49
2024-02-10,1050,79.51,80.39,85.81,81.9
2024-02-11,1050,77.61,78.14,93.47,83.07
2024-02-12,1050,77.98,76.34,93.01,82.44
2024-02-13,1050,87.59,82.57,87.11,85.76
2024-02-14,1050,83.38,78.03,70.96,77.46
2024-02-15,1050,79.78,76.21,92.26,82.75
2024-02-16,1050,84.95,75.92,87.32,82.73
2024-02-17,1050,77.27,82.47,72.57,77.44
2024-02-18,1050,80.29,80.59,70.28,77.05
2024-02-19,1050,81.1,88.25,76.06,81.8
2024-02-20,1050,72.92,83.75,72.09,76.25
2024-02-21,1050,86.72,87.27,90.4,88.13
2024-02-22,1050,84.24,85.63,75.59,81.82
2024-02-23,1050,74.68,87.98,72.29,78.32
2024-02-24,1050,73.9,83.5,80.71,79.37
2024-02-25,1050,76.56,86.75,86.99,83.43
2024-02-26,1050,84.84,77.43,92.62,84.96
2024-02-27,1050,77.19,77.62,70.05,74.95
2024-02-28,1050,79.64,78.41,91.29,83.11
2024-02-29,1050,75.27,79.7,89.34,81.44
2024-03-01,1050,79.2,88.14,86.83,84.72
2024-03-02,1050,85.06,86.8,93.86,88.57
2024-03-03,1050,85.23,75.84,69.88,76.98
2024-03-04,1050,83.11,75.51,81.96,80.19
2024-03-05,1050,78.33,80.0,85.67,81.33
2024-03-06,1050,83.33,83.95,80.84,82.71
2024-03-07,1050,89.5,80.26,84.23,84.66
2024-03-08,1050,81.85,87.91,79.98,83.25
2024-03-09,1050,73.22,87.76,75.82,78.93
2024-03-10,1050,83.54,82.56,93.33,86.48
2024-03-11,1050,80.59,86.13,70.89,79.2
2024-03-12,1050,86.9,77.95,85.75,83.53
2024-03-13,1050,77.55,78.35,86.24,80.71
2024-03-14,1050,74.64,78.68,92.39,81.9
2024-03-15,1050,78.87,78.36,74.31,77.18
2024-03-16,1050,81.62,79.68,81.85,81.05
2024-03-17,1050,79.75,79.69,90.22,83.22
2024-03-18,1050,76.3,76.03,76.96,76.43
2024-03-19,1050,73.84,79.54,84.64,79.34
2024-03-20,1050,87.96,81.47,80.78,83.4
2024-03-21,1050,80.33,77.23,75.59,77.72
2024-03-22,1050,79.9,80.09,78.44,79.48
2024-03-23,1050,81.92,83.34,75.0,80.09
2024-03-24,1050,85.57,79.04,78.69,81.1
2024-03-25,1050,79.64,87.62,90.68,85.98
2024-03-26,1050,85.04,78.17,70.05,77.75
2024-03-27,1050,77.83,78.46,73.4,76.56
2024-03-28,1050,79.63,78.51,80.62,79.59
2024-03-29,1050,80.04,75.38,81.19,78.87
2024-03-30,1050,73.3,86.85,91.1,83.75
2024-03-31,1050,79.94,83.06,84.77,82.59
2024-04-01,1050,82.91,88.31,80.22,83.81
2024-04-02,1050,83.78,87.26,84.71,85.25
2024-04-03,1050,74.66,76.03,87.07,79.25
2024-04-04,1050,77.91,81.61,73.11,77.54
2024-04-05,1050,85.01,77.52,72.03,78.19
2024-04-06,1050,86.34,79.17,70.24,78.58
2024-04-07,1050,75.3,77.46,87.27,80.01
2024-04-08,1050,85.61,77.38,91.53,84.84
2024-04-09,1050,75.15,85.89,83.63,81.56
2024-04-10,1050,77.16,81.4,88.21,82.26
2024-04-11,1050,80.7,81.25,70.01,77.32
2024-04-12,1050,89.73,78.61,69.85,79.4
2024-04-13,1050,78.11,79.97,69.66,75.91
2024-04-14,1050,90.05,82.0,77.13,83.06
2024-04-15,1050,78.88,82.74,89.78,83.8
2024-04-16,1050,81.78,84.03,83.72,83.18
2024-04-17,1050,83.79,75.89,73.31,77.66
2024-04-18,1050,83.66,79.98,80.85,81.5
2024-04-19,1050,72.92,80.79,79.13,77.61
2024-04-20,1050,73.22,79.98,70.68,74.63
2024-04-21,1050,80.51,80.04,79.86,80.14
2024-04-22,1050,73.34,82.69,90.7,82.24
2024-04-23,1050,88.14,76.34,84.07,82.85
2024-04-24,1050,82.71,85.65,86.97,85.11
2024-04-25,1050,83.1,78.12,75.84,79.02
2024-04-26,1050,84.97,80.47,90.97,85.47
2024-04-27,1050,74.33,81.93,75.49,77.25
2024-04-28,1050,72.34,81.8,70.71,74.95
2024-04-29,1050,87.68,78.52,73.04,79.75
2024-04-30,1050,79.69,85.95,75.8,80.48
2024-05-01,1050,76.96,80.92,80.77,79.55
2024-05-02,1050,85.87,85.6,84.3,85.26
2024-05-03,1050,75.26,86.87,86.73,82.95
2024-05-04,1050,89.78,75.85,90.87,85.5
2024-05-05,1050,81.78,83.81,82.38,82.66
2024-05-06,1050,76.71,77.49,82.02,78.74
2024-05-07,1050,89.16,75.85,91.78,85.6
2024-05-08,1050,73.3,80.91,84.01,79.41
2024-05-09,1050,74.93,77.53,69.8,74.09
2024-05-10,1050,74.55,83.64,73.29,77.16
2024-05-11,1050,78.99,75.43,87.92,80.78
2024-05-12,1050,86.43,79.06,93.81,86.43
2024-05-13,1050,77.86,81.24,85.44,81.51
2024-05-14,1050,74.68,81.67,76.3,77.55
2024-05-15,1050,80.83,81.27,90.08,84.06
2024-05-16,1050,81.93,86.63,74.25,80.94
2024-05-17,1050,83.25,87.94,80.03,83.74
2024-05-18,1050,88.84,81.72,75.89,82.15
2024-05-19,1050,81.07,77.24,82.9,80.4
2024-05-20,1050,76.4,79.55,82.29,79.41
2024-05-21,1050,86.49,87.63,93.41,89.18
2024-05-22,1050,86.85,84.97,75.29,82.37
2024-05-23,1050,85.21,81.56,78.45,81.74
2024-05-24,1050,78.7,80.82,91.54,83.69
2024-05-25,1050,84.87,76.67,83.44,81.66
2024-05-26,1050,85.22,79.32,77.21,80.58
2024-05-27,1050,80.59,82.62,90.45,84.55
2024-05-28,1050,83.88,83.24,74.17,80.43
2024-05-29,1050,85.24,83.13,72.8,80.39
2024-05-30,1050,86.25,82.45,87.61,85.44
2024-05-31,1050,76.33,77.16,69.61,74.37
2024-06-01,1050,76.91,84.07,73.29,78.09
2024-06-02,1050,76.76,75.87,87.03,79.89
2024-06-03,1050,85.77,86.63,82.29,84.9
2024-06-04,1050,77.19,84.6,85.65,82.48
2024-06-05,1050,89.59,88.25,86.67,88.17
2024-06-06,1050,84.29,82.47,72.84,79.87
2024-06-07,1050,79.14,79.82,73.37,77.44
2024-06-08,1050,85.37,75.6,86.49,82.49
2024-06-09,1050,81.15,88.14,80.22,83.17
2024-06-10,1050,88.91,82.7,77.32,82.98
2024-06-11,1050,85.5,76.45,73.64,78.53
2024-06-12,1050,89.76,85.09,69.74,81.53
2024-06-13,1050,88.21,80.71,87.82,85.58
2024-06-14,1050,80.17,75.83,79.17,78.39
2024-06-15,1050,78.39,75.45,76.22,76.69
2024-06-16,1050,78.85,76.3,84.38,79.84
2024-06-17,1050,85.76,86.82,88.03,86.87
2024-06-18,1050,78.94,83.91,83.73,82.19
2024-06-19,1050,82.02,81.27,73.05,78.78
2024-06-20,1050,84.71,79.89,78.32,80.97
2024-06-21,1050,81.31,75.98,72.04,76.44
2024-06-22,1050,80.87,79.58,92.7,84.38
2024-06-23,1050,89.81,77.59,77.74,81.71
2024-06-24,1050,73.1,85.48,85.89,81.49
2024-06-25,1050,89.62,81.29,86.95,85.95
2024-06-26,1050,86.27,76.04,94.14,85.48
2024-06-27,1050,81.44,79.32,87.59,82.78
2024-06-28,1050,75.3,84.68,73.77,77.92
2024-06-29,1050,81.4,81.55,86.85,83.27
2024-06-30,1050,85.35,79.82,72.55,79.24
2024-07-01,1050,72.49,86.4,86.79,81.89
2024-07-02,1050,83.36,84.46,92.23,86.68
2024-07-03,1050,74.22,76.7,93.39,81.44
2024-07-04,1050,89.72,78.92,89.88,86.17
2024-07-05,1050,83.06,86.42,79.36,82.95
2024-07-06,1050,84.17,85.84,83.99,84.67
2024-07-07,1050,81.15,77.82,88.35,82.44
2024-07-08,1050,75.92,81.91,86.68,81.5
2024-07-09,1050,83.5,77.34,89.73,83.52
2024-07-10,1050,89.09,79.99,85.97,85.02
2024-07-11,1050,79.54,82.6,72.86,78.33
2024-07-12,1050,83.59,84.1,76.33,81.34
2024-07-13,1050,81.34,87.15,73.55,80.68
2024-07-14,1050,79.23,88.39,80.98,82.87
2024-07-15,1050,72.93,79.96,82.69,78.53
2024-07-16,1050,74.56,80.6,85.16,80.11
2024-07-17,1050,89.32,87.52,87.42,88.09
2024-07-18,1050,80.1,87.8,84.62,84.17
2024-07-19,1050,77.8,78.95,88.56,81.77
2024-07-20,1050,82.79,81.42,70.14,78.12
2024-07-21,1050,85.87,87.79,81.88,85.18
2024-07-22,1050,72.4,77.46,85.67,78.51
2024-07-23,1050,88.97,80.47,83.23,84.22
2024-07-24,1050,72.61,79.94,87.75,80.1
2024-07-25,1050,81.1,76.46,80.47,79.34
2024-07-26,1050,80.24,87.01,77.56,81.6
2024-07-27,1050,88.19,78.07,81.68,82.65
2024-07-28,1050,80.95,86.61,70.88,79.48
2024-07-29,1050,81.56,79.3,83.97,81.61
2024-07-30,1050,75.91,84.1,84.15,81.39
2024-07-31,1050,83.67,78.35,81.17,81.06
2024-08-01,1050,76.49,83.82,77.77,79.36
2024-08-02,1050,82.52,84.67,78.98,82.06
2024-08-03,1050,75.44,88.08,71.73,78.42
2024-08-04,1050,87.54,87.29,93.77,89.53
2024-08-05,1050,74.23,77.97,85.64,79.28
2024-08-06,1050,83.69,76.7,70.97,77.12
2024-08-07,1050,78.99,83.1,75.45,79.18
2024-08-08,1050,76.98,75.54,80.01,77.51
2024-08-09,1050,78.19,78.04,80.76,79.0
2024-08-10,1050,77.69,88.1,80.27,82.02
2024-08-11,1050,78.53,78.06,76.31,77.63
2024-08-12,1050,74.37,84.43,70.46,76.42
2024-08-13,1050,86.01,86.13,84.44,85.53
2024-08-14,1050,74.59,78.28,80.22,77.7
2024-08-15,1050,85.77,77.13,85.68,82.86
2024-08-16,1050,77.38,86.29,75.79,79.82
2024-08-17,1050,78.41,75.48,79.37,77.75
2024-08-18,1050,84.45,82.81,82.55,83.27
2024-08-19,1050,75.02,82.44,79.59,79.02
2024-08-20,1050,75.39,87.26,90.66,84.44
2024-08-21,1050,87.62,88.31,81.18,85.7
2024-08-22,1050,77.63,81.13,83.69,80.82
2024-08-23,1050,78.91,80.88,75.79,78.53
2024-08-24,1050,83.3,80.3,73.43,79.01
2024-08-25,1050,89.55,78.64,73.91,80.7
2024-08-26,1050,79.0,77.93,70.53,75.82
2024-08-27,1050,85.31,77.29,92.6,85.07
2024-08-28,1050,74.99,77.17,85.12,79.09
2024-08-29,1050,77.04,78.58,91.64,82.42
2024-08-30,1050,77.52,88.32,93.69,86.51
2024-08-31,1050,86.88,83.58,89.47,86.64
2024-09-01,1050,88.91,85.2,93.29,89.13
2024-09-02,1050,76.13,75.74,72.74,74.87
2024-09-03,1050,79.28,78.38,89.55,82.4
2024-09-04,1050,80.45,76.24,76.45,77.71
2024-09-05,1050,73.63,80.61,82.2,78.81
2024-09-06,1050,85.77,76.22,93.1,85.03
2024-09-07,1050,74.46,82.5,74.2,77.05
2024-09-08,1050,79.69,78.94,92.87,83.83
2024-09-09,1050,75.25,88.32,83.01,82.19
2024-09-10,1050,77.54,83.45,73.97,78.32
2024-09-11,1050,88.81,79.98,82.28,83.69
2024-09-12,1050,81.42,78.03,90.35,83.27
2024-09-13,1050,87.25,79.38,83.79,83.47
2024-09-14,1050,74.55,83.77,75.85,78.06
2024-09-15,1050,86.18,77.07,82.52,81.92
2024-09-16,1050,76.74,84.74,78.23,79.9
2024-09-17,1050,83.23,85.51,70.6,79.78
2024-09-18,1050,81.64,85.89,80.62,82.72
2024-09-19,1050,84.51,83.06,79.25,82.27
2024-09-20,1050,73.7,76.74,83.58,78.01
2024-09-21,1050,79.52,77.06,91.73,82.77
2024-09-22,1050,73.8,86.41,73.76,77.99
2024-09-23,1050,87.54,83.02,75.18,81.91
2024-09-24,1050,78.64,84.61,74.91,79.39
2024-09-25,1050,72.83,85.4,71.53,76.59
2024-09-26,1050,80.34,80.71,75.82,78.96
2024-09-27,1050,77.56,77.73,75.75,77.01
2024-09-28,1050,75.15,80.76,72.49,76.13
2024-09-29,1050,78.77,82.07,88.98,83.27
2024-09-30,1050,75.92,87.05,89.3,84.09
2024-10-01,1050,78.42,84.43,85.89,82.91
2024-10-02,1050,76.73,81.03,82.18,79.98
2024-10-03,1050,86.32,79.52,93.52,86.45
2024-10-04,1050,81.13,81.79,91.46,84.79
2024-10-05,1050,77.21,79.6,92.01,82.94
2024-10-06,1050,85.34,78.46,90.06,84.62
2024-10-07,1050,81.41,82.03,70.56,78.0
2024-10-08,1050,75.9,82.7,91.48,83.36
2024-10-09,1050,85.64,77.45,78.76,80.62
2024-10-10,1050,74.06,84.96,81.17,80.06
2024-10-11,1050,85.06,81.09,75.48,80.54
2024-10-12,1050,78.42,84.76,81.79,81.66
2024-10-13,1050,73.25,88.29,78.19,79.91
2024-10-14,1050,76.9,81.39,88.14,82.14
2024-10-15,1050,74.23,82.05,83.15,79.81
2024-10-16,1050,77.43,80.93,89.21,82.52
2024-10-17,1050,87.18,85.96,89.08,87.41
2024-10-18,1050,84.9,77.55,70.41,77.62
2024-10-19,1050,73.01,85.25,85.35,81.2
2024-10-20,1050,77.98,81.35,84.4,81.24
2024-10-21,1050,73.54,83.74,72.91,76.73
2024-10-22,1050,89.96,82.23,78.27,83.49
2024-10-23,1050,88.33,86.45,82.12,85.63
2024-10-24,1050,88.79,87.63,86.54,87.65
2024-10-25,1050,76.85,77.6,75.76,76.74
2024-10-26,1050,72.84,77.26,93.79,81.3
2024-10-27,1050,75.76,78.39,81.84,78.66
2024-10-28,1050,75.08,78.77,84.93,79.59
2024-10-29,1050,75.28,81.07,72.27,76.21
2024-10-30,1050,73.38,83.09,93.69,83.39
2024-10-31,1050,72.28,86.59,91.63,83.5
2024-11-01,1050,80.19,80.6,76.83,79.21
2024-11-02,1050,85.95,87.61,76.99,83.52
2024-11-03,1050,80.66,87.4,70.16,79.41
2024-11-04,1050,74.52,81.09,82.27,79.29
2024-11-05,1050,84.9,76.95,92.36,84.74
2024-11-06,1050,81.47,76.28,86.69,81.48
2024-11-07,1050,81.31,80.36,91.1,84.26
2024-11-08,1050,88.1,78.01,80.85,82.32
2024-11-09,1050,87.49,84.69,71.24,81.14
2024-11-10,1050,86.23,83.1,78.87,82.73
2024-11-11,1050,77.65,75.62,79.58,77.62
2024-11-12,1050,88.49,85.03,74.69,82.74
2024-11-13,1050,86.57,79.04,81.32,82.31
2024-11-14,1050,79.89,75.88,82.6,79.46
2024-11-15,1050,79.32,81.64,94.15,85.04
2024-11-16,1050,74.68,87.96,77.13,79.92
2024-11-17,1050,72.33,76.76,81.79,76.96
2024-11-18,1050,83.95,84.59,70.5,79.68
2024-11-19,1050,72.18,81.49,90.17,81.28
2024-11-20,1050,80.81,87.3,82.58,83.56
2024-11-21,1050,89.32,80.26,90.84,86.81
2024-11-22,1050,73.05,79.41,90.02,80.83
2024-11-23,1050,81.27,84.0,92.66,85.98
2024-11-24,1050,87.01,84.52,91.6,87.71
2024-11-25,1050,73.57,75.38,93.07,80.67
2024-11-26,1050,74.91,85.0,70.74,76.88
2024-11-27,1050,74.71,77.1,72.86,74.89
2024-11-28,1050,75.78,83.98,93.47,84.41
2024-11-29,1050,89.15,83.35,88.48,86.99
2024-11-30,1050,83.71,78.91,74.4,79.01
2024-12-01,1050,83.88,78.2,90.72,84.27
2024-12-02,1050,73.17,83.55,92.63,83.12
2024-12-03,1050,76.14,86.87,90.97,84.66
2024-12-04,1050,72.06,79.49,88.79,80.11
2024-12-05,1050,85.21,83.82,93.83,87.62
2024-12-06,1050,84.03,76.36,72.47,77.62
2024-12-07,1050,76.8,81.59,90.93,83.11
2024-12-08,1050,77.66,82.96,69.67,76.76
2024-12-09,1050,74.25,80.6,73.16,76.0
2024-12-10,1050,72.42,88.04,73.08,77.85
2024-12-11,1050,86.3,87.45,71.95,81.9
2024-12-12,1050,84.28,88.25,69.81,80.78
2024-12-13,1050,78.74,76.77,84.86,80.12
2024-12-14,1050,80.38,87.25,90.15,85.93
2024-12-15,1050,88.05,80.21,77.54,81.93
2024-12-16,1050,83.64,80.09,71.16,78.3
2024-12-17,1050,86.39,79.94,81.75,82.69
2024-12-18,1050,77.99,87.85,72.31,79.38
2024-12-19,1050,72.42,76.24,91.93,80.2
2024-12-20,1050,81.72,88.1,70.11,79.98
2024-12-21,1050,74.21,80.01,78.7,77.64
2024-12-22,1050,88.89,85.94,87.7,87.51
2024-12-23,1050,72.86,80.27,90.98,81.37
2024-12-24,1050,76.05,78.08,85.89,80.01
2024-12-25,1050,85.02,80.26,91.38,85.55
2024-12-26,1050,75.58,87.1,90.72,84.47
2024-12-27,1050,77.18,80.37,70.69,76.08
2024-12-28,1050,85.85,85.99,81.36,84.4
2024-12-29,1050,82.11,85.07,74.41,80.53
2024-12-30,1050,87.25,85.79,70.57,81.2
